Order_ID,Order_Date,Customer_ID,Region,Category,Product,Quantity,Unit_Price,Discount,Revenue,Cost,Profit,Profit_Margin,Year,Month,Month_Name,Year_Month
1,2024-04-12,C1459,West,Electronics,Monitor,5,217.62,0.1,979.29,657.21,322.08,0.32889133964402784,2024,4,Apr,2024-04
2,2024-03-28,C1386,South,Electronics,Headphones,6,94.0,0.0,564.0,454.16,109.84,0.1947517730496454,2024,3,Mar,2024-03
3,2024-07-10,C1511,Central,Office Supplies,Printer Paper,6,10.86,0.0,65.16,46.0,19.16,0.29404542664211175,2024,7,Jul,2024-07
4,2025-11-12,C1244,North,Accessories,Mouse,6,25.59,0.0,153.54,103.15,50.39,0.32818809430767226,2025,11,Nov,2025-11
5,2025-05-19,C1242,North,Office Supplies,Notebook,1,8.72,0.0,8.72,7.08,1.64,0.18807339449541283,2025,5,May,2025-05
6,2024-12-11,C1206,North,Office Supplies,Pen Set,4,9.99,0.0,39.96,23.51,16.45,0.4116616616616616,2024,12,Dec,2024-12
7,2024-03-21,C1402,South,Office Supplies,Printer Paper,6,12.11,0.1,65.39,45.37,20.02,0.30616302186878724,2024,3,Mar,2024-03
8,2025-12-30,C1252,East,Furniture,Table Lamp,6,53.09,0.1,286.69,228.36,58.33,0.2034601834734382,2025,12,Dec,2025-12
9,2025-12-02,C1380,South,Furniture,Desk,7,252.55,0.15,1502.67,1144.55,358.12,0.23832245270085914,2025,12,Dec,2025-12
10,2025-05-07,C1472,North,Accessories,Backpack,1,47.45,0.2,37.96,29.78,8.18,0.21548998946259218,2025,5,May,2025-05
11,2024-03-03,C1041,West,Office Supplies,Pen Set,3,9.15,0.1,24.7,18.28,6.42,0.25991902834008096,2024,3,Mar,2024-03
12,2024-01-28,C1099,Central,Office Supplies,Printer Paper,1,11.55,0.0,11.55,7.6,3.95,0.341991341991342,2024,1,Jan,2024-01
13,2025-11-14,C1218,West,Accessories,Backpack,3,46.92,0.0,140.76,107.34,33.42,0.23742540494458655,2025,11,Nov,2025-11
14,2025-05-17,C1575,West,Furniture,Office Chair,7,162.92,0.05,1083.42,690.99,392.43,0.3622140997950933,2025,5,May,2025-05
15,2024-08-28,C1036,South,Furniture,Desk,5,255.34,0.0,1276.7,971.99,304.71,0.238670008615963,2024,8,Aug,2024-08
16,2025-06-08,C1028,North,Electronics,Smartphone,4,509.58,0.15,1732.57,1492.08,240.49,0.13880535851365314,2025,6,Jun,2025-06
17,2025-09-11,C1385,North,Accessories,Mouse,2,24.28,0.0,48.56,38.73,9.83,0.2024299835255354,2025,9,Sep,2025-09
18,2025-01-11,C1318,West,Electronics,Laptop,1,606.41,0.05,576.09,429.45,146.64,0.25454356090194236,2025,1,Jan,2025-01
19,2025-11-07,C1113,West,Electronics,Monitor,7,207.63,0.0,1453.41,1037.65,415.76,0.2860583042637659,2025,11,Nov,2025-11
20,2025-05-11,C1113,South,Electronics,Headphones,2,83.67,0.1,150.61,137.13,13.48,0.08950268906447115,2025,5,May,2025-05
21,2024-01-02,C1416,East,Electronics,Laptop,1,673.49,0.1,606.14,476.44,129.7,0.21397696901705876,2024,1,Jan,2024-01
22,2024-09-03,C1198,West,Office Supplies,Pen Set,1,9.74,0.1,8.77,7.13,1.64,0.18700114025085518,2024,9,Sep,2024-09
23,2025-05-25,C1403,North,Accessories,USB Hub,3,27.24,0.0,81.72,58.99,22.73,0.2781448849730788,2025,5,May,2025-05
24,2024-12-11,C1338,East,Electronics,Monitor,7,228.4,0.0,1598.8,1075.7,523.1,0.3271828871653741,2024,12,Dec,2024-12
25,2025-10-02,C1144,West,Office Supplies,Printer Paper,7,12.47,0.1,78.56,55.42,23.14,0.2945519348268839,2025,10,Oct,2025-10
26,2024-12-11,C1160,Central,Furniture,Office Chair,2,196.76,0.0,314.82,280.97,33.85,0.1075217584651547,2024,12,Dec,2024-12
27,2024-01-09,C1587,South,Office Supplies,Stapler,3,14.71,0.15,37.51,35.0,2.51,0.06691548920287924,2024,1,Jan,2024-01
28,2025-09-16,C1338,North,Accessories,USB Hub,6,27.61,0.0,165.66,122.46,43.2,0.260775081492213,2025,9,Sep,2025-09
29,2025-12-06,C1504,West,Office Supplies,Notebook,4,7.58,0.1,27.29,19.95,7.34,0.268962990106266,2025,12,Dec,2025-12
30,2025-01-26,C1038,West,Office Supplies,Notebook,4,8.22,0.05,31.24,21.05,10.19,0.3261843790012804,2025,1,Jan,2025-01
31,2024-08-17,C1481,South,Accessories,Mouse,3,25.01,0.1,67.53,53.91,13.62,0.2016881386050644,2024,8,Aug,2024-08
32,2025-03-28,C1158,South,Furniture,Table Lamp,3,49.98,0.1,134.95,122.75,12.2,0.09040385327899222,2025,3,Mar,2025-03
33,2025-04-21,C1099,South,Accessories,USB Hub,1,28.98,0.2,23.18,20.65,2.53,0.10914581535806729,2025,4,Apr,2025-04
34,2025-11-30,C1566,Central,Electronics,Laptop,7,648.09,0.0,4536.63,3037.02,1499.61,0.33055594130444843,2025,11,Nov,2025-11
35,2025-07-23,C1386,Central,Electronics,Smartphone,7,445.45,0.2,2494.52,2196.42,298.1,0.11950194827060918,2025,7,Jul,2025-07
36,2024-04-13,C1408,West,Office Supplies,Stapler,7,15.93,0.05,105.93,86.36,19.57,0.1847446426885679,2024,4,Apr,2024-04
37,2025-06-08,C1471,North,Electronics,Monitor,5,201.12,0.0,1005.6,679.01,326.59,0.3247712808273667,2025,6,Jun,2025-06
38,2024-05-22,C1125,South,Electronics,Headphones,7,89.38,0.0,625.66,444.37,181.29,0.28975801553559444,2024,5,May,2024-05
39,2024-05-29,C1264,East,Electronics,Monitor,2,213.85,0.15,363.54,261.11,102.43,0.28175716564889697,2024,5,May,2024-05
40,2024-02-22,C1269,South,Accessories,Mouse,4,23.47,0.15,79.8,63.72,16.08,0.2015037593984962,2024,2,Feb,2024-02
41,2025-01-04,C1474,East,Electronics,Laptop,7,681.73,0.05,4533.5,3055.14,1478.36,0.32609683467519573,2025,1,Jan,2025-01
42,2024-04-26,C1096,North,Furniture,Table Lamp,5,59.57,0.0,297.85,204.37,93.48,0.31384925297968774,2024,4,Apr,2024-04
43,2025-09-29,C1581,North,Electronics,Laptop,5,652.17,0.1,2934.76,2405.55,529.21,0.18032479657621067,2025,9,Sep,2025-09
44,2024-09-03,C1047,North,Furniture,Bookshelf,5,135.57,0.0,677.85,408.09,269.76,0.3979641513609205,2024,9,Sep,2024-09
45,2024-04-03,C1254,Central,Office Supplies,Stapler,2,15.92,0.1,28.66,21.11,7.55,0.26343335659455686,2024,4,Apr,2024-04
46,2024-12-22,C1442,South,Office Supplies,Notebook,4,7.8,0.0,31.2,22.78,8.42,0.26987179487179486,2024,12,Dec,2024-12
47,2025-08-30,C1380,Central,Office Supplies,Stapler,7,16.1,0.15,95.8,82.58,13.22,0.13799582463465554,2025,8,Aug,2025-08
48,2025-06-28,C1556,East,Furniture,Office Chair,4,196.6,0.05,747.08,626.98,120.1,0.16075922257321837,2025,6,Jun,2025-06
49,2024-10-11,C1418,North,Electronics,Smartphone,5,497.57,0.0,2487.85,1485.46,1002.39,0.40291416283136045,2024,10,Oct,2024-10
50,2024-04-24,C1277,South,Electronics,Laptop,2,699.07,0.1,1258.33,1057.58,200.75,0.1595368464552224,2024,4,Apr,2024-04
51,2025-11-06,C1096,North,Office Supplies,Stapler,3,14.74,0.2,35.38,29.6,5.78,0.16336913510457884,2025,11,Nov,2025-11
52,2025-10-25,C1273,Central,Furniture,Table Lamp,1,57.64,0.1,51.88,36.73,15.15,0.2920200462606014,2025,10,Oct,2025-10
53,2024-03-02,C1076,East,Furniture,Office Chair,3,163.93,0.0,491.79,398.37,93.42,0.1899591288964802,2024,3,Mar,2024-03
54,2024-09-21,C1099,South,Accessories,USB Hub,4,30.79,0.1,110.84,84.69,26.15,0.23592565860700107,2024,9,Sep,2024-09
55,2025-01-30,C1042,South,Office Supplies,Stapler,5,15.87,0.1,71.41,47.76,23.65,0.3311861083881809,2025,1,Jan,2025-01
56,2024-07-04,C1588,North,Furniture,Office Chair,3,174.63,0.15,445.31,318.58,126.73,0.2845882643551683,2024,7,Jul,2024-07
57,2024-01-09,C1194,West,Office Supplies,Notebook,6,8.32,0.0,49.92,29.83,20.09,0.40244391025641024,2024,1,Jan,2024-01
58,2025-05-31,C1217,East,Electronics,Monitor,5,233.76,0.05,1110.36,943.62,166.74,0.15016751323894956,2025,5,May,2025-05
59,2024-10-27,C1531,West,Furniture,Bookshelf,3,141.64,0.1,382.43,289.72,92.71,0.24242345004314514,2024,10,Oct,2024-10
60,2024-02-08,C1361,East,Electronics,Smartphone,4,503.13,0.1,1811.27,1537.82,273.45,0.15097141784493753,2024,2,Feb,2024-02
61,2024-01-01,C1117,West,Electronics,Laptop,7,595.78,0.05,3961.94,2947.72,1014.22,0.2559907520053307,2024,1,Jan,2024-01
62,2024-05-13,C1229,West,Accessories,Backpack,5,40.89,0.05,194.23,163.95,30.28,0.15589764711939455,2024,5,May,2024-05
63,2025-11-06,C1373,East,Accessories,Keyboard,7,36.37,0.1,229.13,175.44,53.69,0.2343211277440754,2025,11,Nov,2025-11
64,2025-07-19,C1408,East,Accessories,Backpack,3,49.05,0.05,139.79,116.79,23.0,0.16453251305529723,2025,7,Jul,2025-07
65,2025-10-29,C1041,South,Electronics,Monitor,2,208.09,0.05,395.37,267.95,127.42,0.3222803955788249,2025,10,Oct,2025-10
66,2025-12-04,C1558,East,Electronics,Laptop,1,663.36,0.05,630.19,427.89,202.3,0.32101429727542485,2025,12,Dec,2025-12
67,2025-06-30,C1242,West,Accessories,USB Hub,5,29.51,0.1,132.8,118.61,14.19,0.1068524096385542,2025,6,Jun,2025-06
68,2024-09-07,C1282,North,Electronics,Laptop,6,713.35,0.15,3638.08,2636.97,1001.11,0.275175367226669,2024,9,Sep,2024-09
69,2024-03-03,C1405,South,Accessories,Backpack,5,40.83,0.0,204.15,124.97,79.18,0.38785206955669854,2024,3,Mar,2024-03
70,2025-06-01,C1458,West,Furniture,Office Chair,6,183.07,0.15,933.66,828.5,105.16,0.11263200736884947,2025,6,Jun,2025-06
71,2024-03-23,C1488,South,Furniture,Desk,1,265.52,0.2,212.42,168.57,43.85,0.20643065624705773,2024,3,Mar,2024-03
72,2024-02-03,C1268,South,Electronics,Smartphone,2,506.14,0.1,911.05,713.49,197.56,0.21684869107074256,2024,2,Feb,2024-02
73,2024-02-23,C1229,Central,Electronics,Headphones,1,89.64,0.1,80.68,61.04,19.64,0.24343083787803668,2024,2,Feb,2024-02
74,2025-07-31,C1335,West,Accessories,USB Hub,4,30.65,0.2,98.08,89.84,8.24,0.08401305057096248,2025,7,Jul,2025-07
75,2025-03-10,C1563,Central,Furniture,Desk,1,254.62,0.1,229.16,185.69,43.47,0.18969279106301273,2025,3,Mar,2025-03
76,2024-03-21,C1546,Central,Electronics,Monitor,1,209.36,0.05,198.89,144.5,54.39,0.27346774599024587,2024,3,Mar,2024-03
77,2024-02-22,C1095,South,Electronics,Headphones,3,83.32,0.0,249.96,152.66,97.3,0.3892622819651144,2024,2,Feb,2024-02
78,2025-01-08,C1061,West,Electronics,Monitor,1,218.85,0.15,186.02,162.0,24.02,0.12912590044081282,2025,1,Jan,2025-01
79,2025-09-25,C1233,South,Accessories,Keyboard,4,31.72,0.05,120.54,90.3,30.24,0.2508710801393728,2025,9,Sep,2025-09
80,2025-06-07,C1121,North,Furniture,Desk,2,236.04,0.1,424.87,364.38,60.49,0.1423729611410549,2025,6,Jun,2025-06
81,2024-08-01,C1253,North,Accessories,Mouse,5,26.84,0.0,134.2,80.56,53.64,0.3997019374068555,2024,8,Aug,2024-08
82,2025-11-22,C1365,North,Furniture,Desk,6,253.18,0.1,1367.17,1049.7,317.47,0.23220960085431952,2025,11,Nov,2025-11
83,2025-10-27,C1274,North,Electronics,Headphones,3,90.21,0.15,230.04,191.53,38.51,0.1674056685793775,2025,10,Oct,2025-10
84,2025-05-20,C1273,South,Furniture,Table Lamp,1,51.51,0.1,46.36,36.85,9.51,0.2051337359792925,2025,5,May,2025-05
85,2024-08-18,C1233,North,Furniture,Office Chair,1,179.06,0.05,170.11,119.12,50.99,0.29974722238551527,2024,8,Aug,2024-08
86,2024-04-18,C1554,East,Office Supplies,Printer Paper,2,12.21,0.1,21.98,17.47,4.51,0.2051865332120109,2024,4,Apr,2024-04
87,2025-02-28,C1377,South,Accessories,USB Hub,2,29.99,0.0,59.98,39.54,20.44,0.3407802600866956,2025,2,Feb,2025-02
88,2024-10-15,C1350,North,Electronics,Smartphone,7,513.68,0.05,3415.97,2161.39,1254.58,0.3672690333931504,2024,10,Oct,2024-10
89,2025-08-29,C1006,North,Accessories,Mouse,3,25.98,0.0,77.94,63.86,14.08,0.18065178342314603,2025,8,Aug,2025-08
90,2024-11-17,C1574,East,Accessories,Mouse,6,24.95,0.2,119.76,112.8,6.96,0.058116232464929855,2024,11,Nov,2024-11
91,2025-03-16,C1225,West,Furniture,Desk,3,244.66,0.15,623.88,596.23,27.65,0.044319420401359236,2025,3,Mar,2025-03
92,2025-06-15,C1259,South,Electronics,Smartphone,6,487.8,0.05,2780.46,1805.97,974.49,0.35047797846399514,2025,6,Jun,2025-06
93,2025-11-03,C1596,South,Furniture,Office Chair,7,169.26,0.1,1066.34,881.86,184.48,0.17300298216328752,2025,11,Nov,2025-11
94,2024-11-16,C1095,North,Electronics,Laptop,3,663.79,0.05,1891.8,1534.61,357.19,0.18880959932339572,2024,11,Nov,2024-11
95,2025-08-03,C1547,West,Accessories,Keyboard,5,38.07,0.1,171.32,118.68,52.64,0.3072612654681298,2025,8,Aug,2025-08
96,2025-05-27,C1291,West,Furniture,Table Lamp,5,58.25,0.0,291.25,183.02,108.23,0.3716051502145923,2025,5,May,2025-05
97,2025-12-25,C1402,North,Electronics,Smartphone,2,462.35,0.15,786.0,666.89,119.11,0.15153944020356233,2025,12,Dec,2025-12
98,2024-10-22,C1145,East,Office Supplies,Stapler,3,15.12,0.1,40.82,31.09,9.73,0.23836354728074474,2024,10,Oct,2024-10
99,2024-08-12,C1179,South,Furniture,Office Chair,3,177.54,0.1,479.36,351.46,127.9,0.26681408544726304,2024,8,Aug,2024-08
100,2025-07-07,C1550,North,Office Supplies,Notebook,1,8.63,0.1,7.77,6.64,1.13,0.14543114543114544,2025,7,Jul,2025-07
101,2025-03-16,C1118,South,Electronics,Headphones,1,91.26,0.0,91.26,69.63,21.63,0.23701512163050623,2025,3,Mar,2025-03
102,2024-06-07,C1130,South,Furniture,Table Lamp,7,51.15,0.1,322.24,227.37,94.87,0.2944078947368421,2024,6,Jun,2024-06
103,2025-02-14,C1550,West,Office Supplies,Stapler,2,14.54,0.0,29.08,18.13,10.95,0.3765474552957359,2025,2,Feb,2025-02
104,2024-05-13,C1460,East,Furniture,Desk,3,264.48,0.0,793.44,556.53,236.91,0.2985859044162129,2024,5,May,2024-05
105,2024-12-21,C1051,Central,Office Supplies,Notebook,7,8.12,0.0,56.84,41.24,15.6,0.27445460942997885,2024,12,Dec,2024-12
106,2024-01-29,C1420,North,Accessories,Mouse,7,23.68,0.0,165.76,102.73,63.03,0.38024855212355213,2024,1,Jan,2024-01
107,2024-06-30,C1309,West,Electronics,Smartphone,7,490.36,0.0,3432.52,2303.34,1129.18,0.32896530828662324,2024,6,Jun,2024-06
108,2024-05-16,C1386,North,Office Supplies,Printer Paper,1,11.79,0.0,11.79,9.28,2.51,0.21289228159457166,2024,5,May,2024-05
109,2024-07-28,C1025,East,Accessories,USB Hub,3,32.48,0.0,97.44,62.32,35.12,0.36042692939244664,2024,7,Jul,2024-07
110,2024-06-28,C1469,East,Accessories,Backpack,5,46.19,0.1,207.86,134.68,73.18,0.3520638891561628,2024,6,Jun,2024-06
111,2024-02-18,C1561,North,Accessories,Backpack,4,41.27,0.05,156.83,135.24,21.59,0.13766498756615442,2024,2,Feb,2024-02
112,2024-11-22,C1285,East,Electronics,Headphones,3,97.16,0.0,291.48,183.41,108.07,0.370763002607383,2024,11,Nov,2024-11
113,2024-10-31,C1194,North,Furniture,Table Lamp,3,58.03,0.0,174.09,119.91,54.18,0.3112183353437877,2024,10,Oct,2024-10
114,2025-05-16,C1458,East,Furniture,Desk,3,243.46,0.0,730.38,574.68,155.7,0.21317670253840465,2025,5,May,2025-05
115,2024-06-10,C1443,East,Electronics,Monitor,2,215.95,0.15,367.11,307.69,59.42,0.16185884339843642,2024,6,Jun,2024-06
116,2024-11-23,C1096,North,Office Supplies,Pen Set,3,9.48,0.1,25.6,17.17,8.43,0.329296875,2024,11,Nov,2024-11
117,2024-03-28,C1007,West,Accessories,Mouse,4,23.21,0.15,78.91,62.9,16.01,0.20288936763401347,2024,3,Mar,2024-03
118,2024-11-25,C1523,North,Electronics,Headphones,5,92.57,0.15,393.42,346.65,46.77,0.11888058563367394,2024,11,Nov,2024-11
119,2025-01-20,C1053,South,Electronics,Monitor,5,232.05,0.05,1102.24,773.96,328.28,0.2978298737117143,2025,1,Jan,2025-01
120,2025-05-14,C1115,Central,Office Supplies,Notebook,2,8.78,0.1,15.8,12.17,3.63,0.22974683544303795,2025,5,May,2025-05
121,2024-07-27,C1004,South,Furniture,Office Chair,1,167.02,0.0,167.02,130.34,36.68,0.2196144174350377,2024,7,Jul,2024-07
122,2025-10-27,C1356,East,Electronics,Headphones,5,97.46,0.0,487.3,296.41,190.89,0.3917299404884055,2025,10,Oct,2025-10
123,2024-02-10,C1027,South,Furniture,Office Chair,6,169.43,0.15,864.09,592.3,271.79,0.3145389947806363,2024,2,Feb,2024-02
124,2024-10-13,C1476,Central,Office Supplies,Stapler,5,14.03,0.1,63.13,56.08,7.05,0.11167432282591477,2024,10,Oct,2024-10
125,2025-12-02,C1029,East,Electronics,Monitor,6,201.64,0.1,1088.86,876.84,212.02,0.19471741087008435,2025,12,Dec,2025-12
126,2024-05-28,C1055,West,Furniture,Table Lamp,1,56.21,0.1,50.59,45.41,5.18,0.10239177703103379,2024,5,May,2024-05
127,2025-09-14,C1244,Central,Electronics,Monitor,1,221.75,0.0,221.75,137.24,84.51,0.3811048478015784,2025,9,Sep,2025-09
128,2025-05-05,C1296,West,Accessories,Mouse,2,24.87,0.1,44.77,32.96,11.81,0.26379271833817286,2025,5,May,2025-05
129,2024-01-17,C1108,East,Office Supplies,Stapler,2,13.73,0.05,26.09,16.44,9.65,0.36987351475661173,2024,1,Jan,2024-01
130,2024-06-20,C1017,Central,Electronics,Monitor,3,233.53,0.05,665.56,568.11,97.45,0.14641805396958954,2024,6,Jun,2024-06
131,2024-11-25,C1081,West,Furniture,Table Lamp,6,57.84,0.2,277.63,254.5,23.13,0.08331232215538667,2024,11,Nov,2024-11
132,2025-12-27,C1489,West,Office Supplies,Stapler,1,15.44,0.15,13.12,11.52,1.6,0.12195121951219513,2025,12,Dec,2025-12
133,2025-06-21,C1335,North,Office Supplies,Pen Set,1,10.14,0.0,10.14,8.11,2.03,0.2001972386587771,2025,6,Jun,2025-06
134,2025-09-20,C1372,West,Electronics,Monitor,2,233.0,0.05,442.7,353.61,89.09,0.2012423763270838,2025,9,Sep,2025-09
135,2025-02-05,C1131,East,Office Supplies,Printer Paper,7,12.15,0.05,80.8,59.15,21.65,0.26794554455445546,2025,2,Feb,2025-02
136,2024-06-19,C1397,South,Office Supplies,Stapler,7,15.12,0.05,100.55,81.47,19.08,0.1897563401292889,2024,6,Jun,2024-06
137,2025-12-22,C1251,East,Furniture,Table Lamp,6,54.58,0.05,311.11,267.77,43.34,0.13930764038442994,2025,12,Dec,2025-12
138,2024-05-20,C1318,South,Accessories,Mouse,7,22.76,0.0,159.32,95.79,63.53,0.39875721817725335,2024,5,May,2024-05
139,2024-09-01,C1340,East,Office Supplies,Stapler,7,13.78,0.05,91.64,63.73,27.91,0.304561326931471,2024,9,Sep,2024-09
140,2025-01-23,C1293,West,Electronics,Laptop,6,695.87,0.05,3966.46,3138.65,827.81,0.20870247021273375,2025,1,Jan,2025-01
141,2025-10-26,C1187,South,Accessories,Mouse,1,24.46,0.0,24.46,14.92,9.54,0.39002452984464425,2025,10,Oct,2025-10
142,2024-03-01,C1153,South,Office Supplies,Pen Set,7,9.93,0.15,59.08,50.55,8.53,0.1443805010155721,2024,3,Mar,2024-03
143,2025-12-11,C1330,Central,Electronics,Monitor,5,224.74,0.1,1011.33,790.01,221.32,0.21884053671897402,2025,12,Dec,2025-12
144,2024-04-16,C1047,North,Electronics,Laptop,2,630.52,0.1,1134.94,748.91,386.03,0.34013251801857364,2024,4,Apr,2024-04
145,2025-12-27,C1062,Central,Accessories,Keyboard,1,34.27,0.0,34.27,26.11,8.16,0.2381091333527867,2025,12,Dec,2025-12
146,2024-05-24,C1357,North,Accessories,Keyboard,5,35.26,0.0,176.3,127.34,48.96,0.2777084515031197,2024,5,May,2024-05
147,2025-09-01,C1170,East,Furniture,Bookshelf,4,127.24,0.05,483.51,399.29,84.22,0.17418460838452152,2025,9,Sep,2025-09
148,2025-06-04,C1251,South,Accessories,Mouse,3,23.76,0.05,67.72,41.43,26.29,0.3882161842882457,2025,6,Jun,2025-06
149,2024-06-24,C1301,East,Electronics,Monitor,5,241.62,0.15,1026.88,718.53,308.35,0.3002785135556248,2024,6,Jun,2024-06
150,2024-08-11,C1216,East,Accessories,Mouse,2,26.82,0.1,48.28,40.56,7.72,0.15990057995028997,2024,8,Aug,2024-08
151,2024-05-26,C1170,Central,Electronics,Headphones,3,87.01,0.0,261.03,166.35,94.68,0.3627169290886106,2024,5,May,2024-05
152,2024-12-21,C1535,West,Office Supplies,Pen Set,5,10.74,0.15,45.64,31.52,14.12,0.30937773882559155,2024,12,Dec,2024-12
153,2025-03-01,C1524,North,Electronics,Smartphone,7,510.52,0.0,3573.64,2786.41,787.23,0.2202879976718416,2025,3,Mar,2025-03
154,2024-10-21,C1448,North,Electronics,Headphones,1,83.09,0.1,74.78,55.7,19.08,0.25514843541053756,2024,10,Oct,2024-10
155,2024-12-30,C1572,West,Electronics,Smartphone,7,524.45,0.1,3304.04,2430.48,873.56,0.2643914722582051,2024,12,Dec,2024-12
156,2024-11-30,C1017,Central,Electronics,Monitor,4,200.98,0.1,723.53,524.34,199.19,0.27530302820892016,2024,11,Nov,2024-11
157,2025-06-07,C1285,North,Office Supplies,Notebook,6,7.27,0.1,39.26,34.42,4.84,0.12328069281711666,2025,6,Jun,2025-06
158,2025-12-16,C1079,West,Electronics,Laptop,4,587.88,0.0,2351.52,1546.52,805.0,0.3423317683881064,2025,12,Dec,2025-12
159,2025-04-03,C1039,West,Furniture,Desk,2,256.16,0.2,409.86,352.65,57.21,0.13958424827990046,2025,4,Apr,2025-04
160,2024-09-27,C1382,West,Office Supplies,Stapler,2,14.19,0.1,25.54,17.35,8.19,0.3206734534064213,2024,9,Sep,2024-09
161,2025-03-15,C1387,East,Accessories,USB Hub,5,29.39,0.1,132.26,94.9,37.36,0.2824739150158778,2025,3,Mar,2025-03
162,2025-05-21,C1524,East,Accessories,Mouse,2,22.66,0.0,45.32,33.37,11.95,0.26368049426301854,2025,5,May,2025-05
163,2024-09-27,C1027,East,Furniture,Table Lamp,6,50.5,0.0,303.0,186.91,116.09,0.38313531353135316,2024,9,Sep,2024-09
164,2025-11-16,C1558,East,Electronics,Laptop,4,704.71,0.0,2818.84,2052.1,766.74,0.27200550581090094,2025,11,Nov,2025-11
165,2025-06-10,C1501,East,Electronics,Laptop,6,640.94,0.1,3461.08,2415.55,1045.53,0.3020820090838698,2025,6,Jun,2025-06
166,2024-04-26,C1338,East,Furniture,Table Lamp,5,54.61,0.0,273.05,202.96,70.09,0.2566929133858268,2024,4,Apr,2024-04
167,2024-12-31,C1214,Central,Office Supplies,Pen Set,5,10.91,0.1,49.1,43.52,5.58,0.11364562118126273,2024,12,Dec,2024-12
168,2025-11-21,C1242,North,Electronics,Laptop,6,649.86,0.0,3899.16,2839.98,1059.18,0.27164312313421357,2025,11,Nov,2025-11
169,2024-01-02,C1166,East,Accessories,Keyboard,1,34.0,0.15,28.9,22.35,6.55,0.22664359861591696,2024,1,Jan,2024-01
170,2024-03-30,C1009,West,Accessories,Keyboard,2,32.23,0.0,64.46,47.23,17.23,0.2672975488675148,2024,3,Mar,2024-03
171,2024-03-13,C1318,North,Furniture,Desk,4,271.13,0.15,921.84,837.7,84.14,0.09127397379154734,2024,3,Mar,2024-03
172,2024-04-20,C1127,West,Electronics,Monitor,4,232.49,0.1,836.96,646.71,190.25,0.22731074364366277,2024,4,Apr,2024-04
173,2025-11-30,C1122,West,Electronics,Smartphone,4,447.32,0.0,1789.28,1412.15,377.13,0.21077193060896002,2025,11,Nov,2025-11
174,2024-05-26,C1594,Central,Electronics,Monitor,5,226.98,0.1,1021.41,793.94,227.47,0.222701951224288,2024,5,May,2024-05
175,2025-12-23,C1093,South,Accessories,Backpack,3,42.3,0.1,114.21,94.32,19.89,0.17415287628053586,2025,12,Dec,2025-12
176,2024-07-25,C1516,South,Furniture,Desk,5,272.62,0.1,1226.79,929.8,296.99,0.24208707276714028,2024,7,Jul,2024-07
177,2024-12-29,C1512,West,Furniture,Desk,1,264.58,0.05,251.35,155.32,96.03,0.38205689277899346,2024,12,Dec,2024-12
178,2025-07-31,C1237,East,Office Supplies,Pen Set,2,9.57,0.2,15.31,12.75,2.56,0.16721097322011758,2025,7,Jul,2025-07
179,2025-06-13,C1526,West,Office Supplies,Pen Set,2,10.82,0.1,19.48,13.48,6.0,0.3080082135523614,2025,6,Jun,2025-06
180,2024-11-29,C1014,East,Furniture,Desk,5,239.06,0.05,1135.53,809.46,326.07,0.2871522548941904,2024,11,Nov,2024-11
181,2025-05-18,C1163,East,Office Supplies,Pen Set,6,9.62,0.1,51.95,39.01,12.94,0.24908565928777668,2025,5,May,2025-05
182,2024-08-16,C1270,North,Office Supplies,Stapler,4,14.86,0.2,47.55,37.84,9.71,0.20420609884332286,2024,8,Aug,2024-08
183,2025-08-14,C1513,East,Electronics,Smartphone,1,455.88,0.05,433.09,331.93,101.16,0.23357731649310767,2025,8,Aug,2025-08
184,2024-11-08,C1497,North,Electronics,Laptop,3,671.29,0.1,1812.48,1397.45,415.03,0.22898459569209037,2024,11,Nov,2024-11
185,2025-09-23,C1511,West,Office Supplies,Pen Set,6,9.22,0.0,55.32,35.67,19.65,0.35520607375271146,2025,9,Sep,2025-09
186,2024-10-19,C1206,Central,Electronics,Headphones,3,97.81,0.05,278.76,192.45,86.31,0.3096211795092553,2024,10,Oct,2024-10
187,2024-01-12,C1185,North,Accessories,USB Hub,3,32.71,0.0,98.13,71.97,26.16,0.2665851421583614,2024,1,Jan,2024-01
188,2024-02-08,C1308,East,Furniture,Desk,7,241.26,0.1,1519.94,991.66,528.28,0.3475663513033409,2024,2,Feb,2024-02
189,2024-12-01,C1358,Central,Office Supplies,Stapler,2,15.69,0.0,31.38,19.38,12.0,0.3824091778202677,2024,12,Dec,2024-12
190,2025-05-31,C1145,Central,Electronics,Laptop,7,633.66,0.2,3548.5,2591.31,957.19,0.26974496266027903,2025,5,May,2025-05
191,2025-06-21,C1147,Central,Furniture,Table Lamp,3,57.08,0.15,145.55,127.12,18.43,0.1266231535554792,2025,6,Jun,2025-06
192,2024-10-13,C1575,West,Furniture,Office Chair,1,185.68,0.0,185.68,152.23,33.45,0.18014864282636794,2024,10,Oct,2024-10
193,2025-08-07,C1381,Central,Accessories,Backpack,1,43.1,0.0,43.1,26.13,16.97,0.39373549883990716,2025,8,Aug,2025-08
194,2024-04-11,C1331,South,Office Supplies,Printer Paper,2,12.71,0.1,22.88,17.4,5.48,0.23951048951048953,2024,4,Apr,2024-04
195,2025-10-02,C1473,North,Furniture,Office Chair,5,175.19,0.05,832.15,591.34,240.81,0.28938292375172747,2025,10,Oct,2025-10
196,2025-02-20,C1003,South,Furniture,Table Lamp,6,56.14,0.0,336.84,249.39,87.45,0.25961881011756327,2025,2,Feb,2025-02
197,2024-03-25,C1304,Central,Furniture,Desk,4,251.74,0.0,1006.96,675.92,331.04,0.32875188686740286,2024,3,Mar,2024-03
198,2024-10-19,C1021,South,Furniture,Bookshelf,7,146.11,0.15,869.35,827.75,41.6,0.047851843331224476,2024,10,Oct,2024-10
199,2025-02-10,C1324,East,Accessories,Backpack,4,46.39,0.2,148.45,124.55,23.9,0.160996968676322,2025,2,Feb,2025-02
200,2024-05-20,C1156,South,Electronics,Laptop,4,622.03,0.0,2488.12,1626.61,861.51,0.3462493770396926,2024,5,May,2024-05
201,2024-10-17,C1350,East,Electronics,Smartphone,2,525.77,0.05,998.96,817.64,181.32,0.18150876911988467,2024,10,Oct,2024-10
202,2025-04-03,C1445,North,Accessories,Mouse,5,23.98,0.0,119.9,92.37,27.53,0.22960800667222686,2025,4,Apr,2025-04
203,2024-10-24,C1559,Central,Furniture,Desk,7,253.42,0.15,1507.85,1253.04,254.81,0.16898895778757836,2024,10,Oct,2024-10
204,2024-05-20,C1378,West,Accessories,Keyboard,4,32.98,0.0,131.92,95.86,36.06,0.2733474833232262,2024,5,May,2024-05
205,2025-09-24,C1531,West,Accessories,USB Hub,1,31.68,0.0,31.68,20.46,11.22,0.3541666666666667,2025,9,Sep,2025-09
206,2025-09-03,C1561,East,Office Supplies,Printer Paper,3,11.88,0.1,32.08,25.69,6.39,0.19918952618453867,2025,9,Sep,2025-09
207,2025-04-27,C1455,Central,Furniture,Office Chair,1,173.24,0.0,173.24,110.05,63.19,0.3647540983606557,2025,4,Apr,2025-04
208,2024-06-08,C1263,West,Electronics,Laptop,5,603.43,0.0,3017.15,1948.75,1068.4,0.3541090101585934,2024,6,Jun,2024-06
209,2025-08-19,C1302,West,Furniture,Office Chair,7,162.57,0.1,1024.19,753.19,271.0,0.2645993419189799,2025,8,Aug,2025-08
210,2025-06-14,C1073,West,Electronics,Monitor,7,209.66,0.1,1320.86,1078.51,242.35,0.18347894553548447,2025,6,Jun,2025-06
211,2025-10-09,C1428,South,Furniture,Bookshelf,4,149.29,0.05,567.3,442.32,124.98,0.22030671602326812,2025,10,Oct,2025-10
212,2025-06-22,C1342,West,Electronics,Monitor,2,208.16,0.1,374.69,287.11,87.58,0.23373989164375883,2025,6,Jun,2025-06
213,2024-05-09,C1442,Central,Office Supplies,Notebook,3,7.94,0.1,21.44,14.16,7.28,0.33955223880597013,2024,5,May,2024-05
214,2025-07-01,C1055,Central,Office Supplies,Pen Set,1,9.82,0.0,9.82,6.69,3.13,0.3187372708757637,2025,7,Jul,2025-07
215,2024-01-12,C1104,South,Office Supplies,Stapler,3,14.2,0.15,36.21,28.79,7.42,0.20491576912455123,2024,1,Jan,2024-01
216,2025-09-21,C1456,Central,Accessories,USB Hub,1,30.13,0.15,25.61,21.98,3.63,0.14174150722374074,2025,9,Sep,2025-09
217,2024-06-09,C1578,West,Furniture,Table Lamp,2,50.79,0.0,101.58,64.46,37.12,0.3654262650127978,2024,6,Jun,2024-06
218,2024-12-26,C1196,North,Accessories,Backpack,1,44.07,0.05,41.87,30.29,11.58,0.2765703367566277,2024,12,Dec,2024-12
219,2025-04-10,C1239,East,Accessories,Mouse,7,26.76,0.2,149.86,118.02,31.84,0.21246496730281594,2025,4,Apr,2025-04
220,2025-07-14,C1007,North,Accessories,Mouse,6,26.84,0.15,136.88,124.55,12.33,0.09007890122735243,2025,7,Jul,2025-07
221,2025-06-09,C1266,North,Furniture,Desk,3,252.0,0.1,680.4,615.49,64.91,0.09539976484420928,2025,6,Jun,2025-06
222,2025-06-20,C1238,East,Furniture,Office Chair,4,167.01,0.1,601.24,531.48,69.76,0.11602687778590913,2025,6,Jun,2025-06
223,2025-01-15,C1537,South,Accessories,Keyboard,1,32.35,0.1,29.12,22.48,6.64,0.22802197802197802,2025,1,Jan,2025-01
224,2024-03-19,C1447,Central,Furniture,Table Lamp,4,55.07,0.05,209.27,151.0,58.27,0.27844411525780094,2024,3,Mar,2024-03
225,2025-01-24,C1345,North,Electronics,Smartphone,4,469.1,0.05,1782.58,1342.5,440.08,0.24687812047706134,2025,1,Jan,2025-01
226,2025-10-03,C1329,East,Office Supplies,Pen Set,7,9.48,0.2,53.09,40.75,12.34,0.2324354869090224,2025,10,Oct,2025-10
227,2024-06-04,C1101,South,Electronics,Monitor,4,225.86,0.1,813.1,573.63,239.47,0.2945148198253597,2024,6,Jun,2024-06
228,2024-12-24,C1574,South,Electronics,Monitor,4,229.87,0.15,781.56,708.09,73.47,0.09400429909411946,2024,12,Dec,2024-12
229,2025-04-27,C1386,South,Furniture,Desk,7,274.0,0.1,1726.2,1117.52,608.68,0.35261267524041245,2025,4,Apr,2025-04
230,2025-07-27,C1065,East,Electronics,Headphones,5,83.47,0.1,375.62,295.68,79.94,0.2128214685054044,2025,7,Jul,2025-07
231,2024-01-13,C1497,North,Electronics,Laptop,5,709.74,0.15,3016.4,2473.75,542.65,0.17989988065243334,2024,1,Jan,2024-01
232,2025-11-30,C1594,West,Furniture,Table Lamp,7,50.9,0.0,356.3,280.59,75.71,0.21248947516138084,2025,11,Nov,2025-11
233,2024-08-14,C1017,South,Furniture,Desk,2,280.39,0.1,504.7,453.83,50.87,0.10079255002972062,2024,8,Aug,2024-08
234,2024-04-29,C1232,South,Office Supplies,Stapler,5,16.29,0.0,81.45,52.19,29.26,0.3592387968078576,2024,4,Apr,2024-04
235,2024-10-10,C1173,West,Office Supplies,Pen Set,6,10.23,0.1,55.24,36.58,18.66,0.33779869659666906,2024,10,Oct,2024-10
236,2025-04-11,C1385,North,Accessories,Mouse,5,22.69,0.0,113.45,86.12,27.33,0.2408990744821507,2025,4,Apr,2025-04
237,2025-09-12,C1228,West,Electronics,Laptop,5,635.39,0.05,3018.1,2194.85,823.25,0.2727709486100527,2025,9,Sep,2025-09
238,2025-10-12,C1352,Central,Accessories,Mouse,4,24.56,0.05,93.33,69.94,23.39,0.25061609343190827,2025,10,Oct,2025-10
239,2025-06-03,C1329,South,Electronics,Monitor,4,232.43,0.15,790.26,590.08,200.18,0.2533090375319515,2025,6,Jun,2025-06
240,2025-04-07,C1190,North,Electronics,Smartphone,4,493.81,0.1,1777.72,1397.03,380.69,0.21414508471525323,2025,4,Apr,2025-04
241,2025-01-04,C1288,South,Electronics,Headphones,2,91.48,0.1,164.66,138.96,25.7,0.15607919348961496,2025,1,Jan,2025-01
242,2024-10-14,C1124,West,Electronics,Headphones,1,85.04,0.15,72.28,56.92,15.36,0.21250691754288875,2024,10,Oct,2024-10
243,2025-09-17,C1122,Central,Electronics,Laptop,4,700.3,0.0,2801.2,2058.87,742.33,0.2650042838783379,2025,9,Sep,2025-09
244,2025-06-27,C1302,South,Accessories,USB Hub,1,30.82,0.1,27.74,19.51,8.23,0.2966834895457823,2025,6,Jun,2025-06
245,2024-12-25,C1466,East,Electronics,Monitor,3,231.14,0.05,658.75,447.01,211.74,0.321426944971537,2024,12,Dec,2024-12
246,2025-06-24,C1278,West,Electronics,Smartphone,7,446.46,0.05,2968.96,2069.43,899.53,0.30297814723000643,2025,6,Jun,2025-06
247,2025-11-13,C1108,West,Office Supplies,Pen Set,7,9.3,0.0,65.1,39.22,25.88,0.39754224270353306,2025,11,Nov,2025-11
248,2025-01-01,C1515,Central,Furniture,Table Lamp,2,58.43,0.1,105.17,88.58,16.59,0.15774460397451745,2025,1,Jan,2025-01
249,2025-03-24,C1302,South,Electronics,Monitor,2,211.68,0.1,381.02,320.98,60.04,0.1575770300771613,2025,3,Mar,2025-03
250,2024-08-18,C1314,West,Office Supplies,Stapler,5,15.07,0.1,67.82,59.04,8.78,0.1294603361840165,2024,8,Aug,2024-08
251,2025-07-19,C1070,West,Electronics,Laptop,2,673.19,0.1,1211.74,1025.27,186.47,0.1538861471932923,2025,7,Jul,2025-07
252,2024-07-29,C1469,Central,Furniture,Office Chair,4,193.9,0.1,698.04,560.24,137.8,0.1974098905506848,2024,7,Jul,2024-07
253,2025-02-08,C1221,North,Electronics,Monitor,1,215.7,0.05,204.92,170.36,34.56,0.1686511809486629,2025,2,Feb,2025-02
254,2025-06-09,C1594,West,Electronics,Smartphone,7,437.07,0.1,2753.54,2131.8,621.74,0.22579661090814007,2025,6,Jun,2025-06
255,2024-06-07,C1314,North,Electronics,Headphones,6,93.52,0.0,561.12,425.9,135.22,0.24098232107214143,2024,6,Jun,2024-06
256,2024-04-26,C1146,West,Furniture,Table Lamp,5,53.11,0.0,265.55,181.68,83.87,0.31583505931086425,2024,4,Apr,2024-04
257,2025-09-19,C1198,North,Accessories,Mouse,3,24.0,0.1,64.8,44.76,20.04,0.30925925925925923,2025,9,Sep,2025-09
258,2024-09-16,C1400,East,Electronics,Headphones,6,94.45,0.2,453.36,429.33,24.03,0.05300423504499736,2024,9,Sep,2024-09
259,2025-05-19,C1563,East,Accessories,Mouse,5,25.43,0.1,114.44,91.64,22.8,0.19923103809856693,2025,5,May,2025-05
260,2025-03-01,C1261,Central,Electronics,Laptop,5,647.52,0.05,3075.72,2215.95,859.77,0.27953454800827127,2025,3,Mar,2025-03
261,2024-12-21,C1182,North,Electronics,Headphones,7,88.86,0.05,590.92,469.68,121.24,0.2051715968320585,2024,12,Dec,2024-12
262,2025-11-16,C1414,West,Electronics,Headphones,4,98.22,0.1,353.59,234.37,119.22,0.33717016883961654,2025,11,Nov,2025-11
263,2024-12-07,C1205,South,Electronics,Monitor,6,209.97,0.0,1259.82,960.3,299.52,0.23774824974996428,2024,12,Dec,2024-12
264,2025-08-04,C1196,North,Furniture,Table Lamp,3,59.47,0.0,178.41,109.44,68.97,0.3865814696485623,2025,8,Aug,2025-08
265,2025-11-20,C1199,East,Furniture,Bookshelf,7,144.59,0.0,1012.13,821.05,191.08,0.18878997757205104,2025,11,Nov,2025-11
266,2025-03-01,C1599,West,Office Supplies,Printer Paper,1,13.15,0.05,12.49,8.08,4.41,0.3530824659727782,2025,3,Mar,2025-03
267,2025-12-30,C1161,North,Electronics,Headphones,1,98.41,0.15,83.65,61.4,22.25,0.2659892408846384,2025,12,Dec,2025-12
268,2024-06-26,C1573,West,Furniture,Office Chair,7,181.62,0.1,1144.21,1036.55,107.66,0.09409111963712954,2024,6,Jun,2024-06
269,2024-12-19,C1577,East,Furniture,Bookshelf,6,143.16,0.1,773.06,544.82,228.24,0.2952422839106926,2024,12,Dec,2024-12
270,2025-05-31,C1086,Central,Accessories,Keyboard,2,34.38,0.05,65.32,50.62,14.7,0.2250459277403552,2025,5,May,2025-05
271,2025-08-10,C1032,North,Furniture,Table Lamp,3,50.07,0.05,142.7,115.47,27.23,0.1908199018920813,2025,8,Aug,2025-08
272,2025-01-25,C1079,Central,Furniture,Table Lamp,6,49.7,0.1,268.38,181.99,86.39,0.3218943289365825,2025,1,Jan,2025-01
273,2025-12-26,C1066,North,Electronics,Laptop,1,682.59,0.1,614.33,487.31,127.02,0.20676183810004392,2025,12,Dec,2025-12
274,2024-09-10,C1379,South,Electronics,Smartphone,4,467.71,0.1,1683.76,1287.9,395.86,0.23510476552477788,2024,9,Sep,2024-09
275,2024-06-26,C1164,North,Furniture,Bookshelf,4,134.04,0.1,482.54,413.0,69.54,0.14411240518920712,2024,6,Jun,2024-06
276,2025-04-29,C1468,West,Office Supplies,Pen Set,7,10.07,0.15,59.92,43.56,16.36,0.27303070761014686,2025,4,Apr,2025-04
277,2025-03-29,C1220,West,Electronics,Headphones,5,85.98,0.15,365.42,350.82,14.6,0.03995402550489847,2025,3,Mar,2025-03
278,2024-05-08,C1366,North,Furniture,Table Lamp,4,52.94,0.15,180.0,163.41,16.59,0.09216666666666666,2024,5,May,2024-05
279,2025-06-27,C1269,North,Office Supplies,Pen Set,1,10.97,0.05,10.42,8.12,2.3,0.22072936660268713,2025,6,Jun,2025-06
280,2024-06-10,C1353,North,Accessories,Mouse,3,22.56,0.0,67.68,48.35,19.33,0.2856087470449172,2024,6,Jun,2024-06
281,2024-07-14,C1372,West,Accessories,Keyboard,6,32.81,0.1,177.17,154.72,22.45,0.12671445504317888,2024,7,Jul,2024-07
282,2025-04-30,C1226,East,Office Supplies,Stapler,1,15.96,0.05,15.16,11.02,4.14,0.2730870712401055,2025,4,Apr,2025-04
283,2024-05-10,C1546,Central,Furniture,Table Lamp,5,50.46,0.0,252.3,189.88,62.42,0.24740388426476417,2024,5,May,2024-05
284,2024-02-10,C1289,West,Electronics,Headphones,1,91.39,0.05,86.82,69.19,17.63,0.20306381018198572,2024,2,Feb,2024-02
285,2025-12-24,C1001,West,Electronics,Headphones,4,84.01,0.1,302.44,247.75,54.69,0.18082925538949873,2025,12,Dec,2025-12
286,2025-10-01,C1302,West,Office Supplies,Notebook,7,7.54,0.05,50.14,31.03,19.11,0.38113282808137217,2025,10,Oct,2025-10
287,2025-10-15,C1251,Central,Electronics,Laptop,3,701.85,0.0,2105.55,1550.07,555.48,0.2638170549262663,2025,10,Oct,2025-10
288,2024-08-06,C1547,East,Electronics,Monitor,6,236.04,0.05,1345.43,1007.22,338.21,0.2513768832269237,2024,8,Aug,2024-08
289,2025-10-20,C1083,Central,Electronics,Monitor,1,230.56,0.0,230.56,184.53,46.03,0.1996443442054129,2025,10,Oct,2025-10
290,2025-09-13,C1375,Central,Office Supplies,Notebook,4,8.74,0.0,34.96,26.37,8.59,0.24570938215102975,2025,9,Sep,2025-09
291,2025-09-24,C1265,South,Accessories,Keyboard,6,31.98,0.0,191.88,123.42,68.46,0.35678549093183237,2025,9,Sep,2025-09
292,2024-11-15,C1041,East,Electronics,Smartphone,3,453.73,0.0,1361.19,1028.05,333.14,0.24474173333627192,2024,11,Nov,2024-11
293,2025-12-08,C1255,North,Accessories,Keyboard,1,33.88,0.05,32.19,27.69,4.5,0.13979496738117428,2025,12,Dec,2025-12
294,2025-11-25,C1469,East,Accessories,USB Hub,6,28.61,0.05,163.08,132.07,31.01,0.19015207260240372,2025,11,Nov,2025-11
295,2025-10-22,C1324,North,Accessories,Mouse,4,22.97,0.0,91.88,73.35,18.53,0.20167609925990423,2025,10,Oct,2025-10
296,2024-02-04,C1174,West,Accessories,Backpack,5,41.24,0.1,185.58,164.66,20.92,0.11272766461903222,2024,2,Feb,2024-02
297,2025-07-12,C1505,North,Furniture,Table Lamp,5,59.93,0.0,299.65,205.82,93.83,0.3131319873185383,2025,7,Jul,2025-07
298,2025-10-30,C1492,West,Office Supplies,Stapler,4,15.86,0.0,63.44,51.58,11.86,0.1869482976040353,2025,10,Oct,2025-10
299,2024-07-12,C1573,South,Furniture,Office Chair,1,176.65,0.0,176.65,140.25,36.4,0.20605717520520803,2024,7,Jul,2024-07
300,2024-09-18,C1424,North,Electronics,Monitor,2,212.58,0.2,340.13,295.78,44.35,0.1303913209655132,2024,9,Sep,2024-09
301,2024-05-21,C1190,West,Electronics,Monitor,1,198.24,0.05,188.33,115.34,72.99,0.38756438167047197,2024,5,May,2024-05
302,2024-05-15,C1363,North,Electronics,Smartphone,7,486.92,0.15,2897.17,2396.27,500.9,0.17289285751267616,2024,5,May,2024-05
303,2025-01-16,C1183,South,Accessories,Backpack,1,45.28,0.15,38.49,35.82,2.67,0.06936866718628215,2025,1,Jan,2025-01
304,2024-02-10,C1168,North,Office Supplies,Printer Paper,3,13.03,0.05,37.14,24.22,12.92,0.34787291330102316,2024,2,Feb,2024-02
305,2025-09-11,C1103,West,Accessories,Backpack,5,46.57,0.0,232.85,151.64,81.21,0.3487652995490659,2025,9,Sep,2025-09
306,2024-09-06,C1324,West,Accessories,Keyboard,7,37.31,0.1,235.05,154.02,81.03,0.34473516273133376,2024,9,Sep,2024-09
307,2025-11-03,C1378,East,Furniture,Bookshelf,7,147.03,0.05,977.75,614.48,363.27,0.37153669138327794,2025,11,Nov,2025-11
308,2025-10-16,C1210,West,Furniture,Office Chair,1,193.97,0.1,174.57,140.37,34.2,0.19590995016325832,2025,10,Oct,2025-10
309,2025-07-16,C1387,Central,Office Supplies,Stapler,3,13.86,0.1,37.42,33.12,4.3,0.11491181186531266,2025,7,Jul,2025-07
310,2024-12-15,C1357,North,Electronics,Smartphone,4,478.66,0.05,1818.91,1375.72,443.19,0.24365691540538012,2024,12,Dec,2024-12
311,2024-07-31,C1107,West,Electronics,Laptop,7,593.76,0.15,3532.87,2797.1,735.77,0.20826410255684472,2024,7,Jul,2024-07
312,2025-10-19,C1451,East,Electronics,Laptop,5,661.74,0.15,2812.4,2098.73,713.67,0.2537583558526525,2025,10,Oct,2025-10
313,2024-07-13,C1118,Central,Accessories,Mouse,7,25.41,0.05,168.98,119.01,49.97,0.2957154692863061,2024,7,Jul,2024-07
314,2025-09-03,C1193,South,Furniture,Desk,4,241.41,0.05,917.36,766.35,151.01,0.16461367402110402,2025,9,Sep,2025-09
315,2025-07-12,C1126,North,Electronics,Monitor,2,212.99,0.1,383.38,254.4,128.98,0.33642860869111585,2025,7,Jul,2025-07
316,2025-01-29,C1031,South,Office Supplies,Notebook,2,8.13,0.15,13.82,11.61,2.21,0.15991316931982633,2025,1,Jan,2025-01
317,2025-01-22,C1430,North,Accessories,Keyboard,3,32.45,0.1,87.62,58.78,28.84,0.32914859621091075,2025,1,Jan,2025-01
318,2024-12-28,C1485,South,Electronics,Smartphone,6,476.02,0.1,2570.51,1854.82,715.69,0.2784233478959428,2024,12,Dec,2024-12
319,2024-05-01,C1369,North,Accessories,Backpack,3,45.93,0.15,117.12,107.26,9.86,0.08418715846994534,2024,5,May,2024-05
320,2024-03-17,C1489,West,Electronics,Laptop,5,685.56,0.2,2742.24,2794.43,-52.19,-0.019031886341093412,2024,3,Mar,2024-03
321,2024-10-31,C1109,East,Electronics,Laptop,3,631.3,0.15,1609.81,1474.28,135.53,0.08419005969648592,2024,10,Oct,2024-10
322,2025-07-16,C1385,North,Furniture,Bookshelf,4,149.26,0.0,597.04,424.35,172.69,0.2892436017687257,2025,7,Jul,2025-07
323,2025-08-26,C1099,East,Accessories,Backpack,7,42.37,0.15,252.1,227.71,24.39,0.09674732249107497,2025,8,Aug,2025-08
324,2024-04-13,C1164,South,Office Supplies,Pen Set,5,9.3,0.1,41.85,36.48,5.37,0.12831541218637993,2024,4,Apr,2024-04
325,2025-10-20,C1395,North,Office Supplies,Printer Paper,3,11.9,0.05,33.92,21.03,12.89,0.3800117924528302,2025,10,Oct,2025-10
326,2025-05-01,C1147,North,Office Supplies,Stapler,1,16.33,0.15,13.88,10.05,3.83,0.27593659942363113,2025,5,May,2025-05
327,2025-10-27,C1417,Central,Furniture,Table Lamp,6,53.63,0.1,289.6,208.7,80.9,0.27935082872928174,2025,10,Oct,2025-10
328,2024-08-03,C1082,East,Office Supplies,Stapler,1,15.68,0.05,14.9,12.46,2.44,0.16375838926174496,2024,8,Aug,2024-08
329,2025-08-26,C1116,West,Office Supplies,Stapler,7,14.1,0.2,78.96,59.83,19.13,0.242274569402229,2025,8,Aug,2025-08
330,2024-12-02,C1494,West,Accessories,Mouse,7,24.74,0.15,147.2,121.66,25.54,0.17350543478260871,2024,12,Dec,2024-12
331,2025-12-01,C1320,Central,Electronics,Monitor,6,229.8,0.1,1240.92,1028.87,212.05,0.17088128162975857,2025,12,Dec,2025-12
332,2024-05-05,C1019,West,Accessories,Backpack,3,49.12,0.0,147.36,85.78,61.58,0.41788816503800214,2024,5,May,2024-05
333,2025-01-04,C1001,West,Accessories,Mouse,6,26.19,0.0,157.14,122.6,34.54,0.21980399643629886,2025,1,Jan,2025-01
334,2025-07-02,C1104,North,Accessories,USB Hub,1,32.08,0.1,28.87,23.33,5.54,0.19189470038101836,2025,7,Jul,2025-07
335,2025-06-18,C1188,East,Electronics,Monitor,4,200.9,0.05,763.42,533.36,230.06,0.30135443137460377,2025,6,Jun,2025-06
336,2025-11-15,C1162,West,Electronics,Headphones,3,93.27,0.15,237.84,169.87,67.97,0.28578035654221323,2025,11,Nov,2025-11
337,2025-01-14,C1295,West,Electronics,Smartphone,2,460.35,0.05,874.66,585.36,289.3,0.33075709418516913,2025,1,Jan,2025-01
338,2025-03-26,C1321,West,Accessories,Keyboard,7,33.75,0.15,200.81,164.04,36.77,0.1831084109357104,2025,3,Mar,2025-03
339,2024-08-20,C1183,North,Electronics,Headphones,5,94.67,0.05,449.68,295.88,153.8,0.34202099270592423,2024,8,Aug,2024-08
340,2024-01-23,C1412,Central,Furniture,Table Lamp,6,57.01,0.0,342.06,218.26,123.8,0.36192480851312636,2024,1,Jan,2024-01
341,2024-02-22,C1290,West,Furniture,Bookshelf,4,147.71,0.0,590.84,381.17,209.67,0.35486764606323196,2024,2,Feb,2024-02
342,2024-12-19,C1096,West,Electronics,Laptop,7,609.58,0.0,4267.06,3276.78,990.28,0.23207548054163754,2024,12,Dec,2024-12
343,2025-12-26,C1577,West,Electronics,Smartphone,1,522.28,0.05,496.17,313.29,182.88,0.3685833484491202,2025,12,Dec,2025-12
344,2025-09-10,C1177,South,Accessories,USB Hub,4,32.35,0.1,116.46,88.52,27.94,0.23991069895243003,2025,9,Sep,2025-09
345,2024-07-16,C1175,South,Accessories,Backpack,1,44.94,0.1,40.45,30.25,10.2,0.2521631644004944,2024,7,Jul,2024-07
346,2024-01-23,C1533,South,Accessories,Backpack,1,41.67,0.0,41.67,30.93,10.74,0.257739380849532,2024,1,Jan,2024-01
347,2025-12-23,C1303,West,Electronics,Laptop,6,650.05,0.2,3120.24,2667.24,453.0,0.14518113991231446,2025,12,Dec,2025-12
348,2025-05-10,C1397,North,Furniture,Table Lamp,1,57.94,0.0,57.94,39.4,18.54,0.319986192613048,2025,5,May,2025-05
349,2024-04-09,C1173,Central,Electronics,Laptop,6,699.42,0.05,3986.69,2651.27,1335.42,0.3349696113818732,2024,4,Apr,2024-04
350,2024-06-10,C1540,South,Accessories,USB Hub,2,32.85,0.1,59.13,38.93,20.2,0.3416201589717571,2024,6,Jun,2024-06
351,2025-05-02,C1054,East,Furniture,Office Chair,4,186.01,0.0,744.04,578.56,165.48,0.2224073974517499,2025,5,May,2025-05
352,2025-10-11,C1398,East,Electronics,Smartphone,6,519.46,0.0,3116.76,2434.76,682.0,0.21881697660390917,2025,10,Oct,2025-10
353,2024-05-17,C1409,North,Office Supplies,Printer Paper,1,11.44,0.15,9.72,8.63,1.09,0.11213991769547325,2024,5,May,2024-05
354,2025-01-12,C1502,East,Office Supplies,Stapler,7,15.82,0.1,99.67,78.08,21.59,0.2166148289354871,2025,1,Jan,2025-01
355,2025-11-23,C1033,North,Furniture,Office Chair,2,177.68,0.0,355.36,234.43,120.93,0.34030279153534443,2025,11,Nov,2025-11
356,2024-02-24,C1228,East,Furniture,Desk,4,249.59,0.0,998.36,733.94,264.42,0.2648543611522898,2024,2,Feb,2024-02
357,2025-09-14,C1059,West,Furniture,Table Lamp,1,52.7,0.1,47.43,33.19,14.24,0.3002319207252794,2025,9,Sep,2025-09
358,2025-10-05,C1218,Central,Office Supplies,Notebook,2,7.96,0.1,14.33,9.46,4.87,0.33984647592463363,2025,10,Oct,2025-10
359,2025-05-30,C1233,Central,Accessories,Backpack,4,49.16,0.1,176.98,117.62,59.36,0.33540513052322296,2025,5,May,2025-05
360,2025-06-12,C1267,South,Electronics,Smartphone,1,507.01,0.1,456.31,364.43,91.88,0.20135434244263767,2025,6,Jun,2025-06
361,2025-04-05,C1564,West,Office Supplies,Pen Set,7,9.52,0.1,59.98,44.17,15.81,0.26358786262087364,2025,4,Apr,2025-04
362,2024-04-11,C1005,South,Furniture,Bookshelf,7,127.74,0.1,804.76,550.24,254.52,0.31626820418509866,2024,4,Apr,2024-04
363,2025-08-18,C1573,West,Furniture,Desk,1,261.54,0.2,209.23,166.88,42.35,0.2024088323854132,2025,8,Aug,2025-08
364,2024-05-01,C1223,West,Electronics,Smartphone,6,476.13,0.15,2428.26,2031.68,396.58,0.16331859026628118,2024,5,May,2024-05
365,2024-01-03,C1333,North,Furniture,Table Lamp,5,58.78,0.0,293.9,239.67,54.23,0.18451854372235454,2024,1,Jan,2024-01
366,2024-02-19,C1090,Central,Electronics,Smartphone,1,523.34,0.0,523.34,428.49,94.85,0.1812397294301983,2024,2,Feb,2024-02
367,2025-03-21,C1154,East,Electronics,Laptop,2,594.5,0.1,1070.1,867.21,202.89,0.1895991028875806,2025,3,Mar,2025-03
368,2025-01-24,C1450,North,Office Supplies,Pen Set,5,10.92,0.15,46.41,38.5,7.91,0.17043740573152338,2025,1,Jan,2025-01
369,2024-09-03,C1187,South,Accessories,Keyboard,4,35.98,0.0,143.92,106.5,37.42,0.26000555864369096,2024,9,Sep,2024-09
370,2025-08-18,C1512,East,Office Supplies,Printer Paper,4,10.82,0.0,43.28,28.81,14.47,0.33433456561922364,2025,8,Aug,2025-08
371,2024-06-04,C1155,South,Office Supplies,Stapler,2,16.04,0.05,30.48,24.22,6.26,0.2053805774278215,2024,6,Jun,2024-06
372,2024-12-14,C1499,East,Office Supplies,Printer Paper,4,11.75,0.05,44.65,37.63,7.02,0.1572228443449048,2024,12,Dec,2024-12
373,2024-05-08,C1359,North,Office Supplies,Notebook,3,8.41,0.05,23.97,20.19,3.78,0.15769712140175218,2024,5,May,2024-05
374,2025-08-25,C1114,South,Office Supplies,Notebook,4,8.12,0.05,30.86,22.08,8.78,0.2845106934543098,2025,8,Aug,2025-08
375,2024-02-27,C1193,Central,Accessories,Mouse,2,26.26,0.15,44.64,33.34,11.3,0.2531362007168459,2024,2,Feb,2024-02
376,2025-02-04,C1099,North,Office Supplies,Notebook,5,8.35,0.05,39.66,29.86,9.8,0.2471003530005043,2025,2,Feb,2025-02
377,2025-08-10,C1405,West,Electronics,Monitor,7,239.64,0.15,1425.86,1332.28,93.58,0.06563056681581643,2025,8,Aug,2025-08
378,2025-04-06,C1147,West,Furniture,Bookshelf,2,142.55,0.0,285.1,178.09,107.01,0.3753419852683269,2025,4,Apr,2025-04
379,2024-04-21,C1367,Central,Electronics,Laptop,3,707.3,0.0,2121.9,1488.85,633.05,0.29834110938310004,2024,4,Apr,2024-04
380,2024-10-06,C1290,West,Electronics,Monitor,2,213.51,0.1,384.32,332.2,52.12,0.13561615320566195,2024,10,Oct,2024-10
381,2025-03-08,C1509,East,Electronics,Headphones,5,83.3,0.0,416.5,318.09,98.41,0.23627851140456183,2025,3,Mar,2025-03
382,2025-11-30,C1384,East,Electronics,Smartphone,7,432.97,0.0,3030.79,2076.08,954.71,0.3150036789087994,2025,11,Nov,2025-11
383,2025-11-21,C1343,North,Electronics,Monitor,6,226.19,0.1,1221.43,922.62,298.81,0.2446394799538246,2025,11,Nov,2025-11
384,2024-11-01,C1047,Central,Accessories,USB Hub,3,27.75,0.0,83.25,55.02,28.23,0.3390990990990991,2024,11,Nov,2024-11
385,2025-07-04,C1202,South,Office Supplies,Printer Paper,5,11.71,0.0,58.55,39.78,18.77,0.3205807002561913,2025,7,Jul,2025-07
386,2024-02-01,C1560,North,Office Supplies,Notebook,1,7.27,0.2,5.82,4.68,1.14,0.19587628865979378,2024,2,Feb,2024-02
387,2025-03-11,C1081,West,Electronics,Laptop,6,677.1,0.1,3656.34,2524.1,1132.24,0.30966485611294353,2025,3,Mar,2025-03
388,2025-05-03,C1167,East,Electronics,Headphones,7,97.58,0.05,648.91,510.04,138.87,0.21400502380915692,2025,5,May,2025-05
389,2025-05-23,C1308,Central,Electronics,Headphones,1,87.22,0.0,87.22,57.61,29.61,0.3394863563402889,2025,5,May,2025-05
390,2024-09-01,C1474,Central,Office Supplies,Stapler,7,15.15,0.05,100.75,69.45,31.3,0.31066997518610423,2024,9,Sep,2024-09
391,2024-04-09,C1270,West,Office Supplies,Printer Paper,1,12.81,0.0,12.81,7.46,5.35,0.41764246682279466,2024,4,Apr,2024-04
392,2025-11-04,C1339,East,Electronics,Headphones,5,90.84,0.15,386.07,368.85,17.22,0.04460331028051907,2025,11,Nov,2025-11
393,2024-07-11,C1592,South,Furniture,Table Lamp,5,57.36,0.2,229.44,231.9,-2.46,-0.010721757322175732,2024,7,Jul,2024-07
394,2025-07-08,C1519,Central,Electronics,Monitor,4,236.34,0.05,898.09,700.94,197.15,0.21952142881003017,2025,7,Jul,2025-07
395,2024-07-24,C1124,West,Furniture,Table Lamp,7,49.63,0.15,295.3,257.7,37.6,0.12732814087368777,2024,7,Jul,2024-07
396,2024-04-22,C1069,North,Furniture,Office Chair,3,195.66,0.05,557.63,401.1,156.53,0.28070584437709595,2024,4,Apr,2024-04
397,2024-04-27,C1559,South,Furniture,Desk,1,251.29,0.1,226.16,149.16,77.0,0.3404669260700389,2024,4,Apr,2024-04
398,2025-11-09,C1477,Central,Office Supplies,Printer Paper,7,11.28,0.1,71.06,53.72,17.34,0.24401913875598086,2025,11,Nov,2025-11
399,2025-02-07,C1017,South,Electronics,Smartphone,1,438.48,0.2,350.78,308.9,41.88,0.11939107132675753,2025,2,Feb,2025-02
400,2024-11-17,C1204,Central,Electronics,Smartphone,1,499.64,0.1,449.68,340.48,109.2,0.24283935242839352,2024,11,Nov,2024-11
401,2025-08-05,C1022,South,Electronics,Laptop,3,622.37,0.0,1867.11,1377.22,489.89,0.2623787564739089,2025,8,Aug,2025-08
402,2024-06-02,C1108,West,Electronics,Laptop,7,623.65,0.2,3492.44,2628.48,863.96,0.247380055204957,2024,6,Jun,2024-06
403,2025-02-06,C1073,West,Office Supplies,Printer Paper,5,13.12,0.0,65.6,42.0,23.6,0.35975609756097565,2025,2,Feb,2025-02
404,2025-04-25,C1595,West,Office Supplies,Pen Set,4,9.0,0.0,36.0,22.38,13.62,0.3783333333333333,2025,4,Apr,2025-04
405,2024-06-02,C1414,East,Office Supplies,Pen Set,6,9.01,0.15,45.95,41.37,4.58,0.09967355821545157,2024,6,Jun,2024-06
406,2024-01-25,C1420,North,Office Supplies,Notebook,4,8.07,0.15,27.44,26.0,1.44,0.05247813411078717,2024,1,Jan,2024-01
407,2024-03-13,C1054,West,Electronics,Monitor,6,202.48,0.2,971.9,707.06,264.84,0.2724971704907912,2024,3,Mar,2024-03
408,2025-11-20,C1073,North,Office Supplies,Pen Set,1,9.52,0.05,9.04,6.51,2.53,0.27986725663716816,2025,11,Nov,2025-11
409,2024-09-04,C1151,South,Furniture,Office Chair,2,169.34,0.1,304.81,249.59,55.22,0.18116203536629374,2024,9,Sep,2024-09
410,2024-04-20,C1296,West,Electronics,Headphones,1,85.87,0.0,85.87,54.91,30.96,0.36054500989868404,2024,4,Apr,2024-04
411,2024-07-21,C1338,East,Office Supplies,Printer Paper,1,10.99,0.1,9.89,8.88,1.01,0.10212335692618807,2024,7,Jul,2024-07
412,2025-07-03,C1494,South,Furniture,Bookshelf,5,137.13,0.1,617.08,482.19,134.89,0.21859402346535292,2025,7,Jul,2025-07
413,2025-05-04,C1549,East,Electronics,Headphones,1,96.57,0.05,91.74,77.22,14.52,0.15827338129496404,2025,5,May,2025-05
414,2025-10-10,C1420,North,Office Supplies,Printer Paper,5,12.33,0.15,52.4,48.09,4.31,0.08225190839694656,2025,10,Oct,2025-10
415,2025-09-17,C1185,West,Accessories,USB Hub,2,28.75,0.15,48.88,39.48,9.4,0.19230769230769232,2025,9,Sep,2025-09
416,2024-07-23,C1003,South,Furniture,Office Chair,3,195.38,0.05,556.83,354.79,202.04,0.3628396458524145,2024,7,Jul,2024-07
417,2024-04-30,C1455,South,Electronics,Monitor,5,206.17,0.0,1030.85,762.22,268.63,0.26059077460348257,2024,4,Apr,2024-04
418,2025-09-12,C1535,West,Furniture,Table Lamp,5,59.67,0.0,298.35,204.79,93.56,0.3135914194737724,2025,9,Sep,2025-09
419,2025-10-26,C1389,South,Furniture,Table Lamp,1,51.88,0.15,44.1,40.17,3.93,0.0891156462585034,2025,10,Oct,2025-10
420,2025-07-01,C1006,West,Furniture,Desk,7,250.57,0.0,1753.99,1397.67,356.32,0.20314825056015143,2025,7,Jul,2025-07
421,2024-04-18,C1414,East,Electronics,Smartphone,5,512.44,0.1,2305.98,2014.15,291.83,0.1265535694151727,2024,4,Apr,2024-04
422,2025-12-26,C1045,South,Furniture,Bookshelf,5,136.77,0.1,615.46,476.95,138.51,0.22505118123029927,2025,12,Dec,2025-12
423,2025-02-04,C1414,West,Accessories,Backpack,6,43.17,0.1,233.12,183.89,49.23,0.21117879203843512,2025,2,Feb,2025-02
424,2025-12-21,C1234,East,Office Supplies,Pen Set,6,10.27,0.0,61.62,44.35,17.27,0.28026614735475497,2025,12,Dec,2025-12
425,2025-06-23,C1584,South,Electronics,Headphones,6,87.04,0.0,522.24,396.83,125.41,0.24013863357843135,2025,6,Jun,2025-06
426,2024-12-28,C1449,East,Furniture,Desk,1,270.21,0.1,243.19,202.26,40.93,0.16830461778856037,2024,12,Dec,2024-12
427,2024-12-19,C1317,East,Accessories,Keyboard,5,32.31,0.1,145.4,117.18,28.22,0.19408528198074276,2024,12,Dec,2024-12
428,2024-10-21,C1103,North,Office Supplies,Pen Set,5,10.79,0.05,51.25,33.94,17.31,0.3377560975609756,2024,10,Oct,2024-10
429,2024-07-11,C1416,North,Office Supplies,Notebook,3,8.1,0.05,23.08,17.76,5.32,0.23050259965337958,2024,7,Jul,2024-07
430,2025-01-14,C1364,Central,Office Supplies,Notebook,1,8.6,0.05,8.17,5.41,2.76,0.3378212974296205,2025,1,Jan,2025-01
431,2025-09-21,C1542,West,Furniture,Bookshelf,3,150.71,0.15,384.31,312.84,71.47,0.1859696599099685,2025,9,Sep,2025-09
432,2024-02-26,C1185,West,Accessories,USB Hub,2,32.26,0.0,64.52,43.45,21.07,0.3265654060756355,2024,2,Feb,2024-02
433,2024-10-18,C1532,West,Furniture,Office Chair,5,180.48,0.05,857.28,737.63,119.65,0.139569335572975,2024,10,Oct,2024-10
434,2024-08-08,C1574,East,Electronics,Headphones,3,87.71,0.05,249.97,156.95,93.02,0.37212465495859504,2024,8,Aug,2024-08
435,2025-10-05,C1062,East,Office Supplies,Printer Paper,7,10.82,0.1,68.17,47.89,20.28,0.2974915652046355,2025,10,Oct,2025-10
436,2024-09-12,C1136,East,Electronics,Monitor,2,222.13,0.1,399.83,264.76,135.07,0.3378185728934797,2024,9,Sep,2024-09
437,2024-07-19,C1485,East,Office Supplies,Notebook,6,8.03,0.15,40.95,29.57,11.38,0.2778998778998779,2024,7,Jul,2024-07
438,2024-07-29,C1401,West,Office Supplies,Pen Set,4,10.78,0.0,43.12,32.77,10.35,0.2400278293135436,2024,7,Jul,2024-07
439,2025-02-03,C1445,West,Office Supplies,Stapler,2,15.24,0.15,25.91,22.3,3.61,0.13932844461597838,2025,2,Feb,2025-02
440,2024-09-25,C1300,West,Furniture,Table Lamp,3,56.1,0.0,168.3,132.41,35.89,0.2132501485442662,2024,9,Sep,2024-09
441,2025-01-29,C1369,North,Electronics,Smartphone,2,510.9,0.05,970.71,754.38,216.33,0.22285749605958527,2025,1,Jan,2025-01
442,2025-01-18,C1156,East,Furniture,Bookshelf,6,132.3,0.1,714.42,561.13,153.29,0.21456566165560875,2025,1,Jan,2025-01
443,2025-01-12,C1480,South,Office Supplies,Pen Set,6,10.55,0.0,63.3,49.2,14.1,0.22274881516587677,2025,1,Jan,2025-01
444,2024-12-05,C1405,West,Office Supplies,Notebook,4,7.94,0.0,31.76,20.43,11.33,0.3567380352644836,2024,12,Dec,2024-12
445,2025-08-30,C1504,South,Furniture,Table Lamp,6,53.05,0.1,286.47,253.21,33.26,0.11610290780884558,2025,8,Aug,2025-08
446,2025-03-30,C1027,Central,Accessories,Keyboard,3,36.45,0.15,92.95,88.81,4.14,0.04454007530930607,2025,3,Mar,2025-03
447,2024-10-02,C1400,Central,Accessories,Mouse,5,27.49,0.15,116.83,87.69,29.14,0.24942223743901396,2024,10,Oct,2024-10
448,2024-09-09,C1508,South,Accessories,Mouse,3,24.53,0.15,62.55,42.92,19.63,0.3138289368505196,2024,9,Sep,2024-09
449,2024-10-30,C1207,South,Electronics,Headphones,6,93.71,0.15,477.92,367.8,110.12,0.2304151322397054,2024,10,Oct,2024-10
450,2024-08-22,C1541,North,Accessories,Backpack,5,44.02,0.05,209.1,131.32,77.78,0.3719751315160211,2024,8,Aug,2024-08
451,2025-01-17,C1540,West,Office Supplies,Notebook,3,8.11,0.1,21.9,19.18,2.72,0.12420091324200914,2025,1,Jan,2025-01
452,2025-12-09,C1014,West,Furniture,Office Chair,4,193.0,0.05,733.4,533.21,200.19,0.27296154895009545,2025,12,Dec,2025-12
453,2025-12-15,C1343,Central,Accessories,Mouse,7,23.05,0.15,137.15,129.4,7.75,0.05650747356908494,2025,12,Dec,2025-12
454,2025-02-28,C1193,West,Accessories,Keyboard,2,36.73,0.1,66.11,56.89,9.22,0.13946452881561036,2025,2,Feb,2025-02
455,2025-10-16,C1434,North,Electronics,Smartphone,7,523.08,0.05,3478.48,2176.96,1301.52,0.37416342770405464,2025,10,Oct,2025-10
456,2024-04-21,C1156,North,Electronics,Headphones,4,93.34,0.05,354.69,298.11,56.58,0.1595195804787279,2024,4,Apr,2024-04
457,2024-07-02,C1587,Central,Accessories,Keyboard,5,36.0,0.15,153.0,107.79,45.21,0.29549019607843136,2024,7,Jul,2024-07
458,2024-05-29,C1519,West,Electronics,Smartphone,6,491.17,0.15,2504.97,1883.47,621.5,0.24810676375365776,2024,5,May,2024-05
459,2024-02-14,C1179,Central,Office Supplies,Pen Set,5,10.77,0.15,45.77,32.85,12.92,0.28228097006772995,2024,2,Feb,2024-02
460,2024-07-30,C1366,North,Office Supplies,Pen Set,7,10.88,0.1,68.54,58.36,10.18,0.14852640793697108,2024,7,Jul,2024-07
461,2024-10-02,C1494,South,Furniture,Table Lamp,1,59.31,0.1,53.38,38.76,14.62,0.27388535031847133,2024,10,Oct,2024-10
462,2025-06-06,C1564,West,Furniture,Desk,2,236.87,0.05,450.05,381.92,68.13,0.15138317964670592,2025,6,Jun,2025-06
463,2025-04-29,C1093,East,Accessories,Backpack,4,47.68,0.0,190.72,125.55,65.17,0.3417051174496644,2025,4,Apr,2025-04
464,2025-07-21,C1086,North,Electronics,Laptop,4,593.13,0.1,2135.27,1495.93,639.34,0.29941880886257943,2025,7,Jul,2025-07
465,2025-05-30,C1011,North,Furniture,Bookshelf,7,128.76,0.0,901.32,702.16,199.16,0.22096480717170372,2025,5,May,2025-05
466,2024-10-28,C1112,West,Electronics,Smartphone,2,445.83,0.05,847.08,650.7,196.38,0.2318317042073948,2024,10,Oct,2024-10
467,2025-03-21,C1226,Central,Furniture,Bookshelf,7,146.03,0.05,971.1,662.05,309.05,0.3182473483678303,2025,3,Mar,2025-03
468,2024-03-29,C1525,East,Office Supplies,Stapler,1,14.44,0.15,12.27,10.24,2.03,0.1654441727791361,2024,3,Mar,2024-03
469,2024-02-01,C1428,Central,Furniture,Bookshelf,5,146.77,0.05,697.16,512.39,184.77,0.26503241723564175,2024,2,Feb,2024-02
470,2024-02-07,C1224,West,Furniture,Bookshelf,2,145.56,0.0,291.12,197.93,93.19,0.32010854630392965,2024,2,Feb,2024-02
471,2025-05-02,C1310,North,Accessories,Backpack,6,45.71,0.1,246.83,191.3,55.53,0.2249726532431228,2025,5,May,2025-05
472,2024-05-11,C1451,Central,Accessories,Backpack,3,45.64,0.0,136.92,85.5,51.42,0.37554776511831733,2024,5,May,2024-05
473,2025-02-15,C1185,East,Furniture,Table Lamp,6,55.84,0.1,301.54,239.25,62.29,0.2065729256483385,2025,2,Feb,2025-02
474,2024-01-06,C1308,South,Office Supplies,Pen Set,3,10.46,0.05,29.81,22.52,7.29,0.2445488091244549,2024,1,Jan,2024-01
475,2024-12-10,C1557,North,Electronics,Laptop,2,661.56,0.1,1190.81,1006.1,184.71,0.15511290634106198,2024,12,Dec,2024-12
476,2025-09-30,C1273,West,Electronics,Monitor,5,209.68,0.0,1048.4,747.55,300.85,0.28696108355589467,2025,9,Sep,2025-09
477,2024-02-27,C1229,South,Accessories,Mouse,6,27.12,0.1,146.45,125.07,21.38,0.14598839194264254,2024,2,Feb,2024-02
478,2025-05-11,C1013,West,Office Supplies,Pen Set,2,10.03,0.1,18.05,15.02,3.03,0.16786703601108033,2025,5,May,2025-05
479,2025-08-30,C1467,South,Office Supplies,Printer Paper,5,12.63,0.1,56.84,37.32,19.52,0.3434201266713582,2025,8,Aug,2025-08
480,2025-09-19,C1308,West,Furniture,Table Lamp,7,56.39,0.0,394.73,255.32,139.41,0.3531781217541104,2025,9,Sep,2025-09
481,2025-10-10,C1481,West,Electronics,Headphones,3,85.27,0.05,243.02,151.42,91.6,0.37692370998271746,2025,10,Oct,2025-10
482,2024-08-24,C1139,North,Office Supplies,Stapler,3,14.64,0.0,43.92,33.92,10.0,0.22768670309653916,2024,8,Aug,2024-08
483,2025-09-06,C1390,North,Office Supplies,Stapler,2,15.2,0.1,27.36,24.41,2.95,0.1078216374269006,2025,9,Sep,2025-09
484,2024-12-07,C1139,North,Electronics,Monitor,3,232.11,0.1,626.7,443.05,183.65,0.29304292324876335,2024,12,Dec,2024-12
485,2024-05-28,C1028,Central,Office Supplies,Pen Set,7,10.22,0.0,71.54,53.14,18.4,0.25719876991892643,2024,5,May,2024-05
486,2025-07-03,C1308,Central,Accessories,USB Hub,6,28.69,0.0,172.14,139.64,32.5,0.18879981410479843,2025,7,Jul,2025-07
487,2025-07-23,C1210,West,Office Supplies,Pen Set,4,9.62,0.2,30.78,25.46,5.32,0.1728395061728395,2025,7,Jul,2025-07
488,2025-08-31,C1184,Central,Electronics,Monitor,2,200.72,0.15,341.22,241.73,99.49,0.2915714201981126,2025,8,Aug,2025-08
489,2025-08-10,C1073,South,Furniture,Office Chair,1,168.82,0.15,143.5,98.12,45.38,0.3162369337979094,2025,8,Aug,2025-08
490,2024-10-08,C1113,West,Electronics,Headphones,3,83.07,0.05,236.75,200.86,35.89,0.15159450897571278,2024,10,Oct,2024-10
491,2024-09-27,C1140,East,Accessories,USB Hub,2,32.14,0.1,57.85,42.79,15.06,0.2603284356093345,2024,9,Sep,2024-09
492,2025-04-15,C1149,South,Electronics,Monitor,1,230.11,0.05,218.6,185.39,33.21,0.1519213174748399,2025,4,Apr,2025-04
493,2025-03-08,C1302,West,Electronics,Laptop,1,673.68,0.0,673.68,544.32,129.36,0.1920199501246883,2025,3,Mar,2025-03
494,2024-01-25,C1091,North,Electronics,Laptop,6,629.71,0.15,3211.52,2856.06,355.46,0.11068279194898366,2024,1,Jan,2024-01
495,2025-06-13,C1180,North,Accessories,USB Hub,7,29.47,0.1,185.66,147.4,38.26,0.20607562210492297,2025,6,Jun,2025-06
496,2025-12-12,C1237,West,Accessories,Backpack,2,44.68,0.1,80.42,54.37,26.05,0.32392439691619,2025,12,Dec,2025-12
497,2024-07-15,C1445,North,Office Supplies,Notebook,4,8.58,0.1,30.89,21.74,9.15,0.29621236646163807,2024,7,Jul,2024-07
498,2025-03-13,C1543,East,Office Supplies,Pen Set,7,9.48,0.1,59.72,40.79,18.93,0.3169792364367046,2025,3,Mar,2025-03
499,2025-07-17,C1426,North,Furniture,Desk,5,247.15,0.1,1112.18,888.05,224.13,0.2015231347443759,2025,7,Jul,2025-07
500,2025-02-08,C1166,West,Electronics,Headphones,5,83.85,0.1,377.32,248.38,128.94,0.3417258560373158,2025,2,Feb,2025-02
501,2025-05-10,C1269,East,Accessories,Keyboard,6,37.16,0.05,211.81,173.39,38.42,0.18138898069024126,2025,5,May,2025-05
502,2025-02-18,C1026,South,Accessories,Keyboard,5,36.29,0.15,154.23,128.39,25.84,0.1675419827530312,2025,2,Feb,2025-02
503,2024-01-05,C1013,South,Electronics,Headphones,2,91.12,0.2,145.79,136.96,8.83,0.060566568351738806,2024,1,Jan,2024-01
504,2025-01-18,C1122,South,Furniture,Bookshelf,3,145.41,0.0,436.23,320.88,115.35,0.264424730073585,2025,1,Jan,2025-01
505,2025-03-07,C1164,North,Electronics,Laptop,1,710.09,0.15,603.58,487.54,116.04,0.19225289108320354,2025,3,Mar,2025-03
506,2024-05-20,C1190,East,Furniture,Office Chair,7,168.54,0.05,1120.79,728.67,392.12,0.3498603663487362,2024,5,May,2024-05
507,2025-01-22,C1171,East,Electronics,Laptop,2,615.08,0.1,1107.14,861.83,245.31,0.2215708943765016,2025,1,Jan,2025-01
508,2024-06-07,C1313,Central,Electronics,Monitor,7,238.32,0.15,1418.0,1221.98,196.02,0.13823695345557124,2024,6,Jun,2024-06
509,2025-04-02,C1453,South,Electronics,Laptop,5,642.71,0.05,3052.87,2553.05,499.82,0.16372135072898616,2025,4,Apr,2025-04
510,2024-12-15,C1146,East,Accessories,Keyboard,4,37.91,0.05,144.06,97.09,46.97,0.326044703595724,2024,12,Dec,2024-12
511,2025-02-27,C1106,East,Electronics,Smartphone,4,516.9,0.0,2067.6,1476.8,590.8,0.285741923002515,2025,2,Feb,2025-02
512,2025-10-12,C1504,West,Office Supplies,Pen Set,4,9.42,0.0,37.68,29.61,8.07,0.214171974522293,2025,10,Oct,2025-10
513,2025-03-29,C1316,East,Electronics,Smartphone,7,527.07,0.0,3689.49,2162.72,1526.77,0.41381600166960747,2025,3,Mar,2025-03
514,2024-03-16,C1175,West,Office Supplies,Notebook,3,7.49,0.15,19.1,16.39,2.71,0.1418848167539267,2024,3,Mar,2024-03
515,2024-03-09,C1025,South,Furniture,Desk,1,242.89,0.0,242.89,165.25,77.64,0.3196508707645436,2024,3,Mar,2024-03
516,2025-08-08,C1116,Central,Electronics,Smartphone,6,433.59,0.0,2601.54,1922.05,679.49,0.261187604265166,2025,8,Aug,2025-08
517,2024-02-17,C1448,North,Electronics,Headphones,5,98.54,0.15,418.8,301.78,117.02,0.2794173829990449,2024,2,Feb,2024-02
518,2025-07-29,C1483,South,Electronics,Smartphone,6,472.32,0.0,2833.92,1650.26,1183.66,0.417675869467028,2025,7,Jul,2025-07
519,2024-07-05,C1333,East,Electronics,Monitor,3,199.77,0.05,569.34,432.23,137.11,0.2408227069940633,2024,7,Jul,2024-07
520,2025-10-03,C1575,North,Furniture,Bookshelf,7,129.7,0.1,817.11,638.4,178.71,0.21870984322796197,2025,10,Oct,2025-10
521,2024-01-12,C1090,East,Electronics,Headphones,5,85.67,0.05,406.93,257.45,149.48,0.36733590543828176,2024,1,Jan,2024-01
522,2025-12-20,C1071,North,Electronics,Headphones,4,86.04,0.05,326.95,227.04,99.91,0.3055818932558495,2025,12,Dec,2025-12
523,2024-06-28,C1021,East,Furniture,Bookshelf,7,140.84,0.05,936.59,609.99,326.6,0.3487118162696591,2024,6,Jun,2024-06
524,2024-03-04,C1224,South,Accessories,Backpack,4,43.62,0.1,157.03,118.27,38.76,0.24683181557664138,2024,3,Mar,2024-03
525,2024-05-25,C1221,North,Electronics,Laptop,3,610.15,0.1,1647.4,1343.48,303.92,0.18448464246691756,2024,5,May,2024-05
526,2025-06-17,C1335,South,Electronics,Laptop,7,669.25,0.0,4684.75,3701.09,983.66,0.20997064944767596,2025,6,Jun,2025-06
527,2025-03-16,C1278,North,Furniture,Desk,2,268.13,0.0,536.26,379.91,156.35,0.29155633461380676,2025,3,Mar,2025-03
528,2024-10-26,C1384,North,Accessories,Keyboard,7,38.34,0.2,214.7,206.79,7.91,0.0368421052631579,2024,10,Oct,2024-10
529,2024-06-11,C1130,East,Accessories,Mouse,7,25.6,0.05,170.24,121.62,48.62,0.28559680451127817,2024,6,Jun,2024-06
530,2024-07-12,C1341,South,Furniture,Table Lamp,6,54.23,0.0,325.38,210.5,114.88,0.3530641096564017,2024,7,Jul,2024-07
531,2024-01-04,C1559,West,Furniture,Table Lamp,7,54.91,0.05,365.15,240.92,124.23,0.34021634944543344,2024,1,Jan,2024-01
532,2024-06-29,C1171,West,Electronics,Monitor,4,203.54,0.0,814.16,663.54,150.62,0.18500049130392063,2024,6,Jun,2024-06
533,2024-11-26,C1316,West,Electronics,Smartphone,3,489.9,0.1,1322.73,1093.17,229.56,0.17355015762854098,2024,11,Nov,2024-11
534,2025-11-24,C1361,East,Electronics,Laptop,5,707.6,0.05,3361.1,2327.0,1034.1,0.30766713278391,2025,11,Nov,2025-11
535,2025-01-08,C1553,North,Electronics,Monitor,5,235.38,0.1,1059.21,695.31,363.9,0.3435579346871725,2025,1,Jan,2025-01
536,2024-12-01,C1505,South,Furniture,Desk,4,258.2,0.05,981.16,602.42,378.74,0.3860124750295569,2024,12,Dec,2024-12
537,2025-11-18,C1569,North,Office Supplies,Notebook,3,7.48,0.1,20.2,14.61,5.59,0.27673267326732676,2025,11,Nov,2025-11
538,2024-03-18,C1128,South,Accessories,Backpack,4,40.72,0.0,162.88,108.65,54.23,0.3329444990176817,2024,3,Mar,2024-03
539,2024-11-09,C1356,East,Electronics,Monitor,5,221.12,0.05,1050.32,826.41,223.91,0.21318264909741794,2024,11,Nov,2024-11
540,2025-03-15,C1123,West,Office Supplies,Stapler,4,14.39,0.15,48.93,33.4,15.53,0.3173921929286736,2025,3,Mar,2025-03
541,2025-02-03,C1337,North,Office Supplies,Stapler,3,13.55,0.1,36.59,30.69,5.9,0.16124624214266192,2025,2,Feb,2025-02
542,2025-08-21,C1109,East,Furniture,Table Lamp,7,58.65,0.0,410.55,328.61,81.94,0.19958592132505173,2025,8,Aug,2025-08
543,2025-01-06,C1476,West,Electronics,Smartphone,7,433.31,0.15,2578.19,1994.17,584.02,0.22652325856511737,2025,1,Jan,2025-01
544,2024-03-23,C1326,North,Electronics,Monitor,5,222.89,0.2,891.56,783.98,107.58,0.12066490196958142,2024,3,Mar,2024-03
545,2025-05-25,C1587,East,Furniture,Office Chair,5,170.65,0.05,810.59,514.33,296.26,0.3654868675902737,2025,5,May,2025-05
546,2025-07-19,C1437,East,Furniture,Desk,3,258.12,0.15,658.21,508.6,149.61,0.2272982786648638,2025,7,Jul,2025-07
547,2024-04-20,C1188,South,Furniture,Table Lamp,6,57.14,0.1,308.56,228.85,79.71,0.2583290121856365,2024,4,Apr,2024-04
548,2025-11-05,C1102,West,Electronics,Monitor,5,233.38,0.0,1166.9,796.09,370.81,0.31777358813951495,2025,11,Nov,2025-11
549,2025-11-15,C1043,West,Office Supplies,Notebook,6,7.99,0.05,45.54,36.97,8.57,0.18818620992534038,2025,11,Nov,2025-11
550,2024-07-29,C1020,South,Furniture,Desk,3,264.45,0.05,753.68,563.22,190.46,0.2527067190319499,2024,7,Jul,2024-07
551,2025-03-15,C1411,North,Electronics,Monitor,7,208.28,0.1,1312.16,1068.78,243.38,0.18548042921594926,2025,3,Mar,2025-03
552,2025-06-06,C1577,North,Furniture,Table Lamp,6,52.89,0.0,317.34,230.79,86.55,0.27273586689355267,2025,6,Jun,2025-06
553,2024-08-19,C1563,East,Electronics,Headphones,7,89.39,0.1,563.16,391.45,171.71,0.30490446764685,2024,8,Aug,2024-08
554,2025-09-20,C1116,East,Office Supplies,Stapler,1,16.0,0.2,12.8,10.44,2.36,0.18437499999999998,2025,9,Sep,2025-09
555,2025-09-21,C1429,West,Accessories,Mouse,6,24.35,0.05,138.8,104.04,34.76,0.25043227665706047,2025,9,Sep,2025-09
556,2025-05-12,C1334,East,Accessories,Keyboard,1,33.88,0.0,33.88,23.76,10.12,0.29870129870129863,2025,5,May,2025-05
557,2025-06-30,C1217,West,Accessories,USB Hub,6,29.4,0.05,167.58,107.19,60.39,0.3603651987110634,2025,6,Jun,2025-06
558,2024-12-23,C1490,South,Office Supplies,Stapler,6,13.68,0.1,73.87,63.64,10.23,0.13848653039122782,2024,12,Dec,2024-12
559,2025-06-02,C1513,West,Accessories,Backpack,2,45.92,0.05,87.25,66.09,21.16,0.2425214899713467,2025,6,Jun,2025-06
560,2024-07-06,C1457,North,Office Supplies,Pen Set,6,10.1,0.0,60.6,43.81,16.79,0.27706270627062707,2024,7,Jul,2024-07
561,2024-07-07,C1377,East,Furniture,Bookshelf,4,128.22,0.1,461.59,367.12,94.47,0.2046621460603566,2024,7,Jul,2024-07
562,2025-10-19,C1551,North,Accessories,Mouse,7,24.36,0.15,144.94,124.05,20.89,0.14412860493997517,2025,10,Oct,2025-10
563,2024-10-30,C1268,South,Furniture,Office Chair,4,173.34,0.0,693.36,533.84,159.52,0.23006807430483445,2024,10,Oct,2024-10
564,2024-08-09,C1090,South,Electronics,Headphones,7,86.82,0.1,546.97,496.56,50.41,0.0921622758103735,2024,8,Aug,2024-08
565,2025-01-24,C1033,West,Electronics,Smartphone,3,487.74,0.05,1390.06,1177.34,212.72,0.1530293656388933,2025,1,Jan,2025-01
566,2024-08-16,C1117,West,Office Supplies,Pen Set,1,9.03,0.15,7.68,5.73,1.95,0.25390625,2024,8,Aug,2024-08
567,2024-09-27,C1422,West,Electronics,Monitor,6,206.33,0.0,1237.98,854.5,383.48,0.30976267791079015,2024,9,Sep,2024-09
568,2025-02-24,C1098,Central,Accessories,Mouse,2,23.5,0.05,44.65,30.24,14.41,0.3227323628219485,2025,2,Feb,2025-02
569,2025-08-27,C1144,North,Electronics,Headphones,6,89.02,0.05,507.41,311.66,195.75,0.385782700380363,2025,8,Aug,2025-08
570,2025-11-09,C1197,West,Electronics,Headphones,1,84.33,0.1,75.9,50.12,25.78,0.3396574440052701,2025,11,Nov,2025-11
571,2025-07-07,C1387,South,Accessories,Mouse,7,25.63,0.05,170.44,104.59,65.85,0.38635296878666975,2025,7,Jul,2025-07
572,2024-12-04,C1067,West,Electronics,Headphones,6,96.39,0.05,549.42,467.63,81.79,0.14886607695387866,2024,12,Dec,2024-12
573,2025-06-03,C1333,West,Electronics,Monitor,3,201.13,0.0,603.39,433.07,170.32,0.28227183082251944,2025,6,Jun,2025-06
574,2024-07-13,C1425,Central,Furniture,Office Chair,5,165.53,0.0,827.65,488.79,338.86,0.40942427354558086,2024,7,Jul,2024-07
575,2025-02-11,C1306,East,Furniture,Desk,3,257.62,0.1,695.57,532.02,163.55,0.23513089983754332,2025,2,Feb,2025-02
576,2024-01-12,C1427,Central,Office Supplies,Printer Paper,6,11.66,0.0,69.96,57.19,12.77,0.18253287592910236,2024,1,Jan,2024-01
577,2024-01-25,C1179,North,Furniture,Desk,4,234.22,0.0,936.88,694.14,242.74,0.25909401417470757,2024,1,Jan,2024-01
578,2024-02-25,C1323,East,Furniture,Table Lamp,4,49.74,0.1,179.06,162.6,16.46,0.0919244945828214,2024,2,Feb,2024-02
579,2025-06-01,C1367,West,Electronics,Smartphone,5,441.31,0.0,2206.55,1374.61,831.94,0.3770320183091251,2025,6,Jun,2025-06
580,2024-03-06,C1439,East,Electronics,Headphones,7,88.87,0.1,559.88,454.54,105.34,0.18814746017003645,2024,3,Mar,2024-03
581,2025-12-15,C1563,West,Electronics,Smartphone,6,502.1,0.2,2410.08,2101.5,308.58,0.12803724357697668,2025,12,Dec,2025-12
582,2025-12-26,C1540,North,Office Supplies,Printer Paper,4,11.81,0.1,42.52,33.96,8.56,0.2013170272812794,2025,12,Dec,2025-12
583,2025-11-22,C1343,Central,Electronics,Smartphone,3,471.92,0.0,1415.76,1007.54,408.22,0.2883398316098774,2025,11,Nov,2025-11
584,2024-11-05,C1214,North,Office Supplies,Pen Set,4,9.02,0.2,28.86,27.25,1.61,0.055786555786555794,2024,11,Nov,2024-11
585,2024-03-25,C1352,East,Electronics,Laptop,1,624.37,0.05,593.15,471.66,121.49,0.20482171457472814,2024,3,Mar,2024-03
586,2024-06-06,C1466,Central,Furniture,Bookshelf,1,131.57,0.1,118.41,86.26,32.15,0.27151423021704246,2024,6,Jun,2024-06
587,2024-03-28,C1245,West,Electronics,Smartphone,7,486.13,0.1,3062.62,2186.98,875.64,0.28591206222123544,2024,3,Mar,2024-03
588,2024-04-18,C1401,East,Electronics,Monitor,5,203.86,0.05,968.34,655.12,313.22,0.323460767912097,2024,4,Apr,2024-04
589,2024-01-28,C1075,East,Electronics,Smartphone,1,459.42,0.05,436.45,347.46,88.99,0.20389506243555963,2024,1,Jan,2024-01
590,2025-10-15,C1344,North,Electronics,Laptop,3,589.02,0.0,1767.06,1327.87,439.19,0.24854277726845722,2025,10,Oct,2025-10
591,2024-02-04,C1221,Central,Electronics,Laptop,1,660.03,0.15,561.03,523.9,37.13,0.06618184410815822,2024,2,Feb,2024-02
592,2025-12-23,C1439,West,Electronics,Laptop,1,606.4,0.05,576.08,378.08,198.0,0.3437022635745035,2025,12,Dec,2025-12
593,2025-02-05,C1551,South,Furniture,Desk,5,266.0,0.05,1263.5,797.44,466.06,0.36886426592797783,2025,2,Feb,2025-02
594,2024-10-13,C1015,North,Furniture,Table Lamp,2,53.9,0.05,102.41,83.53,18.88,0.18435699638707156,2024,10,Oct,2024-10
595,2025-05-30,C1069,West,Office Supplies,Notebook,2,7.23,0.15,12.29,8.92,3.37,0.27420667209113103,2025,5,May,2025-05
596,2024-09-03,C1189,West,Accessories,Mouse,2,22.59,0.15,38.4,34.18,4.22,0.10989583333333333,2024,9,Sep,2024-09
597,2024-04-04,C1485,North,Office Supplies,Pen Set,6,9.28,0.0,55.68,32.31,23.37,0.4197198275862069,2024,4,Apr,2024-04
598,2025-05-23,C1199,North,Electronics,Laptop,4,703.52,0.05,2673.38,1659.38,1014.0,0.37929512452401076,2025,5,May,2025-05
599,2024-05-09,C1197,West,Accessories,Mouse,7,24.43,0.0,171.01,114.53,56.48,0.33027308344541256,2024,5,May,2024-05
600,2024-03-29,C1106,North,Electronics,Headphones,1,98.37,0.0,98.37,67.16,31.21,0.31727152587170887,2024,3,Mar,2024-03
601,2025-01-09,C1467,East,Electronics,Smartphone,3,503.54,0.1,1359.56,960.35,399.21,0.29363176321751155,2025,1,Jan,2025-01
602,2025-01-01,C1270,Central,Accessories,Backpack,4,43.41,0.1,156.28,132.6,23.68,0.15152290760174048,2025,1,Jan,2025-01
603,2025-04-11,C1584,Central,Furniture,Bookshelf,1,139.61,0.0,139.61,84.63,54.98,0.39381133156650666,2025,4,Apr,2025-04
604,2025-12-22,C1546,South,Accessories,Keyboard,1,37.51,0.05,35.63,29.47,6.16,0.17288801571709234,2025,12,Dec,2025-12
605,2025-07-01,C1152,North,Office Supplies,Pen Set,6,9.66,0.1,52.16,40.58,11.58,0.22200920245398775,2025,7,Jul,2025-07
606,2024-11-26,C1021,East,Electronics,Smartphone,4,514.7,0.15,1749.98,1261.95,488.03,0.2788774728854044,2024,11,Nov,2024-11
607,2025-07-19,C1191,West,Office Supplies,Stapler,3,14.44,0.15,36.82,34.05,2.77,0.07523085279739272,2025,7,Jul,2025-07
608,2024-07-18,C1464,West,Electronics,Headphones,3,81.97,0.0,245.91,184.97,60.94,0.24781424098247326,2024,7,Jul,2024-07
609,2024-08-17,C1165,North,Electronics,Headphones,3,92.45,0.1,249.62,187.61,62.01,0.24841759474401087,2024,8,Aug,2024-08
610,2025-11-29,C1447,West,Furniture,Office Chair,3,165.79,0.1,447.63,388.61,59.02,0.1318499653731877,2025,11,Nov,2025-11
611,2025-01-02,C1498,West,Furniture,Office Chair,4,166.05,0.1,597.78,450.24,147.54,0.24681320887282945,2025,1,Jan,2025-01
612,2024-11-30,C1361,North,Furniture,Desk,4,270.15,0.0,1080.6,790.04,290.56,0.26888765500647793,2024,11,Nov,2024-11
613,2025-05-02,C1236,South,Electronics,Smartphone,4,525.67,0.1,1892.41,1405.84,486.57,0.25711658678616156,2025,5,May,2025-05
614,2024-11-29,C1550,South,Furniture,Desk,7,260.29,0.15,1548.73,1278.81,269.92,0.17428473652605683,2024,11,Nov,2024-11
615,2024-01-14,C1597,Central,Electronics,Laptop,5,662.4,0.1,2980.8,2250.95,729.85,0.2448503757380569,2024,1,Jan,2024-01
616,2025-03-20,C1442,West,Electronics,Monitor,2,216.43,0.1,389.57,298.64,90.93,0.23341119696075163,2025,3,Mar,2025-03
617,2025-05-17,C1448,West,Furniture,Desk,6,285.78,0.1,1543.21,1173.63,369.58,0.2394878208409743,2025,5,May,2025-05
618,2025-06-11,C1342,South,Furniture,Office Chair,5,165.79,0.15,704.61,590.97,113.64,0.16128070847702985,2025,6,Jun,2025-06
619,2025-12-26,C1097,West,Electronics,Smartphone,3,501.51,0.0,1504.53,1208.01,296.52,0.19708480389224542,2025,12,Dec,2025-12
620,2025-05-27,C1105,North,Furniture,Desk,3,266.31,0.05,758.98,601.19,157.79,0.2078974413028011,2025,5,May,2025-05
621,2025-03-14,C1013,North,Accessories,USB Hub,2,28.14,0.0,56.28,33.17,23.11,0.4106254442075337,2025,3,Mar,2025-03
622,2025-03-15,C1182,West,Furniture,Office Chair,3,180.32,0.1,486.86,425.6,61.26,0.1258267263689767,2025,3,Mar,2025-03
623,2025-05-13,C1582,North,Furniture,Table Lamp,3,53.03,0.15,135.23,113.75,21.48,0.1588404939732308,2025,5,May,2025-05
624,2025-04-14,C1521,West,Accessories,Backpack,4,42.9,0.15,145.86,121.55,24.31,0.16666666666666663,2025,4,Apr,2025-04
625,2025-03-06,C1065,East,Electronics,Headphones,6,95.9,0.05,546.63,333.81,212.82,0.3893309917128588,2025,3,Mar,2025-03
626,2025-11-24,C1574,South,Electronics,Headphones,7,91.0,0.0,637.0,414.0,223.0,0.3500784929356358,2025,11,Nov,2025-11
627,2024-10-12,C1158,East,Accessories,Keyboard,5,35.26,0.1,158.67,137.8,20.87,0.13153085019222288,2024,10,Oct,2024-10
628,2024-04-21,C1568,West,Accessories,Keyboard,6,37.41,0.1,202.01,179.52,22.49,0.11133112222167219,2024,4,Apr,2024-04
629,2025-07-22,C1179,North,Accessories,Backpack,1,45.4,0.15,38.59,27.18,11.41,0.29567245400362785,2025,7,Jul,2025-07
630,2024-08-06,C1586,West,Electronics,Headphones,5,84.82,0.05,402.89,257.74,145.15,0.3602720345503736,2024,8,Aug,2024-08
631,2025-12-04,C1452,Central,Accessories,Mouse,7,23.92,0.0,167.44,108.73,58.71,0.3506330625895843,2025,12,Dec,2025-12
632,2024-07-24,C1150,East,Electronics,Headphones,2,86.59,0.0,173.18,121.37,51.81,0.29916849520729877,2024,7,Jul,2024-07
633,2024-12-05,C1535,West,Electronics,Smartphone,6,453.17,0.1,2447.12,1698.38,748.74,0.30596783157344143,2024,12,Dec,2024-12
634,2025-02-13,C1219,North,Electronics,Headphones,2,93.59,0.1,168.46,146.88,21.58,0.1281016264988721,2025,2,Feb,2025-02
635,2024-07-03,C1154,West,Furniture,Desk,1,266.25,0.05,252.94,184.95,67.99,0.2687989246461611,2024,7,Jul,2024-07
636,2025-06-30,C1032,West,Electronics,Smartphone,1,520.09,0.15,442.08,412.43,29.65,0.06706930872240319,2025,6,Jun,2025-06
637,2024-10-13,C1583,West,Electronics,Laptop,5,667.63,0.05,3171.24,2221.3,949.94,0.29954844161905125,2024,10,Oct,2024-10
638,2024-03-30,C1056,East,Accessories,Keyboard,4,32.88,0.0,131.52,83.78,47.74,0.36298661800486615,2024,3,Mar,2024-03
639,2025-12-20,C1130,West,Furniture,Bookshelf,4,139.13,0.0,556.52,429.76,126.76,0.22777258678933374,2025,12,Dec,2025-12
640,2025-09-30,C1074,North,Accessories,Mouse,1,22.63,0.1,20.37,16.87,3.5,0.1718213058419244,2025,9,Sep,2025-09
641,2025-06-20,C1229,West,Electronics,Smartphone,1,446.13,0.0,446.13,290.66,155.47,0.3484858673480824,2025,6,Jun,2025-06
642,2024-05-09,C1094,South,Electronics,Monitor,1,202.91,0.05,192.76,145.47,47.29,0.24533098153143806,2024,5,May,2024-05
643,2024-06-16,C1554,West,Electronics,Smartphone,7,439.77,0.05,2924.47,2433.12,491.35,0.16801334942741764,2024,6,Jun,2024-06
644,2025-05-10,C1404,South,Office Supplies,Notebook,1,7.38,0.15,6.27,4.29,1.98,0.31578947368421056,2025,5,May,2025-05
645,2025-01-10,C1531,East,Accessories,Backpack,5,44.69,0.0,223.45,141.77,81.68,0.36554038934884764,2025,1,Jan,2025-01
646,2025-06-21,C1273,East,Furniture,Table Lamp,1,54.88,0.05,52.14,36.46,15.68,0.300728807057921,2025,6,Jun,2025-06
647,2025-08-10,C1046,West,Furniture,Bookshelf,1,136.17,0.15,115.74,104.93,10.81,0.09339899775358564,2025,8,Aug,2025-08
648,2024-10-28,C1144,East,Electronics,Smartphone,6,433.92,0.05,2473.34,1549.1,924.24,0.3736809334745728,2024,10,Oct,2024-10
649,2025-03-17,C1090,East,Furniture,Desk,4,272.97,0.0,1091.88,776.29,315.59,0.289033593435176,2025,3,Mar,2025-03
650,2024-11-29,C1459,South,Office Supplies,Notebook,4,8.75,0.0,35.0,26.31,8.69,0.24828571428571428,2024,11,Nov,2024-11
651,2025-05-28,C1282,East,Furniture,Table Lamp,2,57.28,0.1,103.1,73.38,29.72,0.28826382153249275,2025,5,May,2025-05
652,2025-10-22,C1254,North,Electronics,Smartphone,2,455.27,0.2,728.43,673.07,55.36,0.07599906648545503,2025,10,Oct,2025-10
653,2024-10-30,C1078,East,Electronics,Headphones,6,94.16,0.1,508.46,432.05,76.41,0.15027730794949457,2024,10,Oct,2024-10
654,2024-12-04,C1123,South,Office Supplies,Printer Paper,5,11.09,0.15,47.13,36.52,10.61,0.22512200297050708,2024,12,Dec,2024-12
655,2024-09-02,C1443,East,Furniture,Bookshelf,3,150.35,0.05,428.5,271.15,157.35,0.3672112018669778,2024,9,Sep,2024-09
656,2024-03-09,C1093,North,Furniture,Desk,5,261.84,0.1,1178.28,958.96,219.32,0.18613572325762975,2024,3,Mar,2024-03
657,2025-06-12,C1526,East,Office Supplies,Notebook,3,8.69,0.1,23.46,19.74,3.72,0.1585677749360614,2025,6,Jun,2025-06
658,2025-05-17,C1516,West,Accessories,USB Hub,7,27.32,0.0,191.24,144.24,47.0,0.24576448441748586,2025,5,May,2025-05
659,2025-01-31,C1330,West,Office Supplies,Notebook,4,7.4,0.1,26.64,18.03,8.61,0.32319819819819817,2025,1,Jan,2025-01
660,2025-01-26,C1309,South,Furniture,Office Chair,7,176.68,0.0,1236.76,800.32,436.44,0.35288980885539634,2025,1,Jan,2025-01
661,2025-06-05,C1236,West,Electronics,Monitor,5,220.29,0.05,1046.38,865.12,181.26,0.1732257879546627,2025,6,Jun,2025-06
662,2024-11-01,C1556,North,Accessories,Mouse,7,26.12,0.05,173.7,142.75,30.95,0.17818077144502015,2024,11,Nov,2024-11
663,2024-03-26,C1266,South,Accessories,Keyboard,6,36.68,0.1,198.07,153.26,44.81,0.22623314989650126,2024,3,Mar,2024-03
664,2024-04-29,C1352,Central,Furniture,Office Chair,1,179.41,0.0,179.41,122.54,56.87,0.31698344573881054,2024,4,Apr,2024-04
665,2024-10-24,C1057,North,Furniture,Table Lamp,2,55.84,0.0,111.68,67.97,43.71,0.39138610315186245,2024,10,Oct,2024-10
666,2024-06-28,C1229,East,Furniture,Bookshelf,7,149.63,0.05,995.04,673.46,321.58,0.3231829876185882,2024,6,Jun,2024-06
667,2024-08-13,C1542,West,Accessories,Backpack,6,43.65,0.1,235.71,190.7,45.01,0.19095498706037078,2024,8,Aug,2024-08
668,2025-11-14,C1525,South,Furniture,Office Chair,3,182.33,0.15,464.94,385.08,79.86,0.1717640985933669,2025,11,Nov,2025-11
669,2025-08-23,C1140,South,Office Supplies,Notebook,6,8.41,0.05,47.94,32.68,15.26,0.3183145598664998,2025,8,Aug,2025-08
670,2025-06-29,C1259,North,Furniture,Office Chair,5,164.3,0.0,821.5,539.05,282.45,0.3438222763237979,2025,6,Jun,2025-06
671,2024-03-30,C1485,East,Electronics,Headphones,4,94.38,0.15,320.89,267.24,53.65,0.1671912493377793,2024,3,Mar,2024-03
672,2024-09-14,C1544,North,Furniture,Desk,4,264.25,0.0,1057.0,807.47,249.53,0.23607379375591298,2024,9,Sep,2024-09
673,2025-01-31,C1040,West,Accessories,Backpack,1,43.29,0.0,43.29,27.2,16.09,0.3716793716793717,2025,1,Jan,2025-01
674,2025-02-19,C1421,South,Office Supplies,Stapler,5,14.13,0.05,67.12,52.77,14.35,0.21379618593563765,2025,2,Feb,2025-02
675,2025-10-24,C1144,South,Furniture,Office Chair,1,169.53,0.2,135.62,103.63,31.99,0.23587966376640612,2025,10,Oct,2025-10
676,2024-07-07,C1256,Central,Accessories,Mouse,5,22.54,0.05,107.06,75.7,31.36,0.2929198580235382,2024,7,Jul,2024-07
677,2024-12-18,C1226,North,Furniture,Desk,4,277.14,0.05,1053.13,678.54,374.59,0.35569207980021456,2024,12,Dec,2024-12
678,2025-09-06,C1568,Central,Office Supplies,Printer Paper,3,11.46,0.15,29.22,22.68,6.54,0.2238193018480493,2025,9,Sep,2025-09
679,2024-04-14,C1595,West,Accessories,Keyboard,3,36.67,0.1,99.01,65.49,33.52,0.3385516614483386,2024,4,Apr,2024-04
680,2024-06-30,C1420,South,Electronics,Monitor,7,229.58,0.1,1446.35,1308.77,137.58,0.09512220416911538,2024,6,Jun,2024-06
681,2024-04-10,C1105,East,Accessories,Keyboard,3,33.03,0.15,84.23,65.23,19.0,0.22557283628160987,2024,4,Apr,2024-04
682,2025-02-28,C1513,North,Electronics,Monitor,2,208.14,0.15,353.84,270.34,83.5,0.2359823649106941,2025,2,Feb,2025-02
683,2024-06-15,C1090,West,Electronics,Headphones,3,91.39,0.15,233.04,203.37,29.67,0.12731719876416067,2024,6,Jun,2024-06
684,2025-07-14,C1561,South,Office Supplies,Stapler,1,15.26,0.05,14.5,9.79,4.71,0.32482758620689656,2025,7,Jul,2025-07
685,2025-04-16,C1380,North,Office Supplies,Pen Set,7,9.62,0.1,60.61,47.37,13.24,0.2184458010229335,2025,4,Apr,2025-04
686,2025-04-18,C1420,East,Office Supplies,Pen Set,3,9.95,0.05,28.36,20.08,8.28,0.2919605077574048,2025,4,Apr,2025-04
687,2025-12-07,C1044,West,Electronics,Laptop,2,593.94,0.05,1128.49,845.69,282.8,0.25060035977279377,2025,12,Dec,2025-12
688,2025-02-18,C1145,South,Electronics,Monitor,7,211.7,0.15,1259.61,1002.37,257.24,0.20422194171211727,2025,2,Feb,2025-02
689,2024-02-06,C1365,Central,Electronics,Smartphone,6,460.59,0.0,2763.54,2120.22,643.32,0.23278838012114897,2024,2,Feb,2024-02
690,2024-10-26,C1042,South,Electronics,Monitor,3,213.09,0.15,543.38,522.38,21.0,0.03864698737531746,2024,10,Oct,2024-10
691,2024-10-23,C1392,North,Accessories,Keyboard,2,38.39,0.1,69.1,45.46,23.64,0.3421128798842258,2024,10,Oct,2024-10
692,2024-07-11,C1574,West,Electronics,Laptop,6,587.84,0.0,3527.04,2701.28,825.76,0.23412266376338234,2024,7,Jul,2024-07
693,2025-04-23,C1446,East,Accessories,Mouse,7,25.31,0.05,168.31,107.52,60.79,0.36117877725625336,2025,4,Apr,2025-04
694,2024-08-08,C1219,West,Accessories,USB Hub,2,32.45,0.05,61.66,49.87,11.79,0.1912098605254622,2024,8,Aug,2024-08
695,2025-06-16,C1517,Central,Electronics,Smartphone,7,484.54,0.0,3391.78,2692.08,699.7,0.20629286097565291,2025,6,Jun,2025-06
696,2025-09-23,C1426,East,Electronics,Laptop,5,677.17,0.15,2877.97,2441.3,436.67,0.15172847527945046,2025,9,Sep,2025-09
697,2024-10-03,C1109,South,Furniture,Office Chair,7,164.3,0.05,1092.6,687.58,405.02,0.3706937580084203,2024,10,Oct,2024-10
698,2024-07-02,C1322,Central,Accessories,Mouse,5,27.05,0.1,121.72,78.65,43.07,0.3538448899112718,2024,7,Jul,2024-07
699,2024-10-01,C1258,Central,Electronics,Headphones,2,90.68,0.2,145.09,105.81,39.28,0.27072851333654974,2024,10,Oct,2024-10
700,2025-07-28,C1551,West,Office Supplies,Notebook,7,8.73,0.15,51.94,38.92,13.02,0.25067385444743934,2025,7,Jul,2025-07
701,2025-07-01,C1196,North,Electronics,Laptop,5,694.85,0.0,3474.25,2064.3,1409.95,0.4058285960998777,2025,7,Jul,2025-07
702,2024-11-02,C1279,North,Electronics,Smartphone,1,444.8,0.1,400.32,348.92,51.4,0.12839728217426058,2024,11,Nov,2024-11
703,2024-07-27,C1211,Central,Electronics,Laptop,7,628.66,0.0,4400.62,3095.08,1305.54,0.2966718326054056,2024,7,Jul,2024-07
704,2024-12-30,C1103,West,Electronics,Laptop,5,618.91,0.05,2939.82,1801.59,1138.23,0.38717676592444433,2024,12,Dec,2024-12
705,2024-05-25,C1584,West,Electronics,Monitor,2,236.39,0.1,425.5,301.92,123.58,0.29043478260869565,2024,5,May,2024-05
706,2025-04-23,C1494,West,Furniture,Desk,4,254.51,0.05,967.14,802.31,164.83,0.17043034100543872,2025,4,Apr,2025-04
707,2024-07-18,C1409,Central,Accessories,Backpack,6,48.56,0.05,276.79,236.58,40.21,0.1452725893276491,2024,7,Jul,2024-07
708,2025-02-15,C1068,South,Furniture,Desk,7,272.3,0.0,1906.1,1129.17,776.93,0.40760190965846493,2025,2,Feb,2025-02
709,2025-04-07,C1358,South,Furniture,Office Chair,7,173.55,0.05,1154.11,760.67,393.44,0.34090338009375193,2025,4,Apr,2025-04
710,2025-01-14,C1318,Central,Furniture,Desk,7,285.13,0.1,1796.32,1273.36,522.96,0.2911285294379621,2025,1,Jan,2025-01
711,2025-04-23,C1179,West,Furniture,Bookshelf,7,139.78,0.0,978.46,799.16,179.3,0.18324714347035137,2025,4,Apr,2025-04
712,2025-02-21,C1074,West,Electronics,Smartphone,5,452.89,0.05,2151.23,1386.09,765.14,0.35567559024372103,2025,2,Feb,2025-02
713,2025-07-16,C1231,North,Electronics,Monitor,1,221.97,0.1,199.77,135.44,64.33,0.32202032337187764,2025,7,Jul,2025-07
714,2025-08-22,C1486,South,Electronics,Laptop,2,651.19,0.0,1302.38,798.93,503.45,0.3865615258219567,2025,8,Aug,2025-08
715,2025-05-30,C1056,Central,Furniture,Table Lamp,1,57.38,0.05,54.51,38.22,16.29,0.2988442487616951,2025,5,May,2025-05
716,2025-09-11,C1241,East,Electronics,Smartphone,6,493.87,0.0,2963.22,1848.72,1114.5,0.3761111223601353,2025,9,Sep,2025-09
717,2024-12-20,C1534,West,Accessories,Backpack,4,42.08,0.0,168.32,132.62,35.7,0.21209600760456276,2024,12,Dec,2024-12
718,2025-01-01,C1013,North,Accessories,USB Hub,2,32.46,0.2,51.94,50.93,1.01,0.019445514054678478,2025,1,Jan,2025-01
719,2025-11-23,C1547,East,Furniture,Desk,1,256.42,0.05,243.6,183.76,59.84,0.24564860426929394,2025,11,Nov,2025-11
720,2024-09-15,C1579,South,Furniture,Desk,7,262.44,0.0,1837.08,1380.51,456.57,0.2485302763080541,2024,9,Sep,2024-09
721,2025-12-12,C1464,North,Furniture,Office Chair,2,166.49,0.15,283.03,245.27,37.76,0.13341341907218315,2025,12,Dec,2025-12
722,2025-01-30,C1214,North,Accessories,Mouse,6,23.03,0.1,124.36,105.87,18.49,0.14868124798970728,2025,1,Jan,2025-01
723,2025-08-23,C1133,East,Electronics,Monitor,5,209.68,0.1,943.56,811.07,132.49,0.14041502395184197,2025,8,Aug,2025-08
724,2024-06-14,C1300,North,Accessories,Mouse,7,23.83,0.05,158.47,114.05,44.42,0.2803054205843377,2024,6,Jun,2024-06
725,2024-03-22,C1464,South,Electronics,Smartphone,3,482.32,0.05,1374.61,1070.84,303.77,0.2209863161187537,2024,3,Mar,2024-03
726,2025-01-09,C1128,East,Electronics,Monitor,5,202.95,0.0,1014.75,600.56,414.19,0.40816949987681694,2025,1,Jan,2025-01
727,2025-06-02,C1154,North,Electronics,Smartphone,5,490.6,0.15,2085.05,1914.31,170.74,0.08188772451499964,2025,6,Jun,2025-06
728,2025-07-13,C1003,North,Office Supplies,Notebook,6,7.75,0.1,41.85,38.1,3.75,0.08960573476702509,2025,7,Jul,2025-07
729,2024-03-04,C1102,West,Office Supplies,Printer Paper,2,11.34,0.0,22.68,15.37,7.31,0.322310405643739,2024,3,Mar,2024-03
730,2024-02-15,C1412,North,Electronics,Headphones,2,90.26,0.15,153.44,128.06,25.38,0.16540667361835246,2024,2,Feb,2024-02
731,2025-09-06,C1509,West,Office Supplies,Stapler,3,13.79,0.0,41.37,24.63,16.74,0.40464104423495284,2025,9,Sep,2025-09
732,2025-08-03,C1085,Central,Furniture,Desk,5,248.31,0.15,1055.32,838.68,216.64,0.2052837054163666,2025,8,Aug,2025-08
733,2024-02-18,C1346,South,Accessories,Mouse,2,26.58,0.1,47.84,40.4,7.44,0.15551839464882944,2024,2,Feb,2024-02
734,2024-08-17,C1259,South,Electronics,Laptop,6,598.33,0.1,3230.98,2092.46,1138.52,0.3523760592761329,2024,8,Aug,2024-08
735,2024-02-16,C1358,Central,Furniture,Bookshelf,3,144.78,0.0,434.34,337.53,96.81,0.22288990192015473,2024,2,Feb,2024-02
736,2024-06-22,C1448,Central,Furniture,Office Chair,5,174.02,0.1,783.09,557.75,225.34,0.28775747359818155,2024,6,Jun,2024-06
737,2024-09-04,C1394,North,Accessories,Mouse,2,25.23,0.05,47.94,30.37,17.57,0.3664997914059241,2024,9,Sep,2024-09
738,2025-05-16,C1412,North,Electronics,Smartphone,5,488.43,0.0,2442.15,1908.99,533.16,0.218315828266077,2025,5,May,2025-05
739,2025-03-07,C1541,East,Accessories,Backpack,1,45.87,0.05,43.58,29.62,13.96,0.32033042680128504,2025,3,Mar,2025-03
740,2024-08-07,C1537,West,Office Supplies,Printer Paper,7,11.48,0.1,72.32,59.99,12.33,0.17049225663716816,2024,8,Aug,2024-08
741,2024-03-13,C1314,Central,Accessories,Keyboard,2,32.24,0.0,64.48,49.98,14.5,0.2248759305210918,2024,3,Mar,2024-03
742,2024-11-21,C1536,West,Electronics,Smartphone,7,496.59,0.15,2954.71,2430.98,523.73,0.17725258993268375,2024,11,Nov,2024-11
743,2025-01-02,C1046,South,Electronics,Headphones,1,98.17,0.0,98.17,61.88,36.29,0.36966486706733215,2025,1,Jan,2025-01
744,2024-11-26,C1536,North,Office Supplies,Notebook,2,7.22,0.05,13.72,11.57,2.15,0.15670553935860057,2024,11,Nov,2024-11
745,2025-06-23,C1115,South,Electronics,Headphones,1,97.11,0.0,97.11,69.7,27.41,0.28225723406446296,2025,6,Jun,2025-06
746,2025-08-02,C1215,East,Furniture,Desk,3,249.33,0.05,710.59,497.48,213.11,0.29990571215468836,2025,8,Aug,2025-08
747,2024-11-10,C1455,East,Electronics,Laptop,2,708.15,0.0,1416.3,891.35,524.95,0.3706488738261668,2024,11,Nov,2024-11
748,2025-10-05,C1310,East,Office Supplies,Stapler,4,14.91,0.1,53.68,35.61,18.07,0.33662444113263784,2025,10,Oct,2025-10
749,2024-02-05,C1109,North,Electronics,Smartphone,3,445.57,0.1,1203.04,817.1,385.94,0.3208039632929911,2024,2,Feb,2024-02
750,2025-01-06,C1534,West,Furniture,Table Lamp,4,51.31,0.0,205.24,125.18,80.06,0.3900799064509842,2025,1,Jan,2025-01
751,2024-03-06,C1336,West,Office Supplies,Pen Set,7,9.08,0.0,63.56,43.81,19.75,0.3107300188797986,2024,3,Mar,2024-03
752,2024-07-06,C1059,East,Accessories,Keyboard,1,36.34,0.0,36.34,26.96,9.38,0.2581177765547606,2024,7,Jul,2024-07
753,2024-04-08,C1594,South,Electronics,Headphones,4,85.03,0.0,340.12,267.23,72.89,0.21430671527696107,2024,4,Apr,2024-04
754,2025-10-17,C1032,East,Furniture,Desk,7,263.82,0.0,1846.74,1114.7,732.04,0.3963958109966752,2025,10,Oct,2025-10
755,2024-03-14,C1574,Central,Accessories,Keyboard,1,34.82,0.1,31.34,27.51,3.83,0.12220804084237397,2024,3,Mar,2024-03
756,2025-11-27,C1260,North,Electronics,Laptop,7,687.88,0.05,4574.4,3579.27,995.13,0.21754328436516265,2025,11,Nov,2025-11
757,2024-03-22,C1320,East,Electronics,Headphones,3,88.29,0.1,238.38,191.51,46.87,0.19661884386274014,2024,3,Mar,2024-03
758,2024-04-11,C1462,North,Accessories,Mouse,4,27.5,0.15,93.5,69.38,24.12,0.2579679144385027,2024,4,Apr,2024-04
759,2024-04-01,C1234,South,Electronics,Smartphone,4,526.9,0.1,1896.84,1396.57,500.27,0.2637386389995993,2024,4,Apr,2024-04
760,2024-02-01,C1386,West,Furniture,Desk,4,244.6,0.1,880.56,628.68,251.88,0.2860452439356773,2024,2,Feb,2024-02
761,2024-03-02,C1445,East,Furniture,Bookshelf,5,129.86,0.15,551.91,385.06,166.85,0.3023137830443369,2024,3,Mar,2024-03
762,2024-06-20,C1330,North,Office Supplies,Printer Paper,2,11.96,0.05,22.72,14.24,8.48,0.37323943661971837,2024,6,Jun,2024-06
763,2025-11-13,C1515,South,Office Supplies,Printer Paper,7,12.2,0.0,85.4,55.68,29.72,0.3480093676814988,2025,11,Nov,2025-11
764,2024-01-26,C1484,West,Accessories,Keyboard,3,37.74,0.05,107.56,87.78,19.78,0.18389735961323914,2024,1,Jan,2024-01
765,2025-03-25,C1491,South,Accessories,Keyboard,5,31.7,0.1,142.65,116.42,26.23,0.18387662110059586,2025,3,Mar,2025-03
766,2024-09-11,C1275,North,Office Supplies,Printer Paper,1,11.26,0.2,9.01,8.47,0.54,0.059933407325194234,2024,9,Sep,2024-09
767,2025-12-19,C1413,North,Office Supplies,Pen Set,2,10.05,0.05,19.1,12.62,6.48,0.3392670157068063,2025,12,Dec,2025-12
768,2024-06-15,C1524,West,Electronics,Laptop,3,712.69,0.0,2138.07,1436.56,701.51,0.32810431838059556,2024,6,Jun,2024-06
769,2024-03-12,C1018,South,Office Supplies,Notebook,1,7.61,0.05,7.23,6.0,1.23,0.1701244813278008,2024,3,Mar,2024-03
770,2024-04-26,C1369,West,Furniture,Bookshelf,1,139.6,0.05,132.62,99.93,32.69,0.24649374151711656,2024,4,Apr,2024-04
771,2025-10-07,C1446,West,Furniture,Table Lamp,2,54.92,0.1,98.86,68.78,30.08,0.3042686627554117,2025,10,Oct,2025-10
772,2024-07-04,C1455,Central,Electronics,Smartphone,2,492.63,0.1,886.73,699.84,186.89,0.21076314097865187,2024,7,Jul,2024-07
773,2024-04-13,C1226,North,Office Supplies,Notebook,2,7.55,0.1,13.59,9.35,4.24,0.31199411331861665,2024,4,Apr,2024-04
774,2024-02-20,C1497,Central,Electronics,Headphones,7,96.39,0.0,674.73,449.44,225.29,0.33389652157159155,2024,2,Feb,2024-02
775,2025-02-06,C1129,North,Accessories,USB Hub,4,28.47,0.1,102.49,85.66,16.83,0.1642111425504927,2025,2,Feb,2025-02
776,2024-03-31,C1024,North,Furniture,Table Lamp,5,49.77,0.05,236.41,168.63,67.78,0.28670530011420836,2024,3,Mar,2024-03
777,2024-04-08,C1351,East,Accessories,Keyboard,6,35.95,0.15,183.34,127.26,56.08,0.3058797861895931,2024,4,Apr,2024-04
778,2025-07-07,C1232,Central,Furniture,Office Chair,3,162.26,0.0,462.44,361.8,100.64,0.21762823285182942,2025,7,Jul,2025-07
779,2025-06-24,C1599,North,Office Supplies,Notebook,1,8.21,0.0,8.21,6.53,1.68,0.20462850182704018,2025,6,Jun,2025-06
780,2024-05-28,C1429,West,Furniture,Desk,3,274.14,0.05,781.3,572.51,208.79,0.2672340970177909,2024,5,May,2024-05
781,2024-01-17,C1215,Central,Electronics,Monitor,3,232.82,0.15,593.69,438.79,154.9,0.26091057622665026,2024,1,Jan,2024-01
782,2024-06-06,C1423,North,Accessories,Backpack,3,43.89,0.1,118.5,106.86,11.64,0.09822784810126582,2024,6,Jun,2024-06
783,2025-08-28,C1539,South,Accessories,USB Hub,7,28.55,0.05,189.86,149.55,40.31,0.21231433687980616,2025,8,Aug,2025-08
784,2024-01-02,C1038,West,Accessories,Backpack,4,44.64,0.1,160.7,124.95,35.75,0.2224642190416926,2024,1,Jan,2024-01
785,2025-10-21,C1013,West,Furniture,Table Lamp,2,51.14,0.05,97.17,75.24,21.93,0.22568694041370793,2025,10,Oct,2025-10
786,2025-07-13,C1387,North,Accessories,USB Hub,6,30.76,0.0,184.56,118.26,66.3,0.35923276983094926,2025,7,Jul,2025-07
787,2025-04-12,C1498,East,Furniture,Desk,1,262.44,0.0,262.44,186.62,75.82,0.28890413046791646,2025,4,Apr,2025-04
788,2024-11-27,C1172,South,Electronics,Laptop,6,684.39,0.15,3490.39,2459.61,1030.78,0.2953194342179527,2024,11,Nov,2024-11
789,2025-10-10,C1325,North,Electronics,Smartphone,5,518.68,0.2,2074.72,1937.84,136.88,0.0659751677334773,2025,10,Oct,2025-10
790,2024-08-01,C1311,South,Office Supplies,Printer Paper,1,11.8,0.05,11.21,6.97,4.24,0.37823371989295274,2024,8,Aug,2024-08
791,2025-06-11,C1401,East,Electronics,Laptop,7,660.57,0.15,3930.39,2769.51,1160.88,0.29536000244250576,2025,6,Jun,2025-06
792,2024-10-05,C1589,East,Accessories,Keyboard,5,37.44,0.05,177.84,130.72,47.12,0.26495726495726496,2024,10,Oct,2024-10
793,2025-04-10,C1531,East,Accessories,Mouse,2,27.17,0.1,48.91,40.99,7.92,0.16193007564915152,2025,4,Apr,2025-04
794,2025-12-31,C1523,Central,Office Supplies,Printer Paper,4,13.15,0.1,47.34,40.27,7.07,0.14934516265314743,2025,12,Dec,2025-12
795,2025-02-03,C1424,North,Furniture,Bookshelf,1,135.05,0.0,135.05,95.96,39.09,0.2894483524620511,2025,2,Feb,2025-02
796,2025-06-07,C1283,South,Office Supplies,Pen Set,4,9.37,0.0,37.48,26.21,11.27,0.3006937033084312,2025,6,Jun,2025-06
797,2025-02-07,C1567,West,Electronics,Laptop,5,648.61,0.0,3243.05,2103.64,1139.41,0.3513390172831131,2025,2,Feb,2025-02
798,2024-04-10,C1543,North,Office Supplies,Pen Set,5,9.4,0.15,39.95,37.12,2.83,0.07083854818523154,2024,4,Apr,2024-04
799,2024-11-10,C1109,Central,Electronics,Laptop,6,595.65,0.05,3395.2,2240.96,1154.24,0.3399622997172479,2024,11,Nov,2024-11
800,2025-12-03,C1508,Central,Furniture,Table Lamp,4,52.47,0.1,188.89,157.11,31.78,0.16824606914076978,2025,12,Dec,2025-12
801,2024-08-14,C1433,Central,Electronics,Smartphone,6,442.91,0.0,2657.46,1543.83,1113.63,0.41905804791041074,2024,8,Aug,2024-08
802,2025-05-10,C1541,West,Office Supplies,Pen Set,4,10.33,0.1,37.19,25.96,11.23,0.30196289325087394,2025,5,May,2025-05
803,2025-09-17,C1059,North,Electronics,Monitor,7,228.77,0.1,1441.25,971.86,469.39,0.32568256721595834,2025,9,Sep,2025-09
804,2025-08-24,C1562,East,Furniture,Desk,3,240.14,0.1,648.38,548.65,99.73,0.15381412134859188,2025,8,Aug,2025-08
805,2024-04-27,C1412,East,Accessories,Mouse,7,23.37,0.1,147.23,123.34,23.89,0.16226312572166,2024,4,Apr,2024-04
806,2024-03-15,C1480,North,Office Supplies,Pen Set,7,10.67,0.0,74.69,46.09,28.6,0.38291605301914583,2024,3,Mar,2024-03
807,2024-05-30,C1243,South,Electronics,Smartphone,1,486.39,0.0,486.39,357.93,128.46,0.26410904829457843,2024,5,May,2024-05
808,2025-05-26,C1399,South,Electronics,Smartphone,6,516.71,0.0,3100.26,2223.52,876.74,0.2827956364950036,2025,5,May,2025-05
809,2025-02-10,C1326,East,Furniture,Desk,4,246.54,0.05,936.85,575.69,361.16,0.3855046165341304,2025,2,Feb,2025-02
810,2025-01-05,C1214,North,Electronics,Monitor,5,206.76,0.0,1033.8,847.68,186.12,0.1800348229831689,2025,1,Jan,2025-01
811,2024-01-24,C1470,South,Accessories,Backpack,3,46.83,0.0,140.49,95.06,45.43,0.3233682112605879,2024,1,Jan,2024-01
812,2025-11-05,C1118,West,Accessories,Mouse,2,26.44,0.05,50.24,39.32,10.92,0.21735668789808915,2025,11,Nov,2025-11
813,2024-08-24,C1063,West,Electronics,Monitor,5,209.79,0.0,1048.95,739.35,309.6,0.2951522951522952,2024,8,Aug,2024-08
814,2025-11-17,C1511,North,Office Supplies,Pen Set,7,10.62,0.05,70.62,49.88,20.74,0.2936845086377796,2025,11,Nov,2025-11
815,2025-04-06,C1197,North,Accessories,Keyboard,2,35.02,0.05,66.54,48.92,17.62,0.2648031259392846,2025,4,Apr,2025-04
816,2025-01-01,C1455,South,Accessories,USB Hub,4,32.2,0.1,115.92,102.34,13.58,0.11714975845410627,2025,1,Jan,2025-01
817,2024-12-31,C1590,South,Office Supplies,Notebook,3,7.47,0.1,20.17,17.29,2.88,0.14278631631135347,2024,12,Dec,2024-12
818,2025-09-11,C1284,East,Accessories,Mouse,3,24.5,0.0,73.5,52.33,21.17,0.2880272108843538,2025,9,Sep,2025-09
819,2024-07-31,C1466,West,Accessories,USB Hub,2,30.12,0.05,57.23,37.69,19.54,0.341429320286563,2024,7,Jul,2024-07
820,2025-04-03,C1258,Central,Electronics,Smartphone,3,518.35,0.05,1477.3,1253.08,224.22,0.15177689027279498,2025,4,Apr,2025-04
821,2025-12-13,C1006,West,Furniture,Desk,2,274.3,0.2,438.88,400.07,38.81,0.08842963908129786,2025,12,Dec,2025-12
822,2024-08-23,C1569,East,Accessories,USB Hub,3,29.3,0.0,87.9,60.36,27.54,0.31331058020477814,2024,8,Aug,2024-08
823,2024-10-24,C1281,East,Electronics,Headphones,2,86.75,0.2,138.8,136.78,2.02,0.014553314121037463,2024,10,Oct,2024-10
824,2024-11-18,C1235,South,Electronics,Monitor,2,232.45,0.05,441.66,319.03,122.63,0.2776570212380564,2024,11,Nov,2024-11
825,2025-11-05,C1273,West,Furniture,Desk,5,253.1,0.05,1202.22,893.73,308.49,0.2566002894644907,2025,11,Nov,2025-11
826,2024-06-09,C1405,East,Office Supplies,Stapler,5,16.3,0.0,81.5,61.42,20.08,0.2463803680981595,2024,6,Jun,2024-06
827,2025-11-28,C1302,West,Electronics,Monitor,3,222.01,0.05,632.73,443.75,188.98,0.2986739999683909,2025,11,Nov,2025-11
828,2025-01-26,C1011,North,Accessories,Mouse,3,22.76,0.05,64.87,40.22,24.65,0.37999075073223365,2025,1,Jan,2025-01
829,2025-03-21,C1253,East,Furniture,Desk,6,242.75,0.1,1310.85,911.16,399.69,0.3049090284929626,2025,3,Mar,2025-03
830,2024-06-28,C1570,West,Accessories,USB Hub,4,28.64,0.0,114.56,93.39,21.17,0.18479399441340782,2024,6,Jun,2024-06
831,2024-04-02,C1232,Central,Electronics,Headphones,3,97.57,0.1,263.44,237.8,25.64,0.09732766474339509,2024,4,Apr,2024-04
832,2025-04-01,C1141,East,Accessories,Mouse,7,24.83,0.0,173.81,110.83,62.98,0.3623496921926241,2025,4,Apr,2025-04
833,2025-02-18,C1140,East,Office Supplies,Pen Set,7,10.01,0.0,70.07,54.6,15.47,0.2207792207792208,2025,2,Feb,2025-02
834,2024-12-22,C1031,South,Accessories,USB Hub,6,27.24,0.0,163.44,123.87,39.57,0.2421071953010279,2024,12,Dec,2024-12
835,2024-08-27,C1422,North,Electronics,Laptop,4,668.93,0.1,2408.15,2124.77,283.38,0.11767539397462783,2024,8,Aug,2024-08
836,2025-04-24,C1289,East,Office Supplies,Notebook,7,7.34,0.1,46.24,34.9,11.34,0.24524221453287195,2025,4,Apr,2025-04
837,2024-12-02,C1576,Central,Electronics,Smartphone,3,474.3,0.05,1351.76,1117.93,233.83,0.17298189027638045,2024,12,Dec,2024-12
838,2025-09-26,C1550,West,Office Supplies,Stapler,1,15.07,0.1,13.56,8.83,4.73,0.34882005899705015,2025,9,Sep,2025-09
839,2024-06-29,C1396,South,Office Supplies,Pen Set,4,9.38,0.0,37.52,22.89,14.63,0.38992537313432835,2024,6,Jun,2024-06
840,2025-08-30,C1230,Central,Office Supplies,Stapler,6,14.9,0.2,71.52,53.1,18.42,0.25755033557046986,2025,8,Aug,2025-08
841,2024-06-30,C1394,North,Office Supplies,Stapler,1,15.27,0.0,15.27,11.5,3.77,0.24688932547478717,2024,6,Jun,2024-06
842,2025-11-26,C1221,East,Electronics,Smartphone,3,468.35,0.1,1264.55,1136.77,127.78,0.1010478035664861,2025,11,Nov,2025-11
843,2025-03-13,C1331,South,Electronics,Headphones,4,91.71,0.0,366.84,260.24,106.6,0.29058990295496673,2025,3,Mar,2025-03
844,2024-04-13,C1023,East,Electronics,Monitor,2,202.17,0.0,404.34,237.71,166.63,0.41210367512489493,2024,4,Apr,2024-04
845,2025-07-11,C1128,West,Electronics,Laptop,3,674.08,0.0,2022.24,1649.45,372.79,0.18434508268059183,2025,7,Jul,2025-07
846,2024-06-06,C1177,Central,Electronics,Monitor,2,213.69,0.15,363.27,274.69,88.58,0.24384066947449556,2024,6,Jun,2024-06
847,2024-08-15,C1357,West,Electronics,Headphones,6,90.85,0.1,490.59,401.19,89.4,0.1822295603253226,2024,8,Aug,2024-08
848,2025-10-18,C1303,North,Furniture,Office Chair,3,174.95,0.1,472.36,355.53,116.83,0.24733254297569648,2025,10,Oct,2025-10
849,2024-09-18,C1138,North,Electronics,Monitor,3,229.45,0.05,653.93,498.99,154.94,0.23693667517930056,2024,9,Sep,2024-09
850,2024-05-08,C1094,South,Furniture,Table Lamp,7,51.94,0.0,363.58,278.98,84.6,0.23268606634028274,2024,5,May,2024-05
851,2024-11-22,C1441,North,Furniture,Bookshelf,1,148.61,0.0,148.61,113.71,34.9,0.23484287732992393,2024,11,Nov,2024-11
852,2025-10-14,C1128,Central,Office Supplies,Pen Set,1,10.6,0.15,9.01,7.44,1.57,0.17425083240843509,2025,10,Oct,2025-10
853,2025-12-02,C1016,West,Office Supplies,Pen Set,1,9.45,0.0,9.45,5.96,3.49,0.36931216931216937,2025,12,Dec,2025-12
854,2025-02-26,C1297,North,Accessories,USB Hub,4,29.19,0.15,99.25,91.3,7.95,0.0801007556675063,2025,2,Feb,2025-02
855,2025-05-24,C1359,North,Electronics,Smartphone,7,515.32,0.15,3066.15,2524.79,541.36,0.1765601813348988,2025,5,May,2025-05
856,2025-12-06,C1153,West,Electronics,Laptop,1,619.92,0.2,495.94,433.17,62.77,0.12656772996733476,2025,12,Dec,2025-12
857,2024-05-06,C1052,West,Electronics,Smartphone,4,462.46,0.1,1664.86,1287.66,377.2,0.2265655971072643,2024,5,May,2024-05
858,2025-12-07,C1598,West,Office Supplies,Pen Set,1,10.51,0.0,10.51,8.51,2.0,0.19029495718363465,2025,12,Dec,2025-12
859,2025-05-23,C1485,North,Furniture,Office Chair,4,187.09,0.05,710.94,534.65,176.29,0.2479674796747967,2025,5,May,2025-05
860,2025-08-23,C1340,West,Furniture,Office Chair,6,184.93,0.0,1109.58,903.14,206.44,0.1860523801798879,2025,8,Aug,2025-08
861,2025-02-16,C1558,South,Furniture,Office Chair,3,188.62,0.15,480.98,339.96,141.02,0.293193064160672,2025,2,Feb,2025-02
862,2024-04-22,C1319,East,Electronics,Smartphone,5,475.58,0.1,2140.11,1551.34,588.77,0.27511202695188564,2024,4,Apr,2024-04
863,2025-01-03,C1177,West,Electronics,Smartphone,4,520.39,0.0,2081.56,1497.85,583.71,0.28041949307250336,2025,1,Jan,2025-01
864,2024-12-06,C1454,East,Furniture,Bookshelf,1,129.27,0.1,116.34,78.98,37.36,0.32112772906996734,2024,12,Dec,2024-12
865,2024-12-21,C1390,Central,Electronics,Headphones,3,85.46,0.1,230.74,150.94,79.8,0.34584380688220506,2024,12,Dec,2024-12
866,2025-03-09,C1253,West,Electronics,Laptop,7,679.31,0.05,4517.41,2887.22,1630.19,0.3608682851456919,2025,3,Mar,2025-03
867,2024-09-02,C1551,West,Office Supplies,Printer Paper,4,10.97,0.05,41.69,29.09,12.6,0.30223075077956346,2024,9,Sep,2024-09
868,2025-03-30,C1128,East,Electronics,Laptop,5,668.12,0.1,3006.54,2208.54,798.0,0.2654213813885729,2025,3,Mar,2025-03
869,2024-10-13,C1323,East,Electronics,Monitor,2,232.94,0.1,419.29,325.51,93.78,0.22366381263564597,2024,10,Oct,2024-10
870,2024-02-25,C1071,South,Furniture,Table Lamp,4,57.04,0.15,193.94,179.37,14.57,0.07512632773022584,2024,2,Feb,2024-02
871,2025-08-16,C1133,South,Electronics,Monitor,4,209.05,0.05,794.39,549.33,245.06,0.3084882740215763,2025,8,Aug,2025-08
872,2025-01-29,C1324,East,Furniture,Bookshelf,2,148.29,0.05,281.75,193.78,87.97,0.31222715173025734,2025,1,Jan,2025-01
873,2025-01-30,C1024,West,Electronics,Smartphone,6,509.54,0.05,2904.38,1953.95,950.43,0.32724023715904943,2025,1,Jan,2025-01
874,2024-11-06,C1497,Central,Office Supplies,Stapler,6,15.08,0.1,81.43,66.71,14.72,0.18076875844283433,2024,11,Nov,2024-11
875,2025-08-09,C1387,Central,Electronics,Laptop,1,633.45,0.0,633.45,420.87,212.58,0.33559081221880177,2025,8,Aug,2025-08
876,2024-05-17,C1371,West,Electronics,Headphones,2,91.11,0.15,154.89,138.09,16.8,0.10846407127638971,2024,5,May,2024-05
877,2025-01-19,C1393,South,Accessories,Keyboard,1,36.72,0.1,33.05,24.64,8.41,0.25446293494704997,2025,1,Jan,2025-01
878,2025-06-17,C1452,East,Accessories,Backpack,4,46.45,0.1,167.22,148.04,19.18,0.11469919866044731,2025,6,Jun,2025-06
879,2024-04-14,C1239,East,Electronics,Smartphone,3,446.78,0.0,1340.34,1004.3,336.04,0.250712505782115,2024,4,Apr,2024-04
880,2024-01-07,C1192,East,Office Supplies,Pen Set,5,10.49,0.15,44.58,30.86,13.72,0.3077613279497533,2024,1,Jan,2024-01
881,2025-12-30,C1363,West,Electronics,Laptop,1,646.63,0.15,549.64,375.68,173.96,0.3164980714649589,2025,12,Dec,2025-12
882,2025-05-19,C1176,East,Electronics,Laptop,4,608.12,0.1,2189.23,1929.56,259.67,0.11861248018709775,2025,5,May,2025-05
883,2025-06-28,C1393,West,Office Supplies,Pen Set,1,10.47,0.15,8.9,8.29,0.61,0.06853932584269662,2025,6,Jun,2025-06
884,2025-11-30,C1568,West,Accessories,Backpack,1,45.16,0.0,45.16,32.56,12.6,0.27900797165633306,2025,11,Nov,2025-11
885,2024-08-23,C1582,East,Accessories,Mouse,2,23.93,0.2,38.29,30.98,7.31,0.19091146513449986,2024,8,Aug,2024-08
886,2024-10-13,C1548,Central,Furniture,Desk,6,265.76,0.1,1435.1,1025.99,409.11,0.28507421085638635,2024,10,Oct,2024-10
887,2025-07-13,C1101,East,Accessories,USB Hub,6,31.84,0.1,171.94,118.0,53.94,0.31371408630917763,2025,7,Jul,2025-07
888,2025-06-24,C1188,South,Office Supplies,Pen Set,2,10.1,0.05,19.19,14.62,4.57,0.23814486711829078,2025,6,Jun,2025-06
889,2024-11-12,C1266,East,Office Supplies,Printer Paper,4,12.15,0.15,41.31,32.97,8.34,0.2018881626724764,2024,11,Nov,2024-11
890,2025-11-24,C1369,North,Electronics,Laptop,7,710.01,0.05,4721.57,3255.81,1465.76,0.3104391124138793,2025,11,Nov,2025-11
891,2025-10-12,C1520,West,Furniture,Office Chair,3,191.45,0.1,516.92,465.17,51.75,0.10011220304882767,2025,10,Oct,2025-10
892,2025-12-17,C1293,South,Office Supplies,Printer Paper,7,12.71,0.0,88.97,61.79,27.18,0.3054962346858492,2025,12,Dec,2025-12
893,2024-05-11,C1586,East,Accessories,Mouse,1,26.5,0.15,22.52,21.3,1.22,0.0541740674955595,2024,5,May,2024-05
894,2024-10-04,C1306,North,Accessories,Keyboard,2,38.24,0.0,76.48,49.68,26.8,0.350418410041841,2024,10,Oct,2024-10
895,2025-06-10,C1299,East,Accessories,Keyboard,5,34.07,0.0,170.35,124.12,46.23,0.2713824479013795,2025,6,Jun,2025-06
896,2024-10-02,C1554,East,Office Supplies,Printer Paper,2,12.03,0.1,21.65,15.87,5.78,0.26697459584295613,2024,10,Oct,2024-10
897,2024-03-08,C1179,East,Furniture,Table Lamp,2,53.75,0.05,102.12,80.15,21.97,0.21513905209557382,2024,3,Mar,2024-03
898,2025-04-21,C1531,West,Electronics,Monitor,3,201.16,0.1,543.13,481.67,61.46,0.1131589122309576,2025,4,Apr,2025-04
899,2024-06-07,C1589,North,Furniture,Bookshelf,7,131.03,0.05,871.35,659.23,212.12,0.24343834280140011,2024,6,Jun,2024-06
900,2025-02-22,C1230,East,Office Supplies,Stapler,6,14.35,0.05,81.79,59.82,21.97,0.26861474507886046,2025,2,Feb,2025-02
901,2024-04-05,C1382,East,Office Supplies,Notebook,1,7.32,0.0,7.32,5.19,2.13,0.29098360655737704,2024,4,Apr,2024-04
902,2024-05-17,C1285,North,Accessories,USB Hub,5,29.9,0.15,127.08,110.37,16.71,0.13149197355996223,2024,5,May,2024-05
903,2024-09-30,C1210,West,Office Supplies,Notebook,6,7.38,0.0,44.28,34.2,10.08,0.22764227642276422,2024,9,Sep,2024-09
904,2025-02-17,C1465,East,Office Supplies,Stapler,4,15.79,0.1,56.84,48.23,8.61,0.15147783251231525,2025,2,Feb,2025-02
905,2024-08-15,C1291,West,Accessories,Keyboard,6,38.34,0.05,218.54,144.5,74.04,0.3387938134895214,2024,8,Aug,2024-08
906,2024-02-22,C1560,South,Electronics,Monitor,4,225.08,0.15,765.27,611.2,154.07,0.2013276359977524,2024,2,Feb,2024-02
907,2024-07-31,C1410,Central,Accessories,Mouse,5,24.41,0.1,109.84,79.04,30.8,0.28040786598689,2024,7,Jul,2024-07
908,2025-09-05,C1540,West,Furniture,Desk,3,257.18,0.0,771.54,456.63,314.91,0.40815771055292016,2025,9,Sep,2025-09
909,2024-09-01,C1143,South,Office Supplies,Notebook,2,8.06,0.1,14.51,9.37,5.14,0.35423845623707784,2024,9,Sep,2024-09
910,2024-12-17,C1224,South,Accessories,Keyboard,5,38.31,0.1,172.4,147.44,24.96,0.14477958236658933,2024,12,Dec,2024-12
911,2024-02-12,C1063,East,Electronics,Monitor,4,221.79,0.05,842.8,658.76,184.04,0.21836734693877552,2024,2,Feb,2024-02
912,2025-07-14,C1463,East,Furniture,Bookshelf,4,134.35,0.1,483.66,328.0,155.66,0.32183765455071744,2025,7,Jul,2025-07
913,2024-07-17,C1157,North,Electronics,Monitor,6,235.39,0.1,1271.11,918.31,352.8,0.2775526901684355,2024,7,Jul,2024-07
914,2025-12-02,C1558,West,Office Supplies,Notebook,3,8.06,0.0,24.18,19.45,4.73,0.19561621174524402,2025,12,Dec,2025-12
915,2024-03-13,C1317,West,Electronics,Headphones,5,83.83,0.05,398.19,246.23,151.96,0.381626861548507,2024,3,Mar,2024-03
916,2025-12-05,C1049,South,Electronics,Smartphone,4,496.04,0.1,1785.74,1584.9,200.84,0.11246878044956153,2025,12,Dec,2025-12
917,2025-05-01,C1349,West,Electronics,Headphones,3,94.8,0.15,241.74,188.89,52.85,0.2186233143046248,2025,5,May,2025-05
918,2024-09-27,C1167,East,Electronics,Monitor,6,209.02,0.0,1254.12,969.96,284.16,0.2265811884030237,2024,9,Sep,2024-09
919,2025-10-03,C1209,West,Electronics,Monitor,1,201.23,0.15,171.05,159.9,11.15,0.06518561824028062,2025,10,Oct,2025-10
920,2025-07-03,C1300,West,Electronics,Headphones,1,88.23,0.1,79.41,52.79,26.62,0.3352222641984637,2025,7,Jul,2025-07
921,2025-09-13,C1364,West,Electronics,Headphones,1,91.54,0.05,86.96,65.98,20.98,0.24126034958601658,2025,9,Sep,2025-09
922,2025-10-13,C1011,Central,Accessories,USB Hub,5,28.6,0.15,121.55,103.22,18.33,0.15080213903743314,2025,10,Oct,2025-10
923,2024-11-15,C1209,North,Accessories,Mouse,1,26.43,0.1,23.79,20.37,3.42,0.1437578814627995,2024,11,Nov,2024-11
924,2024-10-07,C1144,East,Accessories,Backpack,3,42.96,0.05,122.44,89.09,33.35,0.2723783077425678,2024,10,Oct,2024-10
925,2024-10-15,C1464,East,Furniture,Desk,2,234.79,0.05,446.1,304.33,141.77,0.3177986998430845,2024,10,Oct,2024-10
926,2024-09-26,C1497,West,Furniture,Bookshelf,3,132.78,0.05,378.42,319.42,59.0,0.15591142117224246,2024,9,Sep,2024-09
927,2024-11-23,C1346,East,Office Supplies,Pen Set,5,9.37,0.05,44.51,33.63,10.88,0.24443945180858237,2024,11,Nov,2024-11
928,2024-04-12,C1600,South,Office Supplies,Pen Set,5,10.3,0.05,48.92,30.1,18.82,0.3847097301717089,2024,4,Apr,2024-04
929,2024-01-11,C1017,West,Electronics,Laptop,3,705.02,0.0,2115.06,1576.62,538.44,0.25457433831664356,2024,1,Jan,2024-01
930,2024-12-16,C1104,South,Office Supplies,Printer Paper,5,11.37,0.0,56.85,45.11,11.74,0.20650835532102021,2024,12,Dec,2024-12
931,2024-07-22,C1266,North,Accessories,Keyboard,6,31.97,0.0,191.82,112.55,79.27,0.41325200708998017,2024,7,Jul,2024-07
932,2025-06-05,C1101,Central,Furniture,Desk,5,255.22,0.15,1084.68,798.72,285.96,0.2636353578935723,2025,6,Jun,2025-06
933,2024-02-25,C1168,South,Electronics,Headphones,2,83.04,0.1,149.47,127.13,22.34,0.1494614303873687,2024,2,Feb,2024-02
934,2025-03-10,C1584,East,Furniture,Table Lamp,6,53.07,0.0,318.42,256.91,61.51,0.1931725394133534,2025,3,Mar,2025-03
935,2024-01-30,C1269,North,Furniture,Desk,3,266.57,0.15,679.75,592.24,87.51,0.12873850680397206,2024,1,Jan,2024-01
936,2025-11-28,C1096,Central,Electronics,Monitor,7,239.08,0.0,1673.56,1259.84,413.72,0.24720954133703008,2025,11,Nov,2025-11
937,2025-05-24,C1192,East,Office Supplies,Stapler,3,16.39,0.0,49.17,39.02,10.15,0.20642668293675004,2025,5,May,2025-05
938,2025-08-13,C1538,West,Furniture,Bookshelf,6,142.27,0.05,810.94,644.63,166.31,0.20508299011024242,2025,8,Aug,2025-08
939,2024-07-28,C1186,West,Office Supplies,Notebook,3,7.41,0.1,20.01,16.93,3.08,0.1539230384807596,2024,7,Jul,2024-07
940,2024-09-09,C1156,East,Accessories,Mouse,5,22.98,0.1,103.41,79.77,23.64,0.22860458369596753,2024,9,Sep,2024-09
941,2024-08-25,C1349,West,Electronics,Smartphone,5,471.32,0.0,2356.6,1808.03,548.57,0.23278027666977852,2024,8,Aug,2024-08
942,2025-12-08,C1099,South,Accessories,Mouse,2,25.01,0.05,47.52,36.28,11.24,0.2365319865319865,2025,12,Dec,2025-12
943,2025-06-22,C1271,East,Furniture,Office Chair,7,171.47,0.15,1020.25,760.86,259.39,0.2542416074491546,2025,6,Jun,2025-06
944,2025-06-03,C1339,South,Office Supplies,Pen Set,2,9.17,0.15,15.59,14.67,0.92,0.059012187299550996,2025,6,Jun,2025-06
945,2024-09-17,C1560,South,Furniture,Bookshelf,4,138.78,0.1,499.61,344.72,154.89,0.31002181701727344,2024,9,Sep,2024-09
946,2024-04-18,C1047,East,Electronics,Monitor,3,229.45,0.1,619.52,554.16,65.36,0.10550103305785125,2024,4,Apr,2024-04
947,2025-08-13,C1046,South,Electronics,Laptop,2,711.37,0.15,1209.33,1118.61,90.72,0.07501674480910918,2025,8,Aug,2025-08
948,2025-05-18,C1060,East,Electronics,Laptop,7,655.7,0.0,4589.9,3035.08,1554.82,0.3387481208740931,2025,5,May,2025-05
949,2025-03-17,C1091,West,Accessories,Keyboard,7,36.37,0.1,229.13,198.1,31.03,0.13542530441234235,2025,3,Mar,2025-03
950,2024-06-15,C1395,Central,Electronics,Monitor,4,238.23,0.15,809.98,613.36,196.62,0.2427467344872713,2024,6,Jun,2024-06
951,2024-03-14,C1459,South,Electronics,Monitor,7,238.7,0.2,1336.72,1284.19,52.53,0.03929768388293734,2024,3,Mar,2024-03
952,2024-03-10,C1431,West,Furniture,Desk,7,243.96,0.0,1707.72,1148.78,558.94,0.3273018996088352,2024,3,Mar,2024-03
953,2024-11-20,C1060,North,Electronics,Monitor,7,201.16,0.0,1408.12,1039.71,368.41,0.26163253131835357,2024,11,Nov,2024-11
954,2025-01-31,C1383,West,Office Supplies,Printer Paper,1,11.14,0.0,11.14,8.13,3.01,0.27019748653500897,2025,1,Jan,2025-01
955,2024-06-06,C1449,Central,Accessories,Backpack,7,43.57,0.1,274.49,247.3,27.19,0.0990564319283034,2024,6,Jun,2024-06
956,2024-09-13,C1145,North,Accessories,Backpack,3,43.78,0.05,124.77,96.33,28.44,0.22793940851166147,2024,9,Sep,2024-09
957,2024-12-31,C1178,South,Accessories,USB Hub,4,32.0,0.15,108.8,83.38,25.42,0.23363970588235297,2024,12,Dec,2024-12
958,2024-10-19,C1374,Central,Furniture,Table Lamp,3,50.23,0.05,143.16,123.18,19.98,0.13956412405699917,2024,10,Oct,2024-10
959,2024-03-20,C1573,West,Furniture,Table Lamp,1,55.35,0.0,55.35,38.51,16.84,0.30424570912375787,2024,3,Mar,2024-03
960,2025-08-28,C1160,West,Office Supplies,Notebook,2,7.36,0.0,14.72,10.57,4.15,0.281929347826087,2025,8,Aug,2025-08
961,2024-08-24,C1473,North,Electronics,Laptop,2,704.86,0.1,1268.75,883.63,385.12,0.30354285714285717,2024,8,Aug,2024-08
962,2025-11-01,C1486,North,Furniture,Desk,6,256.09,0.05,1459.71,938.46,521.25,0.35709147707421335,2025,11,Nov,2025-11
963,2025-02-09,C1147,West,Office Supplies,Pen Set,5,9.03,0.1,40.64,27.94,12.7,0.3125,2025,2,Feb,2025-02
964,2024-05-01,C1427,North,Office Supplies,Pen Set,2,9.54,0.0,19.08,14.06,5.02,0.2631027253668763,2024,5,May,2024-05
965,2025-02-24,C1379,North,Office Supplies,Notebook,5,8.02,0.15,34.08,24.28,9.8,0.28755868544600943,2025,2,Feb,2025-02
966,2024-01-02,C1275,East,Electronics,Smartphone,2,457.25,0.05,868.78,566.32,302.46,0.34814337346624,2024,1,Jan,2024-01
967,2024-01-07,C1203,North,Furniture,Table Lamp,6,55.67,0.2,267.22,248.84,18.38,0.06878227677569043,2024,1,Jan,2024-01
968,2025-06-26,C1126,North,Accessories,Backpack,6,46.35,0.05,264.2,162.95,101.25,0.38323239969719913,2025,6,Jun,2025-06
969,2025-05-08,C1562,East,Electronics,Headphones,3,81.33,0.0,243.99,181.9,62.09,0.25447764252633304,2025,5,May,2025-05
970,2025-08-29,C1216,North,Furniture,Desk,5,260.68,0.1,1173.06,911.03,262.03,0.22337305849658157,2025,8,Aug,2025-08
971,2024-07-01,C1052,North,Electronics,Monitor,7,220.71,0.05,1467.72,1009.11,458.61,0.31246423023464964,2024,7,Jul,2024-07
972,2024-12-03,C1068,Central,Electronics,Laptop,4,665.11,0.0,2660.44,1826.46,833.98,0.3134744628708033,2024,12,Dec,2024-12
973,2025-05-20,C1184,West,Electronics,Laptop,4,680.45,0.1,2449.62,1614.64,834.98,0.34086103150692765,2025,5,May,2025-05
974,2024-01-23,C1467,South,Furniture,Office Chair,2,162.83,0.0,325.66,258.97,66.69,0.20478413068844806,2024,1,Jan,2024-01
975,2024-10-11,C1417,North,Electronics,Laptop,2,643.59,0.1,1158.46,979.37,179.09,0.15459316679039414,2024,10,Oct,2024-10
976,2024-06-24,C1041,West,Furniture,Bookshelf,4,129.26,0.1,465.34,366.45,98.89,0.21251128207332273,2024,6,Jun,2024-06
977,2024-05-01,C1061,South,Office Supplies,Notebook,5,8.17,0.2,32.68,27.66,5.02,0.1536107711138311,2024,5,May,2024-05
978,2025-05-16,C1333,South,Furniture,Desk,1,253.15,0.15,215.18,169.52,45.66,0.21219444186262662,2025,5,May,2025-05
979,2025-05-11,C1031,West,Accessories,Mouse,1,24.18,0.05,22.97,15.81,7.16,0.3117109272964737,2025,5,May,2025-05
980,2024-04-21,C1564,South,Furniture,Desk,2,234.42,0.1,421.96,282.63,139.33,0.3301971750876861,2024,4,Apr,2024-04
981,2025-03-08,C1067,East,Furniture,Table Lamp,5,54.13,0.1,243.59,219.43,24.16,0.09918305349152264,2025,3,Mar,2025-03
982,2025-07-26,C1312,West,Electronics,Smartphone,5,486.67,0.05,2311.68,1914.24,397.44,0.17192691029900334,2025,7,Jul,2025-07
983,2024-11-04,C1121,North,Accessories,USB Hub,5,30.26,0.1,136.17,118.0,18.17,0.13343614599397813,2024,11,Nov,2024-11
984,2024-07-15,C1200,West,Electronics,Laptop,4,699.89,0.0,2799.56,2001.0,798.56,0.28524482418665786,2024,7,Jul,2024-07
985,2025-06-11,C1012,Central,Electronics,Headphones,2,95.77,0.1,172.39,124.21,48.18,0.2794825685944661,2025,6,Jun,2025-06
986,2025-10-04,C1226,South,Office Supplies,Printer Paper,3,13.03,0.2,31.27,30.08,1.19,0.03805564438759194,2025,10,Oct,2025-10
987,2025-04-25,C1203,South,Accessories,Keyboard,7,34.19,0.0,239.33,186.83,52.5,0.2193623866627669,2025,4,Apr,2025-04
988,2025-02-20,C1258,West,Office Supplies,Pen Set,4,10.66,0.15,36.24,27.72,8.52,0.23509933774834435,2025,2,Feb,2025-02
989,2024-10-01,C1350,East,Accessories,Keyboard,5,36.96,0.0,184.8,118.39,66.41,0.3593614718614718,2024,10,Oct,2024-10
990,2024-03-24,C1411,West,Accessories,Keyboard,4,35.21,0.15,119.71,90.31,29.4,0.24559351766769694,2024,3,Mar,2024-03
991,2024-06-21,C1381,South,Furniture,Table Lamp,6,50.75,0.1,274.05,229.27,44.78,0.16340083926290822,2024,6,Jun,2024-06
992,2024-09-24,C1184,South,Accessories,Backpack,6,41.35,0.1,223.29,200.55,22.74,0.10184065564960365,2024,9,Sep,2024-09
993,2025-06-28,C1436,West,Electronics,Smartphone,4,500.58,0.1,1802.09,1601.84,200.25,0.11112097619985684,2025,6,Jun,2025-06
994,2024-04-06,C1008,West,Furniture,Office Chair,1,181.24,0.0,181.24,134.49,46.75,0.2579452659457073,2024,4,Apr,2024-04
995,2024-07-26,C1339,West,Furniture,Office Chair,4,192.24,0.0,768.96,579.78,189.18,0.24602059925093633,2024,7,Jul,2024-07
996,2025-03-13,C1095,North,Electronics,Laptop,2,671.84,0.05,1276.5,836.31,440.19,0.3448413631022327,2025,3,Mar,2025-03
997,2025-06-28,C1437,Central,Accessories,Mouse,7,24.18,0.1,152.33,106.75,45.58,0.2992188012866802,2025,6,Jun,2025-06
998,2025-01-02,C1345,Central,Furniture,Bookshelf,4,127.42,0.1,458.71,408.92,49.79,0.10854352423099563,2025,1,Jan,2025-01
999,2024-09-25,C1492,Central,Furniture,Office Chair,3,180.48,0.1,487.3,398.58,88.72,0.1820644366919762,2024,9,Sep,2024-09
1000,2025-01-27,C1067,West,Accessories,Mouse,3,25.52,0.05,72.73,50.39,22.34,0.30716348136944865,2025,1,Jan,2025-01
1001,2024-07-15,C1473,West,Electronics,Smartphone,2,437.41,0.1,787.34,512.41,274.93,0.3491884065333909,2024,7,Jul,2024-07
1002,2025-07-06,C1201,East,Electronics,Laptop,6,651.89,0.1,3520.21,2456.47,1063.74,0.3021808358024095,2025,7,Jul,2025-07
1003,2024-09-14,C1260,West,Electronics,Headphones,6,95.61,0.1,516.29,443.96,72.33,0.14009568265897074,2024,9,Sep,2024-09
1004,2025-01-07,C1081,West,Furniture,Bookshelf,6,143.4,0.0,860.4,659.66,200.74,0.23331008833100886,2025,1,Jan,2025-01
1005,2025-06-25,C1077,South,Electronics,Monitor,5,236.32,0.1,1063.44,782.41,281.03,0.26426502670578494,2025,6,Jun,2025-06
1006,2024-10-14,C1157,East,Accessories,Mouse,2,25.39,0.05,48.24,38.58,9.66,0.20024875621890548,2024,10,Oct,2024-10
1007,2024-09-17,C1542,North,Electronics,Headphones,3,92.07,0.1,248.59,192.18,56.41,0.22691982782895528,2024,9,Sep,2024-09
1008,2024-12-24,C1147,South,Electronics,Monitor,6,223.06,0.1,1204.52,1013.41,191.11,0.15866071132069207,2024,12,Dec,2024-12
1009,2024-09-15,C1084,East,Accessories,Backpack,3,46.71,0.05,133.12,92.84,40.28,0.30258413461538464,2024,9,Sep,2024-09
1010,2024-03-17,C1566,Central,Office Supplies,Pen Set,7,9.1,0.05,60.51,37.42,23.09,0.3815898198644852,2024,3,Mar,2024-03
1011,2025-04-22,C1165,East,Accessories,Backpack,5,42.63,0.05,202.49,146.51,55.98,0.27645809669613314,2025,4,Apr,2025-04
1012,2024-10-05,C1296,South,Accessories,Backpack,5,45.49,0.2,181.96,182.73,-0.77,-0.004231699274565838,2024,10,Oct,2024-10
1013,2024-01-22,C1086,East,Accessories,Keyboard,7,38.04,0.05,252.97,189.1,63.87,0.25248053128829506,2024,1,Jan,2024-01
1014,2025-03-31,C1072,South,Furniture,Bookshelf,6,140.46,0.1,758.48,635.84,122.64,0.16169180466195548,2025,3,Mar,2025-03
1015,2024-01-24,C1492,West,Electronics,Smartphone,7,476.49,0.05,3168.66,2414.4,754.26,0.23803753006002537,2024,1,Jan,2024-01
1016,2024-07-07,C1417,South,Office Supplies,Notebook,4,7.41,0.1,26.68,20.22,6.46,0.24212893553223389,2024,7,Jul,2024-07
1017,2024-06-18,C1456,West,Electronics,Laptop,2,610.54,0.15,1037.92,888.12,149.8,0.14432711577000154,2024,6,Jun,2024-06
1018,2024-09-25,C1441,South,Office Supplies,Notebook,7,7.65,0.1,48.2,35.92,12.28,0.25477178423236513,2024,9,Sep,2024-09
1019,2024-10-29,C1467,South,Furniture,Desk,1,282.03,0.05,267.93,179.13,88.8,0.3314298510805061,2024,10,Oct,2024-10
1020,2024-04-10,C1431,West,Accessories,Backpack,2,40.78,0.05,77.48,64.51,12.97,0.16739803820340732,2024,4,Apr,2024-04
1021,2024-02-09,C1381,South,Furniture,Desk,6,269.3,0.05,1535.01,1089.17,445.84,0.2904476192337509,2024,2,Feb,2024-02
1022,2025-03-19,C1364,Central,Office Supplies,Pen Set,4,9.29,0.0,37.16,29.19,7.97,0.2144779332615716,2025,3,Mar,2025-03
1023,2025-04-25,C1348,North,Electronics,Laptop,2,599.99,0.05,1139.98,726.8,413.18,0.3624449551746522,2025,4,Apr,2025-04
1024,2024-01-18,C1568,South,Electronics,Laptop,7,598.44,0.0,4189.08,2863.5,1325.58,0.3164370219714114,2024,1,Jan,2024-01
1025,2024-01-31,C1583,East,Electronics,Laptop,7,658.68,0.15,3919.15,3066.44,852.71,0.2175752395289795,2024,1,Jan,2024-01
1026,2025-07-19,C1160,East,Accessories,Mouse,3,25.3,0.05,72.1,45.75,26.35,0.3654646324549238,2025,7,Jul,2025-07
1027,2025-08-18,C1574,East,Electronics,Smartphone,5,475.74,0.0,2378.7,1725.43,653.27,0.2746332030100475,2025,8,Aug,2025-08
1028,2024-11-15,C1256,South,Accessories,Keyboard,3,31.97,0.05,91.11,66.32,24.79,0.2720886840083416,2024,11,Nov,2024-11
1029,2024-11-02,C1060,Central,Electronics,Laptop,4,668.95,0.0,2675.8,1712.56,963.24,0.35998206143956946,2024,11,Nov,2024-11
1030,2024-10-22,C1592,East,Electronics,Smartphone,7,445.09,0.0,3115.63,1954.14,1161.49,0.37279458729053194,2024,10,Oct,2024-10
1031,2025-01-15,C1135,East,Furniture,Table Lamp,4,53.3,0.0,213.2,141.97,71.23,0.33409943714821766,2025,1,Jan,2025-01
1032,2025-09-17,C1368,West,Electronics,Laptop,3,698.26,0.1,1885.3,1222.74,662.56,0.3514347849148676,2025,9,Sep,2025-09
1033,2025-03-11,C1483,South,Furniture,Desk,6,238.88,0.1,1289.95,1007.62,282.33,0.21886894840885304,2025,3,Mar,2025-03
1034,2025-06-26,C1241,East,Office Supplies,Pen Set,3,9.96,0.15,25.4,21.43,3.97,0.15629921259842522,2025,6,Jun,2025-06
1035,2024-06-11,C1163,East,Furniture,Table Lamp,7,54.89,0.1,345.81,246.62,99.19,0.28683381047395967,2024,6,Jun,2024-06
1036,2025-08-31,C1409,South,Electronics,Laptop,7,713.97,0.0,4997.79,3055.07,1942.72,0.388715812389076,2025,8,Aug,2025-08
1037,2025-05-17,C1561,South,Furniture,Bookshelf,6,138.1,0.1,745.74,615.76,129.98,0.17429667176227637,2025,5,May,2025-05
1038,2024-04-05,C1351,West,Furniture,Office Chair,3,165.89,0.1,447.9,340.75,107.15,0.23922750613976337,2024,4,Apr,2024-04
1039,2025-02-19,C1481,North,Electronics,Laptop,4,598.75,0.1,2155.5,1750.39,405.11,0.18794247274414289,2025,2,Feb,2025-02
1040,2025-04-12,C1127,West,Office Supplies,Notebook,4,7.62,0.05,28.96,18.57,10.39,0.3587707182320442,2025,4,Apr,2025-04
1041,2024-07-23,C1497,East,Furniture,Table Lamp,7,56.63,0.1,356.77,249.85,106.92,0.29968887518569387,2024,7,Jul,2024-07
1042,2025-03-15,C1463,North,Office Supplies,Printer Paper,2,11.47,0.15,19.5,18.54,0.96,0.04923076923076923,2025,3,Mar,2025-03
1043,2025-01-01,C1190,North,Accessories,Mouse,2,27.5,0.15,46.75,35.12,11.63,0.24877005347593584,2025,1,Jan,2025-01
1044,2025-12-11,C1510,East,Electronics,Headphones,4,83.31,0.15,283.25,195.37,87.88,0.3102559576345984,2025,12,Dec,2025-12
1045,2025-10-31,C1122,West,Accessories,Backpack,3,42.83,0.0,128.49,75.11,53.38,0.4154408903416608,2025,10,Oct,2025-10
1046,2024-10-25,C1197,Central,Furniture,Office Chair,5,171.74,0.0,858.7,663.89,194.81,0.22686619308256667,2024,10,Oct,2024-10
1047,2024-08-08,C1061,West,Furniture,Table Lamp,4,53.05,0.05,201.59,165.8,35.79,0.1775385683813681,2024,8,Aug,2024-08
1048,2025-03-13,C1194,West,Electronics,Smartphone,6,490.42,0.15,2501.14,2102.03,399.11,0.15957123551660443,2025,3,Mar,2025-03
1049,2025-04-26,C1221,West,Electronics,Headphones,1,94.24,0.1,84.82,61.52,23.3,0.2746993633576987,2025,4,Apr,2025-04
1050,2024-09-29,C1505,Central,Furniture,Table Lamp,4,52.33,0.1,188.39,156.25,32.14,0.1706035352194915,2024,9,Sep,2024-09
1051,2025-08-12,C1543,East,Office Supplies,Pen Set,4,10.54,0.1,37.94,29.24,8.7,0.22930943595150236,2025,8,Aug,2025-08
1052,2025-05-16,C1308,East,Accessories,Keyboard,7,37.11,0.15,220.8,176.26,44.54,0.20172101449275362,2025,5,May,2025-05
1053,2024-06-10,C1490,West,Electronics,Monitor,7,213.55,0.15,1270.62,1097.41,173.21,0.13631927720325512,2024,6,Jun,2024-06
1054,2024-08-08,C1263,Central,Accessories,Mouse,2,26.56,0.0,53.12,37.61,15.51,0.291980421686747,2024,8,Aug,2024-08
1055,2025-10-18,C1035,East,Accessories,Keyboard,7,36.71,0.0,256.97,198.74,58.23,0.22660232711989722,2025,10,Oct,2025-10
1056,2025-12-05,C1001,Central,Electronics,Laptop,3,709.83,0.0,2129.49,1589.37,540.12,0.2536381950607892,2025,12,Dec,2025-12
1057,2025-03-10,C1175,South,Electronics,Laptop,6,667.13,0.1,3602.5,2568.62,1033.88,0.28698959056210965,2025,3,Mar,2025-03
1058,2024-01-21,C1354,Central,Electronics,Headphones,7,89.08,0.05,592.38,447.07,145.31,0.2452986258820352,2024,1,Jan,2024-01
1059,2024-03-15,C1042,East,Office Supplies,Notebook,7,7.6,0.15,45.22,38.64,6.58,0.1455108359133127,2024,3,Mar,2024-03
1060,2024-04-02,C1097,Central,Furniture,Table Lamp,1,59.32,0.1,53.39,40.78,12.61,0.23618655178872447,2024,4,Apr,2024-04
1061,2024-04-04,C1410,Central,Electronics,Smartphone,6,454.11,0.05,2588.43,1947.16,641.27,0.24774477192738456,2024,4,Apr,2024-04
1062,2024-11-26,C1332,South,Accessories,Keyboard,5,32.29,0.1,145.3,103.23,42.07,0.28953888506538195,2024,11,Nov,2024-11
1063,2025-02-01,C1245,South,Accessories,USB Hub,7,29.57,0.2,165.59,129.86,35.73,0.21577389939005975,2025,2,Feb,2025-02
1064,2025-06-09,C1585,North,Office Supplies,Printer Paper,1,11.59,0.05,11.01,8.78,2.23,0.2025431425976385,2025,6,Jun,2025-06
1065,2025-02-06,C1414,North,Furniture,Desk,7,240.13,0.1,1512.82,1239.14,273.68,0.1809071799685356,2025,2,Feb,2025-02
1066,2025-03-04,C1446,South,Accessories,USB Hub,3,30.4,0.1,82.08,65.18,16.9,0.20589668615984405,2025,3,Mar,2025-03
1067,2025-12-09,C1208,West,Electronics,Headphones,4,93.44,0.1,336.38,253.03,83.35,0.24778524288007608,2025,12,Dec,2025-12
1068,2025-09-28,C1440,West,Office Supplies,Printer Paper,6,10.85,0.2,52.08,42.5,9.58,0.18394777265745008,2025,9,Sep,2025-09
1069,2024-07-05,C1376,South,Electronics,Headphones,2,82.86,0.15,140.86,133.62,7.24,0.05139855175351413,2024,7,Jul,2024-07
1070,2025-11-21,C1226,North,Office Supplies,Stapler,6,15.85,0.05,90.34,77.13,13.21,0.1462253708213416,2025,11,Nov,2025-11
1071,2025-04-17,C1349,East,Furniture,Bookshelf,6,127.46,0.05,726.52,569.39,157.13,0.2162775973132192,2025,4,Apr,2025-04
1072,2025-03-18,C1008,West,Office Supplies,Printer Paper,3,12.33,0.05,35.14,24.01,11.13,0.31673306772908366,2025,3,Mar,2025-03
1073,2025-07-16,C1394,North,Electronics,Headphones,7,81.03,0.05,538.85,359.45,179.4,0.33293124246079614,2025,7,Jul,2025-07
1074,2024-09-24,C1273,North,Electronics,Laptop,5,632.43,0.1,2845.94,2496.88,349.06,0.12265191817114908,2024,9,Sep,2024-09
1075,2024-11-01,C1216,South,Electronics,Laptop,6,673.05,0.05,3836.38,2622.88,1213.5,0.3163138166709241,2024,11,Nov,2024-11
1076,2024-03-20,C1366,North,Electronics,Headphones,1,87.79,0.15,74.62,64.91,9.71,0.1301259715893862,2024,3,Mar,2024-03
1077,2025-03-23,C1413,Central,Furniture,Bookshelf,2,153.47,0.15,260.9,246.28,14.62,0.0560367957071675,2025,3,Mar,2025-03
1078,2024-09-08,C1570,West,Furniture,Desk,3,249.35,0.05,710.65,565.54,145.11,0.20419334412157886,2024,9,Sep,2024-09
1079,2025-05-23,C1251,North,Electronics,Headphones,7,90.92,0.05,604.62,424.05,180.57,0.2986503919817406,2025,5,May,2025-05
1080,2024-03-26,C1309,East,Electronics,Monitor,5,212.27,0.1,955.22,643.87,311.35,0.3259458554050376,2024,3,Mar,2024-03
1081,2024-02-28,C1322,Central,Electronics,Smartphone,2,463.49,0.0,926.98,684.57,242.41,0.2615051025912102,2024,2,Feb,2024-02
1082,2024-11-13,C1412,South,Office Supplies,Notebook,5,8.66,0.1,38.97,33.4,5.57,0.14293045932768797,2024,11,Nov,2024-11
1083,2025-05-22,C1520,West,Electronics,Monitor,1,202.55,0.2,162.04,126.26,35.78,0.22080967662305606,2025,5,May,2025-05
1084,2024-05-07,C1586,North,Furniture,Bookshelf,2,126.97,0.15,215.85,166.78,49.07,0.22733379661802178,2024,5,May,2024-05
1085,2024-06-15,C1029,West,Furniture,Office Chair,7,191.36,0.0,1339.52,935.98,403.54,0.3012571667462972,2024,6,Jun,2024-06
1086,2025-12-14,C1265,Central,Office Supplies,Printer Paper,3,11.14,0.0,33.42,24.27,9.15,0.2737881508078995,2025,12,Dec,2025-12
1087,2025-10-08,C1525,Central,Electronics,Smartphone,3,474.36,0.15,1209.62,831.52,378.1,0.31257750367884135,2025,10,Oct,2025-10
1088,2024-09-11,C1566,East,Furniture,Table Lamp,4,55.23,0.0,220.92,172.48,48.44,0.21926489226869456,2024,9,Sep,2024-09
1089,2024-06-26,C1243,West,Office Supplies,Notebook,6,7.54,0.1,40.72,26.68,14.04,0.34479371316306484,2024,6,Jun,2024-06
1090,2025-12-20,C1122,East,Furniture,Desk,3,235.52,0.0,706.56,512.41,194.15,0.2747820425724638,2025,12,Dec,2025-12
1091,2024-09-08,C1382,South,Accessories,Mouse,2,24.97,0.15,42.45,30.53,11.92,0.2808009422850412,2024,9,Sep,2024-09
1092,2024-10-06,C1040,North,Furniture,Desk,5,240.55,0.15,1022.34,958.28,64.06,0.06266017176281863,2024,10,Oct,2024-10
1093,2024-12-24,C1260,North,Electronics,Laptop,6,658.62,0.0,3951.72,2669.85,1281.87,0.3243828004008381,2024,12,Dec,2024-12
1094,2025-08-06,C1464,North,Electronics,Laptop,1,606.27,0.1,545.64,369.81,175.83,0.3222454365515725,2025,8,Aug,2025-08
1095,2024-09-03,C1398,North,Accessories,USB Hub,7,32.23,0.1,203.05,136.16,66.89,0.32942624969219403,2024,9,Sep,2024-09
1096,2024-09-28,C1181,North,Accessories,USB Hub,1,28.9,0.0,28.9,18.72,10.18,0.3522491349480969,2024,9,Sep,2024-09
1097,2024-06-05,C1482,North,Electronics,Monitor,1,198.46,0.05,188.54,144.93,43.61,0.23130370213217355,2024,6,Jun,2024-06
1098,2024-12-13,C1466,East,Office Supplies,Printer Paper,7,11.18,0.0,78.26,53.6,24.66,0.31510350115001273,2024,12,Dec,2024-12
1099,2024-04-08,C1589,East,Electronics,Headphones,3,83.89,0.05,239.09,166.55,72.54,0.3034003931573884,2024,4,Apr,2024-04
1100,2024-02-14,C1077,East,Electronics,Laptop,6,672.21,0.1,3629.93,3019.87,610.06,0.16806384696123616,2024,2,Feb,2024-02
1101,2024-10-07,C1112,East,Accessories,Backpack,6,47.22,0.2,226.66,176.27,50.39,0.22231536221653578,2024,10,Oct,2024-10
1102,2025-11-06,C1381,East,Furniture,Table Lamp,7,52.99,0.05,352.38,290.81,61.57,0.17472614790850785,2025,11,Nov,2025-11
1103,2024-01-14,C1385,East,Electronics,Headphones,5,90.18,0.0,450.9,302.64,148.26,0.3288090485695276,2024,1,Jan,2024-01
1104,2024-07-14,C1208,Central,Furniture,Bookshelf,3,127.34,0.0,382.02,292.66,89.36,0.2339144547405895,2024,7,Jul,2024-07
1105,2024-05-10,C1051,South,Furniture,Table Lamp,2,50.93,0.0,101.86,66.64,35.22,0.3457687021401924,2024,5,May,2024-05
1106,2024-01-05,C1032,North,Accessories,Backpack,7,40.92,0.1,257.8,184.44,73.36,0.28456167571761054,2024,1,Jan,2024-01
1107,2025-06-23,C1557,South,Furniture,Table Lamp,7,54.05,0.1,340.52,243.97,96.55,0.28353694349817926,2025,6,Jun,2025-06
1108,2025-09-08,C1449,East,Electronics,Monitor,6,241.34,0.0,1448.04,947.5,500.54,0.3456672467611392,2025,9,Sep,2025-09
1109,2025-08-14,C1527,South,Accessories,Backpack,7,48.76,0.1,307.19,272.66,34.53,0.1124060027995703,2025,8,Aug,2025-08
1110,2025-11-27,C1503,North,Accessories,USB Hub,5,32.41,0.2,129.64,104.5,25.14,0.19392162912681274,2025,11,Nov,2025-11
1111,2025-11-29,C1300,Central,Electronics,Headphones,3,98.35,0.1,265.54,177.9,87.64,0.3300444377494916,2025,11,Nov,2025-11
1112,2024-01-18,C1303,North,Electronics,Monitor,3,201.75,0.1,544.72,445.48,99.24,0.182185342928477,2024,1,Jan,2024-01
1113,2025-06-24,C1485,North,Electronics,Laptop,7,589.63,0.05,3921.04,2529.34,1391.7,0.35493134474527166,2025,6,Jun,2025-06
1114,2025-05-03,C1155,South,Electronics,Monitor,5,218.62,0.0,1093.1,880.23,212.87,0.19473973104016104,2025,5,May,2025-05
1115,2024-09-13,C1095,Central,Accessories,Backpack,1,43.34,0.0,43.34,29.55,13.79,0.3181818181818181,2024,9,Sep,2024-09
1116,2025-04-08,C1125,Central,Electronics,Headphones,6,91.73,0.0,550.38,440.21,110.17,0.20017079108979252,2025,4,Apr,2025-04
1117,2024-12-02,C1057,North,Office Supplies,Stapler,7,14.46,0.1,91.1,64.83,26.27,0.288364434687157,2024,12,Dec,2024-12
1118,2024-10-03,C1455,Central,Furniture,Office Chair,5,177.28,0.05,842.08,547.46,294.62,0.34987174615238453,2024,10,Oct,2024-10
1119,2024-01-26,C1555,East,Office Supplies,Pen Set,4,10.24,0.05,38.91,33.28,5.63,0.14469288100745312,2024,1,Jan,2024-01
1120,2025-02-28,C1486,East,Electronics,Monitor,5,240.06,0.05,1140.28,907.65,232.63,0.20401129547128777,2025,2,Feb,2025-02
1121,2024-03-28,C1143,West,Furniture,Desk,4,277.98,0.15,945.13,675.74,269.39,0.2850295726513813,2024,3,Mar,2024-03
1122,2024-12-28,C1027,West,Furniture,Desk,2,237.49,0.1,427.48,343.17,84.31,0.19722560119771684,2024,12,Dec,2024-12
1123,2025-04-15,C1260,West,Electronics,Headphones,1,96.87,0.1,87.18,67.47,19.71,0.2260839642119752,2025,4,Apr,2025-04
1124,2024-07-15,C1242,South,Electronics,Monitor,1,210.62,0.05,200.09,135.74,64.35,0.3216052776250687,2024,7,Jul,2024-07
1125,2024-05-28,C1131,South,Electronics,Monitor,5,207.5,0.05,985.62,641.25,344.37,0.34939428988859805,2024,5,May,2024-05
1126,2024-11-24,C1015,North,Electronics,Laptop,7,685.88,0.0,4801.16,3703.66,1097.5,0.2285905906072699,2024,11,Nov,2024-11
1127,2025-11-17,C1331,South,Electronics,Smartphone,4,494.92,0.1,1781.71,1152.33,629.38,0.35324491640053657,2025,11,Nov,2025-11
1128,2024-06-13,C1030,North,Furniture,Office Chair,3,179.9,0.0,539.7,410.54,129.16,0.23931813970724475,2024,6,Jun,2024-06
1129,2024-09-22,C1047,Central,Furniture,Desk,7,259.38,0.0,1815.66,1120.55,695.11,0.38284150116211185,2024,9,Sep,2024-09
1130,2025-08-21,C1027,Central,Accessories,Keyboard,3,38.15,0.0,114.45,92.7,21.75,0.19003931847968544,2025,8,Aug,2025-08
1131,2024-01-29,C1564,North,Electronics,Laptop,4,650.33,0.0,2601.32,2038.45,562.87,0.21637860778374055,2024,1,Jan,2024-01
1132,2025-07-25,C1278,West,Electronics,Monitor,2,228.22,0.05,433.62,338.59,95.03,0.21915502052488353,2025,7,Jul,2025-07
1133,2025-04-21,C1395,North,Furniture,Desk,3,275.62,0.15,702.83,570.27,132.56,0.18860890969366703,2025,4,Apr,2025-04
1134,2024-04-20,C1120,South,Furniture,Table Lamp,5,55.59,0.1,250.16,194.32,55.84,0.223217141029741,2024,4,Apr,2024-04
1135,2024-10-19,C1044,Central,Office Supplies,Printer Paper,4,12.64,0.1,45.5,40.98,4.52,0.09934065934065933,2024,10,Oct,2024-10
1136,2024-03-18,C1035,North,Furniture,Table Lamp,4,51.21,0.0,204.84,162.09,42.75,0.2086994727592267,2024,3,Mar,2024-03
1137,2025-04-11,C1087,East,Electronics,Monitor,3,222.59,0.1,600.99,500.62,100.37,0.16700777051198856,2025,4,Apr,2025-04
1138,2025-06-18,C1055,North,Electronics,Smartphone,2,484.41,0.05,920.38,569.88,350.5,0.38082096525348225,2025,6,Jun,2025-06
1139,2025-06-26,C1401,North,Office Supplies,Stapler,3,13.53,0.0,40.59,31.41,9.18,0.22616407982261638,2025,6,Jun,2025-06
1140,2024-11-01,C1296,East,Electronics,Smartphone,7,450.05,0.0,3150.35,2150.82,999.53,0.31727585823797355,2024,11,Nov,2024-11
1141,2024-12-18,C1332,South,Electronics,Smartphone,6,524.44,0.1,2831.98,2270.22,561.76,0.19836298278942646,2024,12,Dec,2024-12
1142,2024-12-13,C1335,South,Office Supplies,Printer Paper,1,12.6,0.1,11.34,10.05,1.29,0.11375661375661376,2024,12,Dec,2024-12
1143,2024-03-26,C1545,North,Office Supplies,Printer Paper,4,12.39,0.05,47.08,33.82,13.26,0.2816482582837723,2024,3,Mar,2024-03
1144,2024-02-13,C1286,West,Accessories,Backpack,4,47.28,0.05,179.66,119.68,59.98,0.33385283312924413,2024,2,Feb,2024-02
1145,2024-07-22,C1200,West,Office Supplies,Notebook,4,8.25,0.0,33.0,22.5,10.5,0.3181818181818182,2024,7,Jul,2024-07
1146,2025-08-08,C1520,South,Furniture,Table Lamp,1,53.8,0.2,43.04,32.24,10.8,0.2509293680297398,2025,8,Aug,2025-08
1147,2024-01-13,C1505,East,Office Supplies,Pen Set,6,9.11,0.05,51.93,38.48,13.45,0.25900250336992103,2024,1,Jan,2024-01
1148,2024-11-03,C1334,West,Furniture,Office Chair,7,188.93,0.1,1190.26,829.56,360.7,0.3030430326147228,2024,11,Nov,2024-11
1149,2024-10-10,C1559,Central,Accessories,USB Hub,6,28.26,0.05,161.08,118.36,42.72,0.2652098336230444,2024,10,Oct,2024-10
1150,2024-08-09,C1589,West,Furniture,Office Chair,4,190.95,0.0,763.8,588.18,175.62,0.22992930086410057,2024,8,Aug,2024-08
1151,2025-08-19,C1503,South,Electronics,Laptop,7,657.31,0.0,4601.17,3122.99,1478.18,0.32126176602907525,2025,8,Aug,2025-08
1152,2024-01-06,C1052,North,Accessories,Backpack,6,43.55,0.1,235.17,160.53,74.64,0.3173874218650338,2024,1,Jan,2024-01
1153,2024-04-25,C1309,South,Office Supplies,Pen Set,7,9.99,0.05,66.43,52.85,13.58,0.20442571127502632,2024,4,Apr,2024-04
1154,2024-07-04,C1468,Central,Electronics,Smartphone,2,473.98,0.1,853.16,641.63,211.53,0.24793708096957195,2024,7,Jul,2024-07
1155,2025-09-14,C1374,East,Electronics,Laptop,3,629.07,0.05,1792.85,1161.12,631.73,0.3523607663775553,2025,9,Sep,2025-09
1156,2025-09-13,C1199,West,Electronics,Smartphone,5,446.91,0.1,2011.1,1653.54,357.56,0.1777932474765054,2025,9,Sep,2025-09
1157,2025-08-14,C1007,North,Electronics,Monitor,1,201.8,0.05,191.71,153.82,37.89,0.19764227218194147,2025,8,Aug,2025-08
1158,2024-06-08,C1330,East,Electronics,Monitor,6,240.59,0.05,1371.36,1080.79,290.57,0.2118845525609614,2024,6,Jun,2024-06
1159,2024-07-21,C1166,South,Furniture,Table Lamp,1,50.18,0.1,45.16,37.0,8.16,0.18069087688219665,2024,7,Jul,2024-07
1160,2024-11-13,C1169,West,Office Supplies,Stapler,7,15.89,0.05,105.67,85.42,20.25,0.19163433330178858,2024,11,Nov,2024-11
1161,2025-09-19,C1254,South,Furniture,Office Chair,1,166.54,0.0,166.54,104.0,62.54,0.3755253993034707,2025,9,Sep,2025-09
1162,2024-04-30,C1462,West,Electronics,Laptop,6,603.74,0.05,3441.32,2901.09,540.23,0.156983366847605,2024,4,Apr,2024-04
1163,2024-02-15,C1046,Central,Furniture,Bookshelf,4,138.72,0.0,554.88,353.63,201.25,0.36269103229527105,2024,2,Feb,2024-02
1164,2025-05-22,C1511,North,Office Supplies,Pen Set,3,10.38,0.05,29.58,22.82,6.76,0.22853279242731575,2025,5,May,2025-05
1165,2024-11-28,C1303,South,Electronics,Headphones,3,83.77,0.1,226.18,193.62,32.56,0.1439561411265364,2024,11,Nov,2024-11
1166,2025-08-29,C1556,North,Accessories,Backpack,2,48.73,0.15,82.84,69.31,13.53,0.16332689521970062,2025,8,Aug,2025-08
1167,2025-01-10,C1568,West,Office Supplies,Pen Set,4,9.54,0.0,38.16,29.75,8.41,0.22038784067085956,2025,1,Jan,2025-01
1168,2025-06-27,C1588,South,Office Supplies,Pen Set,1,10.88,0.0,10.88,7.69,3.19,0.29319852941176466,2025,6,Jun,2025-06
1169,2025-10-14,C1140,South,Electronics,Smartphone,3,515.7,0.1,1392.39,1152.54,239.85,0.17225777260681274,2025,10,Oct,2025-10
1170,2025-07-06,C1573,North,Furniture,Bookshelf,6,126.55,0.15,645.4,591.77,53.63,0.08309575457080881,2025,7,Jul,2025-07
1171,2025-04-24,C1166,West,Office Supplies,Stapler,1,15.35,0.0,15.35,11.95,3.4,0.22149837133550487,2025,4,Apr,2025-04
1172,2024-03-27,C1575,East,Accessories,Keyboard,4,34.45,0.0,137.8,103.97,33.83,0.2455007256894049,2024,3,Mar,2024-03
1173,2024-10-20,C1228,West,Office Supplies,Stapler,5,14.6,0.1,65.7,55.58,10.12,0.15403348554033483,2024,10,Oct,2024-10
1174,2025-11-30,C1540,North,Electronics,Headphones,5,95.07,0.15,404.05,381.89,22.16,0.054844697438435834,2025,11,Nov,2025-11
1175,2025-05-20,C1580,East,Electronics,Laptop,7,658.43,0.0,4609.01,3048.44,1560.57,0.3385911508111286,2025,5,May,2025-05
1176,2024-08-13,C1201,West,Accessories,Keyboard,2,33.35,0.15,56.7,47.0,9.7,0.1710758377425044,2024,8,Aug,2024-08
1177,2025-09-10,C1343,North,Furniture,Office Chair,1,188.51,0.1,169.66,135.18,34.48,0.2032299893905458,2025,9,Sep,2025-09
1178,2025-08-02,C1077,East,Electronics,Smartphone,5,485.21,0.05,2304.75,1598.52,706.23,0.3064236902050114,2025,8,Aug,2025-08
1179,2025-10-08,C1012,South,Electronics,Laptop,1,644.23,0.1,579.81,468.26,111.55,0.19239061071730396,2025,10,Oct,2025-10
1180,2025-08-12,C1132,West,Office Supplies,Notebook,1,8.23,0.05,7.82,6.12,1.7,0.21739130434782608,2025,8,Aug,2025-08
1181,2024-11-14,C1460,East,Electronics,Laptop,5,591.15,0.1,2660.18,1743.58,916.6,0.34456314986203945,2024,11,Nov,2024-11
1182,2024-03-01,C1069,West,Accessories,Keyboard,1,34.32,0.1,30.89,21.24,9.65,0.3123988345742959,2024,3,Mar,2024-03
1183,2025-12-27,C1454,West,Accessories,Backpack,1,48.73,0.1,43.86,29.32,14.54,0.3315093479252166,2025,12,Dec,2025-12
1184,2025-11-29,C1068,West,Office Supplies,Pen Set,7,10.59,0.1,66.72,45.0,21.72,0.3255395683453237,2025,11,Nov,2025-11
1185,2025-08-18,C1178,North,Accessories,Keyboard,4,34.08,0.15,115.87,83.16,32.71,0.28229912833347715,2025,8,Aug,2025-08
1186,2024-01-26,C1396,South,Furniture,Office Chair,4,176.1,0.1,633.96,506.12,127.84,0.2016531011420279,2024,1,Jan,2024-01
1187,2025-06-05,C1026,Central,Electronics,Laptop,6,639.22,0.05,3643.55,2835.5,808.05,0.22177546623485334,2025,6,Jun,2025-06
1188,2025-04-13,C1168,East,Accessories,Keyboard,2,32.28,0.05,61.33,50.46,10.87,0.17723789336376977,2025,4,Apr,2025-04
1189,2025-09-22,C1053,South,Furniture,Table Lamp,6,52.75,0.1,284.85,227.71,57.14,0.20059680533614183,2025,9,Sep,2025-09
1190,2025-12-04,C1447,West,Office Supplies,Stapler,7,14.33,0.15,85.26,80.58,4.68,0.05489092188599577,2025,12,Dec,2025-12
1191,2024-10-16,C1268,South,Furniture,Bookshelf,6,149.41,0.1,806.81,674.52,132.29,0.16396673318377314,2024,10,Oct,2024-10
1192,2024-05-30,C1303,North,Accessories,Backpack,7,47.65,0.1,300.2,253.32,46.88,0.15616255829447037,2024,5,May,2024-05
1193,2025-01-23,C1394,West,Accessories,USB Hub,3,29.6,0.1,79.92,53.02,26.9,0.3365865865865866,2025,1,Jan,2025-01
1194,2025-10-25,C1162,Central,Electronics,Monitor,4,233.83,0.15,795.02,659.14,135.88,0.170913939271968,2025,10,Oct,2025-10
1195,2024-04-29,C1365,East,Electronics,Headphones,2,87.32,0.0,174.64,140.29,34.35,0.19669033440219882,2024,4,Apr,2024-04
1196,2025-07-30,C1321,East,Furniture,Table Lamp,7,58.33,0.1,367.48,260.23,107.25,0.29185261782954175,2025,7,Jul,2025-07
1197,2024-03-02,C1160,East,Office Supplies,Pen Set,4,9.8,0.0,39.2,26.76,12.44,0.3173469387755102,2024,3,Mar,2024-03
1198,2024-06-14,C1133,Central,Furniture,Bookshelf,2,152.62,0.1,274.72,194.96,79.76,0.29033197437390795,2024,6,Jun,2024-06
1199,2025-11-30,C1285,East,Electronics,Smartphone,4,495.45,0.1,1783.62,1303.03,480.59,0.26944640674583153,2025,11,Nov,2025-11
1200,2024-01-27,C1446,West,Furniture,Desk,2,260.6,0.2,416.96,394.1,22.86,0.054825402916346896,2024,1,Jan,2024-01
1201,2024-08-16,C1173,East,Furniture,Office Chair,2,166.85,0.05,317.02,233.28,83.74,0.26414737240552644,2024,8,Aug,2024-08
1202,2025-09-28,C1275,Central,Office Supplies,Notebook,4,8.65,0.05,32.87,25.37,7.5,0.22817158503194404,2025,9,Sep,2025-09
1203,2024-07-24,C1484,South,Accessories,Backpack,2,42.05,0.15,71.48,54.25,17.23,0.2410464465584779,2024,7,Jul,2024-07
1204,2025-10-08,C1307,East,Electronics,Smartphone,3,489.73,0.1,1322.27,1044.67,277.6,0.20994199369266492,2025,10,Oct,2025-10
1205,2025-03-07,C1034,East,Electronics,Laptop,1,599.81,0.05,569.82,445.22,124.6,0.21866554350496645,2025,3,Mar,2025-03
1206,2025-10-10,C1522,West,Office Supplies,Notebook,1,8.5,0.2,6.8,6.77,0.03,0.004411764705882353,2025,10,Oct,2025-10
1207,2024-10-10,C1586,East,Electronics,Monitor,4,204.73,0.1,737.03,574.34,162.69,0.220737283421299,2024,10,Oct,2024-10
1208,2024-12-16,C1382,Central,Electronics,Monitor,6,201.35,0.15,1026.88,845.99,180.89,0.17615495481458396,2024,12,Dec,2024-12
1209,2024-03-26,C1288,West,Office Supplies,Notebook,2,7.3,0.15,12.41,9.88,2.53,0.2038678485092667,2024,3,Mar,2024-03
1210,2025-04-03,C1355,South,Furniture,Bookshelf,6,129.57,0.15,660.81,468.26,192.55,0.2913848156050908,2025,4,Apr,2025-04
1211,2024-07-14,C1396,East,Electronics,Smartphone,3,470.65,0.15,1200.16,1120.63,79.53,0.06626616451139848,2024,7,Jul,2024-07
1212,2025-12-31,C1424,West,Furniture,Bookshelf,4,138.71,0.15,471.61,419.61,52.0,0.11026059667945971,2025,12,Dec,2025-12
1213,2024-05-13,C1559,West,Electronics,Headphones,5,81.27,0.05,386.03,317.71,68.32,0.176981063647903,2024,5,May,2024-05
1214,2024-08-01,C1347,North,Electronics,Headphones,4,85.83,0.0,343.32,243.16,100.16,0.2917394850285448,2024,8,Aug,2024-08
1215,2025-09-27,C1539,West,Accessories,Backpack,7,47.32,0.15,281.55,220.49,61.06,0.21687089326940154,2025,9,Sep,2025-09
1216,2025-12-29,C1128,South,Electronics,Laptop,7,628.0,0.05,4176.2,2738.18,1438.02,0.3443369570422873,2025,12,Dec,2025-12
1217,2025-12-23,C1383,South,Electronics,Monitor,2,211.63,0.05,402.1,298.51,103.59,0.25762248196965926,2025,12,Dec,2025-12
1218,2024-01-16,C1349,South,Office Supplies,Notebook,4,8.07,0.05,30.67,18.91,11.76,0.38343658298011085,2024,1,Jan,2024-01
1219,2025-04-28,C1568,Central,Office Supplies,Notebook,2,8.23,0.15,13.99,11.95,2.04,0.14581844174410294,2025,4,Apr,2025-04
1220,2025-07-07,C1502,West,Office Supplies,Notebook,6,8.12,0.05,46.28,33.46,12.82,0.27700950734658597,2025,7,Jul,2025-07
1221,2025-03-16,C1027,West,Electronics,Headphones,4,85.77,0.0,343.08,239.75,103.33,0.3011833974583188,2025,3,Mar,2025-03
1222,2025-08-06,C1580,North,Electronics,Monitor,2,236.75,0.05,449.82,319.77,130.05,0.28911564625850344,2025,8,Aug,2025-08
1223,2025-10-01,C1337,South,Office Supplies,Notebook,1,8.16,0.15,6.94,5.7,1.24,0.1786743515850144,2025,10,Oct,2025-10
1224,2024-01-08,C1219,West,Office Supplies,Printer Paper,3,12.28,0.15,31.31,25.16,6.15,0.19642286809326095,2024,1,Jan,2024-01
1225,2024-04-27,C1112,Central,Office Supplies,Pen Set,2,10.62,0.05,20.18,15.87,4.31,0.21357779980178393,2024,4,Apr,2024-04
1226,2025-02-20,C1070,East,Office Supplies,Notebook,5,8.21,0.0,41.05,33.42,7.63,0.18587088915956151,2025,2,Feb,2025-02
1227,2025-09-13,C1475,South,Office Supplies,Pen Set,1,9.77,0.05,9.28,6.26,3.02,0.3254310344827586,2025,9,Sep,2025-09
1228,2025-09-03,C1257,Central,Electronics,Smartphone,3,465.38,0.0,1396.14,1103.43,292.71,0.2096566246937986,2025,9,Sep,2025-09
1229,2024-06-04,C1025,West,Furniture,Bookshelf,4,146.58,0.0,586.32,366.61,219.71,0.37472711147496246,2024,6,Jun,2024-06
1230,2025-10-25,C1551,North,Electronics,Smartphone,7,455.55,0.15,2710.52,2320.38,390.14,0.14393548101471304,2025,10,Oct,2025-10
1231,2024-06-16,C1210,Central,Electronics,Monitor,7,228.59,0.0,1600.13,1085.32,514.81,0.32173010942860886,2024,6,Jun,2024-06
1232,2024-02-18,C1336,North,Accessories,Mouse,1,22.74,0.1,20.47,17.99,2.48,0.12115290669272107,2024,2,Feb,2024-02
1233,2024-03-07,C1248,West,Electronics,Laptop,5,678.56,0.1,3053.52,2044.56,1008.96,0.33042521417904586,2024,3,Mar,2024-03
1234,2024-08-01,C1081,South,Office Supplies,Printer Paper,1,12.06,0.0,12.06,8.14,3.92,0.32504145936981754,2024,8,Aug,2024-08
1235,2024-05-17,C1310,North,Electronics,Laptop,5,662.56,0.0,3312.8,1990.49,1322.31,0.3991517749335909,2024,5,May,2024-05
1236,2024-01-20,C1133,West,Electronics,Laptop,5,685.12,0.1,3083.04,2103.22,979.82,0.3178096943276766,2024,1,Jan,2024-01
1237,2024-11-07,C1276,East,Office Supplies,Notebook,5,8.44,0.15,35.87,27.37,8.5,0.23696682464454977,2024,11,Nov,2024-11
1238,2025-01-23,C1304,West,Electronics,Laptop,1,623.67,0.05,592.49,406.09,186.4,0.3146044658981586,2025,1,Jan,2025-01
1239,2025-01-08,C1013,North,Furniture,Desk,2,237.61,0.1,427.7,386.51,41.19,0.09630582183773673,2025,1,Jan,2025-01
1240,2024-10-29,C1214,West,Furniture,Desk,5,275.22,0.0,1376.1,1091.27,284.83,0.20698350410580627,2024,10,Oct,2024-10
1241,2024-05-29,C1289,East,Furniture,Office Chair,4,191.71,0.1,690.16,500.88,189.28,0.2742552451605425,2024,5,May,2024-05
1242,2025-06-26,C1030,North,Office Supplies,Stapler,1,14.87,0.05,14.13,9.55,4.58,0.3241330502476999,2025,6,Jun,2025-06
1243,2025-09-18,C1503,West,Electronics,Laptop,7,679.26,0.05,4517.08,2895.88,1621.2,0.35890442498251085,2025,9,Sep,2025-09
1244,2024-08-17,C1152,East,Office Supplies,Pen Set,3,9.75,0.0,29.25,21.8,7.45,0.2547008547008547,2024,8,Aug,2024-08
1245,2025-04-20,C1016,West,Accessories,Mouse,6,22.53,0.1,121.66,84.45,37.21,0.30585237547262867,2025,4,Apr,2025-04
1246,2024-10-22,C1433,West,Electronics,Headphones,5,95.98,0.0,479.9,344.21,135.69,0.2827464055011461,2024,10,Oct,2024-10
1247,2025-01-20,C1209,North,Furniture,Table Lamp,5,59.96,0.0,299.8,244.43,55.37,0.18468979319546364,2025,1,Jan,2025-01
1248,2024-06-13,C1077,Central,Electronics,Smartphone,2,488.4,0.0,976.8,580.99,395.81,0.4052108927108927,2024,6,Jun,2024-06
1249,2024-02-17,C1465,North,Office Supplies,Notebook,5,7.95,0.0,39.75,29.93,9.82,0.2470440251572327,2024,2,Feb,2024-02
1250,2025-05-16,C1589,South,Electronics,Monitor,7,227.56,0.15,1353.98,952.47,401.51,0.2965405692846275,2025,5,May,2025-05
1251,2024-07-22,C1035,Central,Electronics,Laptop,1,710.31,0.1,639.28,438.52,200.76,0.3140407958953823,2024,7,Jul,2024-07
1252,2024-03-15,C1164,East,Furniture,Office Chair,6,163.22,0.1,881.39,707.42,173.97,0.1973814089109248,2024,3,Mar,2024-03
1253,2025-04-24,C1474,South,Office Supplies,Printer Paper,2,11.75,0.0,23.5,15.98,7.52,0.32,2025,4,Apr,2025-04
1254,2025-09-09,C1517,West,Electronics,Laptop,3,625.3,0.05,1782.1,1507.87,274.23,0.15388025363335392,2025,9,Sep,2025-09
1255,2024-04-02,C1159,West,Electronics,Smartphone,5,516.65,0.1,2324.93,2018.26,306.67,0.13190504660355368,2024,4,Apr,2024-04
1256,2024-09-24,C1271,East,Furniture,Table Lamp,2,59.3,0.1,106.74,82.91,23.83,0.2232527637249391,2024,9,Sep,2024-09
1257,2024-04-23,C1209,Central,Electronics,Laptop,7,630.82,0.1,3974.17,3316.77,657.4,0.16541818794867857,2024,4,Apr,2024-04
1258,2024-10-12,C1502,North,Electronics,Laptop,6,586.85,0.05,3345.04,2171.89,1173.15,0.3507132949082821,2024,10,Oct,2024-10
1259,2025-07-25,C1237,North,Furniture,Desk,5,240.65,0.05,1143.09,911.29,231.8,0.2027836828246245,2025,7,Jul,2025-07
1260,2025-12-27,C1290,South,Furniture,Desk,2,254.72,0.0,509.44,297.82,211.62,0.4153972989949749,2025,12,Dec,2025-12
1261,2024-03-01,C1045,South,Accessories,USB Hub,3,27.92,0.0,83.76,65.85,17.91,0.21382521489971346,2024,3,Mar,2024-03
1262,2024-12-09,C1551,East,Furniture,Bookshelf,1,145.78,0.15,123.91,94.72,29.19,0.23557420708578808,2024,12,Dec,2024-12
1263,2025-01-14,C1337,East,Electronics,Monitor,1,215.0,0.1,193.5,141.74,51.76,0.2674935400516796,2025,1,Jan,2025-01
1264,2025-01-13,C1458,Central,Accessories,USB Hub,5,28.77,0.1,129.46,114.97,14.49,0.11192646377259384,2025,1,Jan,2025-01
1265,2025-08-01,C1296,West,Accessories,Keyboard,3,37.04,0.15,94.45,69.6,24.85,0.26310217046056117,2025,8,Aug,2025-08
1266,2024-07-20,C1221,North,Furniture,Desk,5,277.32,0.05,1317.27,1132.74,184.53,0.14008517615978502,2024,7,Jul,2024-07
1267,2024-02-22,C1175,East,Furniture,Table Lamp,6,57.19,0.05,325.98,274.93,51.05,0.15660469967482665,2024,2,Feb,2024-02
1268,2024-10-21,C1497,West,Accessories,Backpack,1,42.86,0.0,42.86,25.26,17.6,0.41063929071395244,2024,10,Oct,2024-10
1269,2024-07-24,C1595,North,Furniture,Office Chair,4,182.8,0.05,694.64,514.49,180.15,0.259342969019924,2024,7,Jul,2024-07
1270,2024-11-28,C1562,West,Furniture,Table Lamp,2,50.26,0.15,85.44,70.54,14.9,0.17439138576779026,2024,11,Nov,2024-11
1271,2025-08-29,C1224,East,Electronics,Laptop,6,657.01,0.15,3350.75,2712.69,638.06,0.19042303961799595,2025,8,Aug,2025-08
1272,2024-06-23,C1410,South,Accessories,Backpack,3,44.04,0.05,125.51,103.47,22.04,0.17560353756672772,2024,6,Jun,2024-06
1273,2024-01-03,C1052,Central,Furniture,Bookshelf,3,131.79,0.05,375.6,248.26,127.34,0.33903088391906283,2024,1,Jan,2024-01
1274,2025-01-10,C1530,West,Furniture,Desk,6,278.98,0.15,1422.8,1171.71,251.09,0.17647596289007592,2025,1,Jan,2025-01
1275,2025-08-20,C1548,Central,Electronics,Monitor,2,219.95,0.05,417.9,277.85,140.05,0.33512802105766937,2025,8,Aug,2025-08
1276,2024-11-22,C1378,North,Office Supplies,Printer Paper,5,12.51,0.05,59.42,47.33,12.09,0.20346684617973745,2024,11,Nov,2024-11
1277,2025-08-22,C1448,East,Furniture,Table Lamp,4,52.45,0.05,199.31,164.08,35.23,0.176759821383774,2025,8,Aug,2025-08
1278,2024-10-01,C1324,West,Office Supplies,Notebook,1,8.22,0.05,7.81,4.79,3.02,0.3866837387964149,2024,10,Oct,2024-10
1279,2024-07-22,C1199,Central,Office Supplies,Stapler,7,15.88,0.1,100.04,72.66,27.38,0.27369052379048375,2024,7,Jul,2024-07
1280,2024-11-27,C1458,South,Electronics,Headphones,2,84.99,0.1,152.98,109.58,43.4,0.2836972153222644,2024,11,Nov,2024-11
1281,2024-09-13,C1399,North,Office Supplies,Notebook,1,8.36,0.0,8.36,6.17,2.19,0.2619617224880383,2024,9,Sep,2024-09
1282,2024-11-26,C1107,North,Office Supplies,Printer Paper,5,11.23,0.2,44.92,42.89,2.03,0.045191451469278714,2024,11,Nov,2024-11
1283,2024-10-16,C1508,North,Furniture,Bookshelf,7,141.05,0.05,937.98,808.48,129.5,0.13806264525896075,2024,10,Oct,2024-10
1284,2024-07-27,C1373,Central,Electronics,Monitor,5,202.2,0.0,1011.0,746.25,264.75,0.26186943620178044,2024,7,Jul,2024-07
1285,2024-01-27,C1265,North,Electronics,Laptop,1,660.99,0.1,594.89,389.42,205.47,0.3453915849989074,2024,1,Jan,2024-01
1286,2025-06-25,C1201,West,Accessories,USB Hub,1,27.81,0.05,26.42,17.71,8.71,0.3296744890234671,2025,6,Jun,2025-06
1287,2024-08-09,C1141,Central,Furniture,Office Chair,4,172.97,0.05,657.29,443.88,213.41,0.3246816473702628,2024,8,Aug,2024-08
1288,2025-12-08,C1165,North,Electronics,Monitor,6,201.66,0.0,1209.96,786.98,422.98,0.34958180435716885,2025,12,Dec,2025-12
1289,2024-08-02,C1246,West,Electronics,Smartphone,4,494.27,0.0,1977.08,1489.08,488.0,0.24682865640237117,2024,8,Aug,2024-08
1290,2024-09-28,C1056,Central,Accessories,Mouse,2,24.49,0.1,44.08,32.69,11.39,0.25839382940108896,2024,9,Sep,2024-09
1291,2025-08-13,C1503,Central,Electronics,Smartphone,6,433.44,0.0,2600.64,2063.88,536.76,0.2063953488372093,2025,8,Aug,2025-08
1292,2024-03-26,C1316,North,Accessories,Mouse,2,26.62,0.05,50.58,39.58,11.0,0.21747726374060894,2024,3,Mar,2024-03
1293,2025-01-07,C1071,West,Furniture,Bookshelf,1,144.09,0.05,136.89,117.22,19.67,0.14369201548688731,2025,1,Jan,2025-01
1294,2024-02-15,C1505,Central,Furniture,Desk,2,251.27,0.1,452.29,310.16,142.13,0.31424528510468946,2024,2,Feb,2024-02
1295,2024-08-31,C1107,Central,Office Supplies,Notebook,6,7.26,0.05,41.38,28.28,13.1,0.3165780570323828,2024,8,Aug,2024-08
1296,2025-06-13,C1459,West,Furniture,Desk,2,259.81,0.0,519.62,353.55,166.07,0.3195989376852315,2025,6,Jun,2025-06
1297,2024-12-09,C1592,East,Furniture,Desk,6,282.68,0.05,1611.28,1006.08,605.2,0.37560200585869624,2024,12,Dec,2024-12
1298,2024-05-20,C1411,Central,Accessories,Mouse,7,23.5,0.0,164.5,134.52,29.98,0.18224924012158056,2024,5,May,2024-05
1299,2024-10-10,C1509,West,Office Supplies,Notebook,2,7.55,0.1,13.59,11.88,1.71,0.12582781456953643,2024,10,Oct,2024-10
1300,2024-06-12,C1569,East,Furniture,Table Lamp,5,53.28,0.15,226.44,216.11,10.33,0.045619148560325035,2024,6,Jun,2024-06
1301,2024-11-05,C1249,West,Furniture,Table Lamp,7,50.57,0.15,300.89,256.83,44.06,0.14643225098873344,2024,11,Nov,2024-11
1302,2025-11-28,C1113,Central,Electronics,Laptop,4,641.41,0.0,2565.64,1659.15,906.49,0.35331924977783324,2025,11,Nov,2025-11
1303,2025-11-10,C1560,East,Office Supplies,Pen Set,3,10.29,0.1,27.78,22.99,4.79,0.17242620590352772,2025,11,Nov,2025-11
1304,2025-02-23,C1030,West,Electronics,Monitor,2,211.35,0.0,422.7,256.18,166.52,0.39394369529216944,2025,2,Feb,2025-02
1305,2025-04-17,C1116,West,Accessories,Backpack,6,40.99,0.15,209.05,143.36,65.69,0.3142310452044965,2025,4,Apr,2025-04
1306,2024-09-25,C1111,South,Electronics,Laptop,4,651.49,0.0,2605.96,1786.74,819.22,0.3143639963775346,2024,9,Sep,2024-09
1307,2024-04-03,C1445,West,Furniture,Table Lamp,2,53.34,0.0,106.68,80.87,25.81,0.24193850768653916,2024,4,Apr,2024-04
1308,2024-10-23,C1493,South,Office Supplies,Notebook,3,8.08,0.05,23.03,16.92,6.11,0.2653061224489796,2024,10,Oct,2024-10
1309,2024-11-12,C1199,South,Electronics,Smartphone,3,521.52,0.15,1329.88,1189.1,140.78,0.10585917526393358,2024,11,Nov,2024-11
1310,2024-12-19,C1348,East,Accessories,Mouse,7,24.27,0.1,152.9,123.14,29.76,0.1946370176586004,2024,12,Dec,2024-12
1311,2025-11-24,C1103,Central,Accessories,USB Hub,3,28.76,0.05,81.97,50.73,31.24,0.381115042088569,2025,11,Nov,2025-11
1312,2024-04-30,C1485,East,Accessories,Mouse,5,26.68,0.15,113.39,82.09,31.3,0.276038451362554,2024,4,Apr,2024-04
1313,2024-07-07,C1159,North,Furniture,Table Lamp,2,56.18,0.0,112.36,78.02,34.34,0.30562477750089,2024,7,Jul,2024-07
1314,2025-05-08,C1456,North,Office Supplies,Stapler,4,16.16,0.1,58.18,48.8,9.38,0.16122378824338263,2025,5,May,2025-05
1315,2024-10-28,C1394,South,Furniture,Bookshelf,6,138.02,0.1,745.31,672.31,73.0,0.09794582120191599,2024,10,Oct,2024-10
1316,2025-02-13,C1599,West,Accessories,USB Hub,7,27.91,0.1,175.83,156.09,19.74,0.11226753113803103,2025,2,Feb,2025-02
1317,2025-12-16,C1220,West,Office Supplies,Notebook,5,8.6,0.2,34.4,34.18,0.22,0.006395348837209302,2025,12,Dec,2025-12
1318,2025-08-17,C1579,Central,Electronics,Smartphone,5,520.51,0.0,2602.55,1597.41,1005.14,0.38621352135405657,2025,8,Aug,2025-08
1319,2025-11-16,C1004,East,Office Supplies,Pen Set,6,9.0,0.0,54.0,41.13,12.87,0.2383333333333333,2025,11,Nov,2025-11
1320,2025-09-24,C1310,West,Furniture,Office Chair,7,180.9,0.05,1202.98,879.46,323.52,0.2689321518229729,2025,9,Sep,2025-09
1321,2025-01-23,C1468,South,Electronics,Laptop,2,604.26,0.0,1208.52,890.58,317.94,0.26308211696951644,2025,1,Jan,2025-01
1322,2024-09-25,C1132,West,Accessories,Mouse,3,23.46,0.2,56.3,42.29,14.01,0.2488454706927176,2024,9,Sep,2024-09
1323,2025-03-14,C1024,East,Office Supplies,Pen Set,3,10.82,0.0,32.46,18.99,13.47,0.4149722735674677,2025,3,Mar,2025-03
1324,2024-09-27,C1208,West,Furniture,Desk,6,237.28,0.1,1281.31,862.59,418.72,0.3267905502961813,2024,9,Sep,2024-09
1325,2024-10-22,C1447,South,Furniture,Table Lamp,1,60.12,0.2,48.1,40.88,7.22,0.15010395010395008,2024,10,Oct,2024-10
1326,2025-05-11,C1148,South,Electronics,Monitor,7,241.18,0.1,1519.43,1116.04,403.39,0.2654877157881574,2025,5,May,2025-05
1327,2024-12-07,C1222,South,Furniture,Bookshelf,3,138.95,0.1,375.16,297.4,77.76,0.20727156413263675,2024,12,Dec,2024-12
1328,2024-01-15,C1424,East,Electronics,Headphones,1,92.03,0.0,92.03,55.46,36.57,0.39737042268825384,2024,1,Jan,2024-01
1329,2025-04-20,C1184,North,Electronics,Headphones,6,82.31,0.1,444.47,383.76,60.71,0.13658964609534952,2025,4,Apr,2025-04
1330,2024-07-12,C1041,West,Office Supplies,Stapler,7,13.82,0.0,96.74,66.33,30.41,0.3143477362001241,2024,7,Jul,2024-07
1331,2025-04-28,C1438,East,Office Supplies,Stapler,4,13.7,0.1,49.32,35.83,13.49,0.2735198702351987,2025,4,Apr,2025-04
1332,2024-05-15,C1281,Central,Furniture,Office Chair,4,190.22,0.1,684.79,536.14,148.65,0.2170738474568846,2024,5,May,2024-05
1333,2024-11-03,C1469,South,Accessories,Mouse,5,22.77,0.05,108.16,87.77,20.39,0.18851701183431954,2024,11,Nov,2024-11
1334,2025-06-30,C1379,Central,Accessories,USB Hub,5,29.85,0.1,134.33,100.59,33.74,0.2511724856696196,2025,6,Jun,2025-06
1335,2024-06-25,C1461,East,Furniture,Table Lamp,6,49.73,0.05,283.46,189.35,94.11,0.33200451562830735,2024,6,Jun,2024-06
1336,2024-07-16,C1039,East,Accessories,Mouse,2,24.85,0.1,44.73,34.07,10.66,0.2383188016990834,2024,7,Jul,2024-07
1337,2025-04-02,C1095,South,Furniture,Table Lamp,7,58.84,0.05,391.29,325.36,65.93,0.16849395588949373,2025,4,Apr,2025-04
1338,2024-12-26,C1181,North,Electronics,Laptop,4,596.15,0.1,2146.14,1646.85,499.29,0.2326455869607761,2024,12,Dec,2024-12
1339,2025-05-15,C1362,West,Electronics,Headphones,2,84.1,0.1,151.38,109.89,41.49,0.27407847800237817,2025,5,May,2025-05
1340,2024-04-21,C1561,North,Electronics,Headphones,7,89.61,0.1,564.54,439.88,124.66,0.22081694831189996,2024,4,Apr,2024-04
1341,2025-02-25,C1161,West,Accessories,Keyboard,5,36.4,0.2,145.6,127.5,18.1,0.12431318681318683,2025,2,Feb,2025-02
1342,2025-06-24,C1002,North,Office Supplies,Pen Set,5,9.52,0.2,38.08,27.82,10.26,0.2694327731092437,2025,6,Jun,2025-06
1343,2024-08-20,C1175,West,Office Supplies,Notebook,4,7.81,0.05,29.68,22.54,7.14,0.24056603773584906,2024,8,Aug,2024-08
1344,2024-05-02,C1391,East,Accessories,USB Hub,3,29.51,0.05,84.1,51.71,32.39,0.3851367419738407,2024,5,May,2024-05
1345,2025-03-03,C1202,South,Furniture,Bookshelf,4,140.28,0.1,505.01,342.92,162.09,0.3209639413080929,2025,3,Mar,2025-03
1346,2024-06-03,C1521,Central,Electronics,Smartphone,5,435.89,0.0,2179.45,1474.82,704.63,0.32330633875519055,2024,6,Jun,2024-06
1347,2025-01-20,C1016,South,Accessories,Keyboard,3,33.4,0.0,100.2,65.43,34.77,0.3470059880239521,2025,1,Jan,2025-01
1348,2024-02-14,C1446,Central,Accessories,Mouse,4,24.49,0.05,93.06,64.11,28.95,0.3110896196002579,2024,2,Feb,2024-02
1349,2025-08-28,C1305,South,Furniture,Office Chair,2,195.2,0.0,390.4,271.43,118.97,0.30473872950819675,2025,8,Aug,2025-08
1350,2025-02-08,C1077,South,Furniture,Desk,2,282.13,0.05,536.05,439.53,96.52,0.18005783042626622,2025,2,Feb,2025-02
1351,2024-08-04,C1267,West,Electronics,Monitor,6,200.61,0.1,1083.29,888.08,195.21,0.180201054196014,2024,8,Aug,2024-08
1352,2024-11-28,C1271,East,Furniture,Office Chair,3,181.59,0.1,490.29,336.15,154.14,0.3143853637643027,2024,11,Nov,2024-11
1353,2025-10-12,C1428,West,Electronics,Smartphone,2,501.52,0.0,1003.04,800.35,202.69,0.2020756899026958,2025,10,Oct,2025-10
1354,2024-12-16,C1440,Central,Electronics,Monitor,2,239.95,0.05,455.9,284.51,171.39,0.37593770563720114,2024,12,Dec,2024-12
1355,2025-07-05,C1049,East,Furniture,Table Lamp,5,51.6,0.1,232.2,183.87,48.33,0.20813953488372094,2025,7,Jul,2025-07
1356,2025-04-06,C1463,Central,Electronics,Smartphone,4,471.75,0.0,1887.0,1199.86,687.14,0.36414414414414414,2025,4,Apr,2025-04
1357,2025-10-22,C1050,South,Office Supplies,Notebook,6,7.47,0.1,40.34,34.45,5.89,0.14600892414476943,2025,10,Oct,2025-10
1358,2024-01-14,C1164,East,Furniture,Desk,6,263.41,0.0,1580.46,970.55,609.91,0.3859066347772167,2024,1,Jan,2024-01
1359,2025-05-11,C1379,East,Furniture,Desk,6,261.63,0.05,1491.29,986.29,505.0,0.3386329955944183,2025,5,May,2025-05
1360,2024-06-16,C1478,East,Electronics,Laptop,6,685.02,0.1,3699.11,2538.45,1160.66,0.3137673656636326,2024,6,Jun,2024-06
1361,2024-04-29,C1294,North,Office Supplies,Notebook,1,7.92,0.05,7.52,5.25,2.27,0.3018617021276596,2024,4,Apr,2024-04
1362,2025-02-03,C1559,West,Furniture,Office Chair,6,178.73,0.05,1018.76,878.71,140.05,0.13747104322902354,2025,2,Feb,2025-02
1363,2024-04-08,C1214,North,Furniture,Desk,3,275.01,0.1,742.53,618.71,123.82,0.1667542052172976,2024,4,Apr,2024-04
1364,2025-11-13,C1005,Central,Electronics,Smartphone,5,515.36,0.2,2061.44,2046.95,14.49,0.0070290670599192796,2025,11,Nov,2025-11
1365,2024-08-18,C1152,East,Office Supplies,Stapler,4,15.74,0.0,62.96,44.15,18.81,0.2987611181702668,2024,8,Aug,2024-08
1366,2024-08-11,C1023,South,Accessories,Backpack,3,49.26,0.0,147.78,91.14,56.64,0.38327243199350386,2024,8,Aug,2024-08
1367,2025-09-27,C1244,East,Office Supplies,Pen Set,1,10.57,0.1,9.51,6.73,2.78,0.2923238696109358,2025,9,Sep,2025-09
1368,2024-10-06,C1359,North,Furniture,Table Lamp,2,56.57,0.0,113.14,80.18,32.96,0.29132048789110837,2024,10,Oct,2024-10
1369,2025-07-03,C1517,East,Office Supplies,Notebook,1,7.75,0.05,7.36,5.88,1.48,0.2010869565217391,2025,7,Jul,2025-07
1370,2024-03-08,C1443,North,Electronics,Laptop,6,703.03,0.05,4007.27,2814.22,1193.05,0.29772139137118286,2024,3,Mar,2024-03
1371,2025-02-26,C1136,East,Electronics,Laptop,2,695.89,0.1,1252.6,1132.19,120.41,0.0961280536484113,2025,2,Feb,2025-02
1372,2025-04-17,C1345,West,Furniture,Office Chair,6,196.29,0.1,1059.97,919.1,140.87,0.13289998773550196,2025,4,Apr,2025-04
1373,2024-09-22,C1142,West,Furniture,Office Chair,6,162.73,0.05,927.56,689.09,238.47,0.25709388071930656,2024,9,Sep,2024-09
1374,2024-03-13,C1531,North,Furniture,Bookshelf,7,131.02,0.15,779.57,554.67,224.9,0.2884923740010519,2024,3,Mar,2024-03
1375,2024-10-16,C1081,East,Office Supplies,Printer Paper,1,12.51,0.0,12.51,8.56,3.95,0.31574740207833735,2024,10,Oct,2024-10
1376,2025-01-08,C1069,North,Furniture,Table Lamp,1,57.14,0.0,57.14,43.69,13.45,0.23538676933846692,2025,1,Jan,2025-01
1377,2025-08-28,C1051,West,Electronics,Monitor,2,221.48,0.15,376.52,271.92,104.6,0.27780728779347713,2025,8,Aug,2025-08
1378,2025-05-14,C1150,West,Office Supplies,Pen Set,6,10.02,0.05,57.11,45.65,11.46,0.20066538259499214,2025,5,May,2025-05
1379,2025-05-02,C1329,West,Office Supplies,Stapler,3,15.1,0.0,45.3,26.95,18.35,0.4050772626931568,2025,5,May,2025-05
1380,2025-12-28,C1575,West,Accessories,Backpack,7,41.59,0.0,291.13,207.71,83.42,0.2865386597052863,2025,12,Dec,2025-12
1381,2025-03-04,C1028,East,Office Supplies,Notebook,5,8.07,0.1,36.32,30.57,5.75,0.15831497797356828,2025,3,Mar,2025-03
1382,2025-10-07,C1030,Central,Electronics,Laptop,6,660.73,0.1,3567.94,2366.9,1201.04,0.3366200104261843,2025,10,Oct,2025-10
1383,2025-12-25,C1021,North,Furniture,Table Lamp,7,52.83,0.05,351.32,285.11,66.21,0.1884606626437436,2025,12,Dec,2025-12
1384,2024-05-24,C1468,North,Accessories,Mouse,5,26.63,0.15,113.18,79.35,33.83,0.2989044000706838,2024,5,May,2024-05
1385,2025-12-13,C1511,Central,Furniture,Bookshelf,5,134.3,0.15,570.78,415.14,155.64,0.2726794912225376,2025,12,Dec,2025-12
1386,2024-12-31,C1223,East,Furniture,Bookshelf,3,140.28,0.1,378.76,254.67,124.09,0.32762171295807374,2024,12,Dec,2024-12
1387,2025-11-20,C1393,North,Accessories,Keyboard,7,31.83,0.0,222.81,166.94,55.87,0.25075176159059287,2025,11,Nov,2025-11
1388,2025-12-03,C1484,East,Accessories,USB Hub,2,29.76,0.05,56.54,37.26,19.28,0.34099752387690135,2025,12,Dec,2025-12
1389,2024-11-07,C1071,Central,Accessories,Keyboard,4,37.27,0.0,149.08,101.13,47.95,0.3216393882479206,2024,11,Nov,2024-11
1390,2025-06-03,C1380,East,Furniture,Office Chair,5,164.7,0.05,782.32,654.65,127.67,0.16319408937519173,2025,6,Jun,2025-06
1391,2025-04-22,C1286,West,Office Supplies,Pen Set,2,10.72,0.0,21.44,16.04,5.4,0.251865671641791,2025,4,Apr,2025-04
1392,2024-09-14,C1032,North,Furniture,Desk,2,251.45,0.15,427.46,330.93,96.53,0.22582229916249474,2024,9,Sep,2024-09
1393,2025-09-01,C1019,East,Accessories,Keyboard,7,36.16,0.05,240.46,200.93,39.53,0.16439324627796723,2025,9,Sep,2025-09
1394,2024-12-12,C1530,Central,Office Supplies,Stapler,4,14.14,0.05,53.73,45.17,8.56,0.15931509398846083,2024,12,Dec,2024-12
1395,2024-12-10,C1576,East,Electronics,Smartphone,4,494.75,0.2,1583.2,1545.91,37.29,0.023553562405255177,2024,12,Dec,2024-12
1396,2025-06-07,C1348,East,Furniture,Table Lamp,7,53.55,0.0,374.85,250.16,124.69,0.3326397225556889,2025,6,Jun,2025-06
1397,2024-09-05,C1441,East,Office Supplies,Notebook,4,8.11,0.0,32.44,25.78,6.66,0.2053020961775586,2024,9,Sep,2024-09
1398,2024-05-23,C1167,East,Electronics,Smartphone,1,476.05,0.05,452.25,388.49,63.76,0.14098396904367053,2024,5,May,2024-05
1399,2025-09-26,C1024,South,Accessories,USB Hub,5,28.08,0.1,126.36,99.66,26.7,0.21130104463437796,2025,9,Sep,2025-09
1400,2024-01-26,C1539,West,Accessories,Keyboard,2,35.09,0.1,63.16,52.7,10.46,0.16561114629512352,2024,1,Jan,2024-01
1401,2025-08-05,C1081,North,Electronics,Laptop,6,703.16,0.0,4218.96,2664.72,1554.24,0.36839410660447125,2025,8,Aug,2025-08
1402,2025-08-18,C1454,South,Office Supplies,Stapler,3,15.2,0.1,41.04,36.85,4.19,0.1020955165692008,2025,8,Aug,2025-08
1403,2024-10-07,C1429,North,Furniture,Table Lamp,6,50.64,0.15,258.26,204.5,53.76,0.20816231704483854,2024,10,Oct,2024-10
1404,2025-10-19,C1245,South,Accessories,USB Hub,2,28.35,0.0,56.7,43.92,12.78,0.22539682539682537,2025,10,Oct,2025-10
1405,2025-02-15,C1062,North,Electronics,Monitor,2,209.6,0.0,419.2,249.68,169.52,0.4043893129770993,2025,2,Feb,2025-02
1406,2024-03-09,C1489,West,Electronics,Headphones,1,92.87,0.0,92.87,60.92,31.95,0.3440292882523958,2024,3,Mar,2024-03
1407,2024-08-17,C1082,North,Accessories,USB Hub,6,32.7,0.05,186.39,141.04,45.35,0.24330704436933315,2024,8,Aug,2024-08
1408,2024-07-11,C1193,North,Accessories,Keyboard,3,32.66,0.15,83.28,74.03,9.25,0.11107108549471661,2024,7,Jul,2024-07
1409,2025-09-30,C1441,Central,Furniture,Table Lamp,5,51.1,0.1,229.95,197.16,32.79,0.14259621656881932,2025,9,Sep,2025-09
1410,2025-10-12,C1312,North,Furniture,Office Chair,6,163.6,0.1,883.44,746.52,136.92,0.15498505840804128,2025,10,Oct,2025-10
1411,2024-04-13,C1202,East,Accessories,Mouse,1,23.81,0.05,22.62,17.94,4.68,0.2068965517241379,2024,4,Apr,2024-04
1412,2024-08-31,C1273,West,Electronics,Smartphone,2,504.05,0.0,1008.1,666.74,341.36,0.33861720067453627,2024,8,Aug,2024-08
1413,2025-03-05,C1549,North,Furniture,Table Lamp,5,52.37,0.0,261.85,192.46,69.39,0.2649990452549169,2025,3,Mar,2025-03
1414,2025-01-11,C1350,Central,Electronics,Monitor,1,231.94,0.05,220.34,134.65,85.69,0.38889897431242626,2025,1,Jan,2025-01
1415,2025-11-18,C1064,North,Electronics,Monitor,4,206.91,0.1,744.88,670.53,74.35,0.09981473525937062,2025,11,Nov,2025-11
1416,2025-02-16,C1021,Central,Office Supplies,Notebook,6,7.55,0.0,45.3,26.37,18.93,0.4178807947019868,2025,2,Feb,2025-02
1417,2025-04-02,C1122,South,Office Supplies,Notebook,5,8.27,0.1,37.21,25.93,11.28,0.30314431604407416,2025,4,Apr,2025-04
1418,2024-11-13,C1523,South,Electronics,Laptop,1,638.41,0.1,574.57,450.82,123.75,0.21537845693301075,2024,11,Nov,2024-11
1419,2024-05-17,C1308,East,Office Supplies,Pen Set,4,9.6,0.0,38.4,27.24,11.16,0.290625,2024,5,May,2024-05
1420,2025-10-06,C1223,South,Furniture,Bookshelf,6,152.57,0.0,915.42,670.55,244.87,0.26749470188547336,2025,10,Oct,2025-10
1421,2024-04-26,C1592,North,Furniture,Desk,4,283.64,0.0,1134.56,693.06,441.5,0.3891376392610351,2024,4,Apr,2024-04
1422,2024-06-02,C1405,East,Electronics,Headphones,5,90.44,0.15,384.37,287.12,97.25,0.25301142128678095,2024,6,Jun,2024-06
1423,2025-02-02,C1527,South,Electronics,Smartphone,6,486.43,0.0,2918.58,1971.71,946.87,0.32442831788061316,2025,2,Feb,2025-02
1424,2025-03-11,C1592,North,Furniture,Table Lamp,2,55.55,0.1,99.99,67.03,32.96,0.3296329632963297,2025,3,Mar,2025-03
1425,2024-05-14,C1261,Central,Accessories,Keyboard,7,34.12,0.05,226.9,174.4,52.5,0.23137946231820183,2024,5,May,2024-05
1426,2025-12-04,C1529,South,Electronics,Smartphone,4,490.19,0.15,1666.65,1584.08,82.57,0.049542495424954244,2025,12,Dec,2025-12
1427,2024-07-22,C1078,North,Furniture,Table Lamp,7,49.93,0.2,279.61,265.92,13.69,0.04896105289510389,2024,7,Jul,2024-07
1428,2025-07-21,C1083,South,Electronics,Monitor,7,210.36,0.1,1325.27,1175.74,149.53,0.11282983844801436,2025,7,Jul,2025-07
1429,2025-09-12,C1148,East,Electronics,Monitor,5,201.55,0.05,957.36,678.17,279.19,0.29162488510069356,2025,9,Sep,2025-09
1430,2025-04-16,C1158,East,Office Supplies,Stapler,4,15.69,0.0,62.76,40.27,22.49,0.3583492670490758,2025,4,Apr,2025-04
1431,2025-09-01,C1071,West,Furniture,Table Lamp,4,50.23,0.0,200.92,126.95,73.97,0.36815648019112085,2025,9,Sep,2025-09
1432,2024-11-08,C1297,West,Office Supplies,Printer Paper,7,11.99,0.1,75.54,54.72,20.82,0.27561556791104047,2024,11,Nov,2024-11
1433,2025-09-11,C1281,West,Accessories,Backpack,3,44.4,0.0,133.2,103.05,30.15,0.22635135135135137,2025,9,Sep,2025-09
1434,2025-05-25,C1528,South,Office Supplies,Stapler,2,13.74,0.0,27.48,20.18,7.3,0.26564774381368267,2025,5,May,2025-05
1435,2025-05-28,C1097,East,Electronics,Monitor,5,202.7,0.05,962.82,812.39,150.43,0.15623896470783738,2025,5,May,2025-05
1436,2024-08-17,C1093,South,Electronics,Monitor,7,223.72,0.05,1487.74,1066.48,421.26,0.28315431459798085,2024,8,Aug,2024-08
1437,2025-06-02,C1521,North,Office Supplies,Stapler,2,13.51,0.05,25.67,17.25,8.42,0.32800934943513826,2025,6,Jun,2025-06
1438,2025-04-03,C1235,Central,Accessories,Keyboard,3,33.96,0.15,86.6,81.24,5.36,0.06189376443418015,2025,4,Apr,2025-04
1439,2024-11-26,C1554,South,Electronics,Monitor,1,199.44,0.0,199.44,160.95,38.49,0.19299037304452468,2024,11,Nov,2024-11
1440,2024-08-15,C1288,West,Furniture,Office Chair,4,195.34,0.15,664.16,524.23,139.93,0.21068718381112986,2024,8,Aug,2024-08
1441,2025-11-28,C1420,Central,Electronics,Monitor,2,215.13,0.0,430.26,292.05,138.21,0.32122437595872266,2025,11,Nov,2025-11
1442,2025-08-30,C1573,North,Accessories,Mouse,4,26.02,0.05,98.88,66.68,32.2,0.32564724919093857,2025,8,Aug,2025-08
1443,2024-09-06,C1008,South,Electronics,Monitor,7,236.28,0.0,1653.96,1228.59,425.37,0.2571827613727055,2024,9,Sep,2024-09
1444,2024-09-21,C1211,North,Office Supplies,Pen Set,7,10.04,0.1,63.25,55.79,7.46,0.11794466403162056,2024,9,Sep,2024-09
1445,2024-11-08,C1579,North,Office Supplies,Pen Set,7,10.9,0.0,76.3,56.0,20.3,0.26605504587155965,2024,11,Nov,2024-11
1446,2024-03-02,C1247,West,Furniture,Table Lamp,2,60.06,0.1,108.11,76.98,31.13,0.2879474609194339,2024,3,Mar,2024-03
1447,2024-09-10,C1372,West,Accessories,Keyboard,5,36.42,0.2,145.68,107.45,38.23,0.2624244920373421,2024,9,Sep,2024-09
1448,2024-04-22,C1147,East,Furniture,Desk,4,258.4,0.0,1033.6,805.66,227.94,0.22053018575851394,2024,4,Apr,2024-04
1449,2025-11-14,C1342,South,Electronics,Laptop,2,688.84,0.1,1239.91,1111.57,128.34,0.10350751264204659,2025,11,Nov,2025-11
1450,2025-05-26,C1105,East,Electronics,Smartphone,3,456.89,0.15,1165.07,835.23,329.84,0.2831074527710781,2025,5,May,2025-05
1451,2025-11-04,C1477,East,Electronics,Laptop,1,606.89,0.1,546.2,463.78,82.42,0.15089710728670816,2025,11,Nov,2025-11
1452,2024-12-17,C1005,West,Accessories,Mouse,2,25.5,0.05,48.45,41.05,7.4,0.15273477812177502,2024,12,Dec,2024-12
1453,2024-02-03,C1498,West,Office Supplies,Notebook,4,8.5,0.15,28.9,19.99,8.91,0.3083044982698962,2024,2,Feb,2024-02
1454,2024-06-01,C1218,North,Electronics,Smartphone,3,466.31,0.1,1259.04,1135.71,123.33,0.09795558520777736,2024,6,Jun,2024-06
1455,2025-06-10,C1207,East,Furniture,Office Chair,7,191.49,0.0,1340.43,1097.91,242.52,0.18092701595756586,2025,6,Jun,2025-06
1456,2025-11-16,C1023,East,Furniture,Desk,4,274.01,0.05,1041.24,663.39,377.85,0.36288463754753947,2025,11,Nov,2025-11
1457,2024-04-13,C1500,West,Office Supplies,Stapler,5,14.13,0.05,67.12,50.08,17.04,0.2538736591179976,2024,4,Apr,2024-04
1458,2025-09-13,C1031,West,Office Supplies,Pen Set,4,10.75,0.0,43.0,32.85,10.15,0.236046511627907,2025,9,Sep,2025-09
1459,2025-06-01,C1289,South,Furniture,Bookshelf,3,151.14,0.0,453.42,319.51,133.91,0.2953332451149045,2025,6,Jun,2025-06
1460,2024-05-19,C1356,East,Accessories,USB Hub,1,31.52,0.1,28.37,21.6,6.77,0.23863235812477968,2024,5,May,2024-05
1461,2024-05-28,C1449,North,Furniture,Table Lamp,3,57.45,0.0,172.35,134.52,37.83,0.21949521322889468,2024,5,May,2024-05
1462,2024-03-16,C1006,East,Accessories,Keyboard,2,33.77,0.05,64.16,50.18,13.98,0.21789276807980051,2024,3,Mar,2024-03
1463,2024-07-09,C1151,North,Electronics,Headphones,2,98.75,0.1,177.75,150.91,26.84,0.1509985935302391,2024,7,Jul,2024-07
1464,2025-09-16,C1391,North,Electronics,Headphones,1,87.24,0.05,82.88,68.66,14.22,0.17157335907335908,2025,9,Sep,2025-09
1465,2025-09-08,C1395,North,Office Supplies,Stapler,7,16.0,0.05,106.4,73.29,33.11,0.3111842105263158,2025,9,Sep,2025-09
1466,2024-10-27,C1086,Central,Electronics,Headphones,7,81.21,0.15,483.2,397.73,85.47,0.17688327814569538,2024,10,Oct,2024-10
1467,2025-10-15,C1503,North,Electronics,Monitor,7,235.11,0.0,1645.77,1238.15,407.62,0.24767737897762143,2025,10,Oct,2025-10
1468,2024-01-10,C1334,East,Office Supplies,Notebook,7,7.64,0.05,50.81,33.26,17.55,0.34540444794331826,2024,1,Jan,2024-01
1469,2025-02-18,C1570,Central,Office Supplies,Printer Paper,2,13.18,0.1,23.72,15.86,7.86,0.33136593591905567,2025,2,Feb,2025-02
1470,2024-03-26,C1198,West,Office Supplies,Printer Paper,4,10.95,0.05,41.61,31.95,9.66,0.23215573179524154,2024,3,Mar,2024-03
1471,2024-02-16,C1513,West,Electronics,Smartphone,7,491.61,0.05,3269.21,2672.75,596.46,0.1824477473151006,2024,2,Feb,2024-02
1472,2024-03-26,C1310,Central,Electronics,Smartphone,3,443.51,0.0,1330.53,1062.78,267.75,0.201235597844468,2024,3,Mar,2024-03
1473,2025-01-30,C1178,West,Office Supplies,Notebook,7,7.29,0.05,48.48,30.24,18.24,0.37623762376237624,2025,1,Jan,2025-01
1474,2025-01-16,C1442,East,Electronics,Smartphone,2,519.86,0.1,935.75,706.22,229.53,0.24528987443227357,2025,1,Jan,2025-01
1475,2025-11-15,C1541,West,Electronics,Headphones,7,86.37,0.05,574.36,446.08,128.28,0.22334424402813566,2025,11,Nov,2025-11
1476,2024-10-27,C1574,North,Furniture,Bookshelf,3,144.79,0.1,390.93,253.95,136.98,0.35039521141892405,2024,10,Oct,2024-10
1477,2024-05-12,C1046,East,Furniture,Table Lamp,3,52.99,0.0,158.97,128.93,30.04,0.18896647166131975,2024,5,May,2024-05
1478,2025-03-29,C1405,East,Accessories,Backpack,5,40.51,0.1,182.3,161.26,21.04,0.1154141524958859,2025,3,Mar,2025-03
1479,2024-01-01,C1036,South,Accessories,USB Hub,5,31.93,0.0,159.65,113.51,46.14,0.289007203257125,2024,1,Jan,2024-01
1480,2024-11-06,C1144,North,Electronics,Laptop,6,654.28,0.15,3336.83,2992.1,344.73,0.10331062715211743,2024,11,Nov,2024-11
1481,2025-11-14,C1519,West,Electronics,Headphones,5,81.8,0.05,388.55,261.23,127.32,0.3276798352850341,2025,11,Nov,2025-11
1482,2024-08-29,C1050,South,Electronics,Monitor,6,207.78,0.1,1122.01,739.06,382.95,0.3413071184748799,2024,8,Aug,2024-08
1483,2024-07-25,C1320,West,Electronics,Laptop,5,614.11,0.05,2917.02,2409.63,507.39,0.17394121397864945,2024,7,Jul,2024-07
1484,2024-05-16,C1498,North,Office Supplies,Notebook,2,7.52,0.05,14.29,10.7,3.59,0.25122463261021694,2024,5,May,2024-05
1485,2024-08-30,C1416,North,Electronics,Smartphone,1,500.01,0.0,500.01,298.16,201.85,0.40369192616147676,2024,8,Aug,2024-08
1486,2025-06-03,C1053,East,Furniture,Desk,3,274.54,0.15,700.08,596.72,103.36,0.14764026968346475,2025,6,Jun,2025-06
1487,2024-03-21,C1243,West,Accessories,Mouse,5,22.6,0.1,101.7,84.71,16.99,0.1670599803343166,2024,3,Mar,2024-03
1488,2024-02-28,C1317,North,Accessories,Keyboard,6,32.48,0.15,165.65,154.5,11.15,0.06731059462722608,2024,2,Feb,2024-02
1489,2024-05-24,C1360,East,Furniture,Desk,3,272.64,0.1,736.13,654.38,81.75,0.11105375409234781,2024,5,May,2024-05
1490,2024-11-27,C1309,South,Accessories,USB Hub,3,32.68,0.2,78.43,60.27,18.16,0.23154405202091036,2024,11,Nov,2024-11
1491,2025-03-20,C1444,Central,Furniture,Office Chair,4,183.51,0.0,734.04,566.55,167.49,0.228175576262874,2025,3,Mar,2025-03
1492,2025-12-27,C1235,North,Accessories,Mouse,6,24.3,0.0,145.8,85.18,60.62,0.4157750342935528,2025,12,Dec,2025-12
1493,2025-01-21,C1562,South,Office Supplies,Notebook,6,7.76,0.2,37.25,37.3,-0.05,-0.001342281879194631,2025,1,Jan,2025-01
1494,2024-10-24,C1082,East,Electronics,Monitor,1,236.85,0.0,236.85,177.62,59.23,0.25007388642600803,2024,10,Oct,2024-10
1495,2024-02-13,C1317,South,Electronics,Smartphone,2,501.57,0.0,1003.14,666.03,337.11,0.33605478796578747,2024,2,Feb,2024-02
1496,2024-08-15,C1493,East,Furniture,Bookshelf,7,143.19,0.05,952.21,656.32,295.89,0.3107402778798794,2024,8,Aug,2024-08
1497,2024-05-29,C1295,West,Electronics,Smartphone,3,475.07,0.0,1425.21,1128.7,296.51,0.20804653349330976,2024,5,May,2024-05
1498,2024-04-29,C1329,East,Accessories,Mouse,4,25.65,0.15,87.21,71.54,15.67,0.17968122921683294,2024,4,Apr,2024-04
1499,2024-10-23,C1263,South,Electronics,Monitor,6,202.35,0.0,1214.1,825.37,388.73,0.3201795568734042,2024,10,Oct,2024-10
1500,2024-11-24,C1308,South,Office Supplies,Notebook,3,7.62,0.1,20.57,18.43,2.14,0.10403500243072436,2024,11,Nov,2024-11
1501,2024-09-18,C1596,West,Furniture,Office Chair,5,162.28,0.1,730.26,563.17,167.09,0.22880891737189496,2024,9,Sep,2024-09
1502,2024-10-23,C1404,Central,Furniture,Office Chair,1,179.85,0.05,170.86,144.47,26.39,0.15445393889734285,2024,10,Oct,2024-10
1503,2024-02-06,C1365,North,Electronics,Laptop,2,667.3,0.2,1067.68,951.58,116.1,0.10874044657575302,2024,2,Feb,2024-02
1504,2024-07-17,C1244,East,Electronics,Laptop,2,665.84,0.0,1331.68,780.36,551.32,0.41400336417157274,2024,7,Jul,2024-07
1505,2024-08-19,C1167,West,Furniture,Table Lamp,6,55.67,0.05,317.32,205.16,112.16,0.35346022942140426,2024,8,Aug,2024-08
1506,2024-10-10,C1522,South,Furniture,Table Lamp,2,57.02,0.15,96.93,73.33,23.6,0.2434746724440318,2024,10,Oct,2024-10
1507,2024-03-20,C1372,West,Furniture,Table Lamp,3,58.55,0.0,175.65,124.65,51.0,0.29035012809564475,2024,3,Mar,2024-03
1508,2025-08-05,C1056,West,Furniture,Office Chair,7,171.47,0.05,1140.28,716.62,423.66,0.3715403234293332,2025,8,Aug,2025-08
1509,2024-12-16,C1157,Central,Office Supplies,Pen Set,2,10.89,0.1,19.6,16.41,3.19,0.1627551020408163,2024,12,Dec,2024-12
1510,2024-05-30,C1402,Central,Office Supplies,Pen Set,2,10.93,0.05,20.77,15.25,5.52,0.26576793452094366,2024,5,May,2024-05
1511,2025-08-12,C1032,East,Office Supplies,Notebook,3,8.02,0.05,22.86,19.03,3.83,0.16754155730533685,2025,8,Aug,2025-08
1512,2024-07-04,C1166,Central,Electronics,Laptop,3,590.47,0.05,1682.84,1281.75,401.09,0.2383411376007226,2024,7,Jul,2024-07
1513,2024-04-19,C1528,West,Furniture,Table Lamp,5,58.9,0.1,265.05,219.29,45.76,0.17264667043953968,2024,4,Apr,2024-04
1514,2025-05-10,C1532,West,Office Supplies,Printer Paper,2,11.41,0.05,21.68,16.39,5.29,0.24400369003690037,2025,5,May,2025-05
1515,2025-08-04,C1468,Central,Electronics,Monitor,3,237.88,0.15,606.59,500.64,105.95,0.17466493018348472,2025,8,Aug,2025-08
1516,2024-01-24,C1434,West,Accessories,USB Hub,7,29.89,0.15,177.85,143.98,33.87,0.19044138318807982,2024,1,Jan,2024-01
1517,2024-07-26,C1244,North,Electronics,Smartphone,1,500.36,0.1,450.32,391.32,59.0,0.1310179427962338,2024,7,Jul,2024-07
1518,2025-09-15,C1105,West,Furniture,Desk,7,240.36,0.15,1430.14,1318.53,111.61,0.07804131064091627,2025,9,Sep,2025-09
1519,2025-10-20,C1439,North,Electronics,Smartphone,4,465.0,0.0,1860.0,1343.9,516.1,0.2774731182795699,2025,10,Oct,2025-10
1520,2024-02-16,C1413,West,Electronics,Headphones,1,86.16,0.0,86.16,66.13,20.03,0.23247446610956363,2024,2,Feb,2024-02
1521,2025-03-21,C1163,West,Accessories,USB Hub,2,32.37,0.0,64.74,48.66,16.08,0.24837812789620017,2025,3,Mar,2025-03
1522,2024-08-29,C1365,West,Furniture,Bookshelf,5,145.0,0.1,652.5,502.77,149.73,0.22947126436781606,2024,8,Aug,2024-08
1523,2024-05-29,C1326,South,Electronics,Monitor,4,204.65,0.0,818.6,612.45,206.15,0.25183239677498165,2024,5,May,2024-05
1524,2025-11-25,C1073,Central,Electronics,Laptop,3,676.43,0.0,2029.29,1611.06,418.23,0.2060967136289047,2025,11,Nov,2025-11
1525,2024-07-15,C1217,Central,Electronics,Smartphone,5,514.13,0.15,2185.05,2003.69,181.36,0.08300038900711654,2024,7,Jul,2024-07
1526,2024-03-26,C1537,West,Electronics,Smartphone,7,445.41,0.15,2650.19,2221.25,428.94,0.16185254642119998,2024,3,Mar,2024-03
1527,2025-02-23,C1412,West,Office Supplies,Printer Paper,5,11.46,0.05,54.44,39.62,14.82,0.272226304188097,2025,2,Feb,2025-02
1528,2025-02-03,C1509,East,Electronics,Monitor,7,228.76,0.0,1601.32,937.41,663.91,0.4146017035945345,2025,2,Feb,2025-02
1529,2025-04-04,C1191,West,Office Supplies,Printer Paper,1,12.77,0.0,12.77,8.95,3.82,0.29913860610806575,2025,4,Apr,2025-04
1530,2025-12-28,C1339,North,Furniture,Desk,4,248.88,0.1,895.97,637.64,258.33,0.28832438586113374,2025,12,Dec,2025-12
1531,2024-08-25,C1373,East,Accessories,Backpack,4,40.99,0.05,155.76,101.73,54.03,0.3468798151001541,2024,8,Aug,2024-08
1532,2024-08-20,C1563,South,Accessories,Backpack,4,47.66,0.1,171.58,146.34,25.24,0.14710339200373002,2024,8,Aug,2024-08
1533,2025-02-23,C1145,West,Office Supplies,Notebook,6,7.43,0.05,42.35,28.35,14.0,0.3305785123966942,2025,2,Feb,2025-02
1534,2025-11-20,C1418,East,Electronics,Headphones,1,87.56,0.1,78.8,52.47,26.33,0.3341370558375634,2025,11,Nov,2025-11
1535,2024-12-16,C1103,East,Electronics,Laptop,3,592.64,0.05,1689.02,1342.37,346.65,0.2052373565736344,2024,12,Dec,2024-12
1536,2025-12-02,C1029,West,Electronics,Monitor,5,238.83,0.1,1074.74,767.44,307.3,0.2859296201872081,2025,12,Dec,2025-12
1537,2025-06-26,C1330,North,Electronics,Headphones,6,89.43,0.1,482.92,438.0,44.92,0.09301747701482647,2025,6,Jun,2025-06
1538,2024-09-11,C1290,West,Electronics,Laptop,4,594.07,0.1,2138.65,1524.17,614.48,0.28732144109601854,2024,9,Sep,2024-09
1539,2025-10-18,C1117,East,Furniture,Bookshelf,1,144.26,0.0,144.26,88.33,55.93,0.3877027589075281,2025,10,Oct,2025-10
1540,2025-08-27,C1181,West,Electronics,Smartphone,5,437.75,0.1,1969.88,1279.34,690.54,0.3505492720368753,2025,8,Aug,2025-08
1541,2025-11-23,C1181,North,Office Supplies,Printer Paper,1,12.5,0.0,12.5,7.88,4.62,0.3696,2025,11,Nov,2025-11
1542,2025-12-25,C1257,East,Furniture,Table Lamp,5,56.59,0.1,254.66,212.6,42.06,0.16516139165946753,2025,12,Dec,2025-12
1543,2024-06-16,C1388,North,Electronics,Smartphone,7,442.97,0.0,3100.79,2195.36,905.43,0.29199978070104715,2024,6,Jun,2024-06
1544,2025-03-30,C1279,Central,Accessories,Keyboard,7,38.11,0.0,266.77,187.85,78.92,0.29583536379652886,2025,3,Mar,2025-03
1545,2024-12-28,C1508,East,Electronics,Headphones,1,85.63,0.1,77.07,50.74,26.33,0.3416374724276632,2024,12,Dec,2024-12
1546,2024-12-28,C1517,North,Electronics,Smartphone,2,526.73,0.0,1053.46,688.37,365.09,0.346562755111727,2024,12,Dec,2024-12
1547,2024-06-24,C1229,North,Furniture,Bookshelf,6,153.31,0.05,873.87,689.03,184.84,0.21151887580532575,2024,6,Jun,2024-06
1548,2025-10-25,C1014,West,Office Supplies,Stapler,6,15.95,0.1,86.13,55.64,30.49,0.35399976779287123,2025,10,Oct,2025-10
1549,2024-10-01,C1145,North,Furniture,Table Lamp,7,56.9,0.0,398.3,326.34,71.96,0.1806678383128295,2024,10,Oct,2024-10
1550,2024-12-15,C1484,South,Office Supplies,Notebook,4,8.04,0.1,28.94,19.89,9.05,0.3127159640635798,2024,12,Dec,2024-12
1551,2025-01-06,C1424,Central,Electronics,Smartphone,7,485.61,0.05,3229.31,2637.66,591.65,0.18321251288975043,2025,1,Jan,2025-01
1552,2024-07-31,C1597,West,Furniture,Office Chair,4,177.71,0.1,639.76,547.05,92.71,0.14491371764411654,2024,7,Jul,2024-07
1553,2024-06-13,C1402,North,Electronics,Smartphone,7,451.11,0.15,2684.1,2427.92,256.18,0.09544353787116724,2024,6,Jun,2024-06
1554,2025-11-09,C1074,West,Accessories,Backpack,1,42.85,0.15,36.42,25.86,10.56,0.2899505766062603,2025,11,Nov,2025-11
1555,2025-02-19,C1478,East,Furniture,Office Chair,7,194.51,0.0,1361.57,1055.73,305.84,0.2246230454548793,2025,2,Feb,2025-02
1556,2025-09-24,C1013,Central,Electronics,Monitor,7,231.34,0.15,1376.47,1158.23,218.24,0.1585504951070492,2025,9,Sep,2025-09
1557,2025-06-19,C1544,East,Furniture,Desk,6,281.35,0.1,1519.29,985.11,534.18,0.351598444010031,2025,6,Jun,2025-06
1558,2024-05-20,C1148,East,Accessories,Mouse,4,26.13,0.1,94.07,78.22,15.85,0.1684915488466036,2024,5,May,2024-05
1559,2025-10-17,C1399,South,Electronics,Monitor,4,239.22,0.15,813.35,739.43,73.92,0.0908833835372226,2025,10,Oct,2025-10
1560,2024-05-07,C1507,West,Accessories,Keyboard,1,32.69,0.0,32.69,18.96,13.73,0.42000611807892324,2024,5,May,2024-05
1561,2025-06-04,C1463,North,Electronics,Monitor,1,215.51,0.1,193.96,159.89,34.07,0.17565477418024333,2025,6,Jun,2025-06
1562,2025-04-27,C1476,North,Furniture,Office Chair,5,164.41,0.05,780.95,653.51,127.44,0.16318586337153465,2025,4,Apr,2025-04
1563,2024-09-19,C1435,North,Electronics,Smartphone,5,472.08,0.1,2124.36,1766.56,357.8,0.1684271968969478,2024,9,Sep,2024-09
1564,2024-10-01,C1304,West,Furniture,Office Chair,6,192.84,0.05,1099.19,871.54,227.65,0.2071070515561459,2024,10,Oct,2024-10
1565,2024-03-02,C1087,Central,Accessories,Mouse,5,23.72,0.2,94.88,92.76,2.12,0.02234401349072513,2024,3,Mar,2024-03
1566,2024-06-29,C1311,North,Accessories,Keyboard,5,31.53,0.15,134.0,92.23,41.77,0.3117164179104478,2024,6,Jun,2024-06
1567,2024-09-30,C1090,West,Furniture,Table Lamp,7,53.67,0.05,356.91,287.48,69.43,0.1945308341038357,2024,9,Sep,2024-09
1568,2024-02-11,C1052,West,Accessories,Keyboard,6,32.82,0.0,196.92,126.56,70.36,0.3573024578509039,2024,2,Feb,2024-02
1569,2024-04-12,C1427,North,Electronics,Smartphone,4,447.01,0.0,1788.04,1330.54,457.5,0.2558667591329053,2024,4,Apr,2024-04
1570,2025-10-17,C1066,North,Accessories,Mouse,4,22.94,0.05,87.17,68.75,18.42,0.2113112309280716,2025,10,Oct,2025-10
1571,2025-04-04,C1351,Central,Accessories,Mouse,1,25.24,0.0,25.24,17.38,7.86,0.31141045958795566,2025,4,Apr,2025-04
1572,2024-04-17,C1179,North,Electronics,Smartphone,1,462.79,0.0,462.79,311.42,151.37,0.32708139761014715,2024,4,Apr,2024-04
1573,2025-01-29,C1072,East,Furniture,Office Chair,5,191.07,0.1,859.82,706.25,153.57,0.17860715033379077,2025,1,Jan,2025-01
1574,2024-08-10,C1007,East,Electronics,Laptop,5,620.84,0.1,2793.78,1930.98,862.8,0.308828898481627,2024,8,Aug,2024-08
1575,2024-07-06,C1360,Central,Electronics,Laptop,7,589.91,0.2,3303.5,3363.92,-60.42,-0.018289692750113516,2024,7,Jul,2024-07
1576,2025-06-01,C1399,Central,Electronics,Smartphone,6,494.81,0.05,2820.42,1778.96,1041.46,0.36925706100509853,2025,6,Jun,2025-06
1577,2024-12-11,C1171,East,Accessories,Mouse,2,24.74,0.15,42.06,40.33,1.73,0.04113171659533999,2024,12,Dec,2024-12
1578,2025-05-27,C1173,South,Accessories,Keyboard,1,32.94,0.0,32.94,21.19,11.75,0.35670916818457804,2025,5,May,2025-05
1579,2025-05-20,C1134,Central,Electronics,Headphones,2,95.52,0.1,171.94,124.4,47.54,0.27649179946492963,2025,5,May,2025-05
1580,2025-06-09,C1527,West,Furniture,Bookshelf,6,140.07,0.05,798.4,555.76,242.64,0.3039078156312625,2025,6,Jun,2025-06
1581,2025-07-02,C1290,Central,Furniture,Table Lamp,4,55.63,0.15,189.14,140.11,49.03,0.25922597018081844,2025,7,Jul,2025-07
1582,2025-06-27,C1496,South,Accessories,Mouse,6,22.98,0.1,124.09,93.08,31.01,0.24989926666129422,2025,6,Jun,2025-06
1583,2024-09-05,C1444,South,Electronics,Monitor,2,237.56,0.1,427.61,358.42,69.19,0.1618063188419354,2024,9,Sep,2024-09
1584,2024-12-18,C1115,South,Electronics,Smartphone,2,452.0,0.0,904.0,551.52,352.48,0.3899115044247788,2024,12,Dec,2024-12
1585,2024-02-20,C1435,North,Office Supplies,Pen Set,2,10.27,0.1,18.49,16.71,1.78,0.09626825310978908,2024,2,Feb,2024-02
1586,2024-08-14,C1209,Central,Office Supplies,Printer Paper,2,12.41,0.05,23.58,14.59,8.99,0.3812553011026294,2024,8,Aug,2024-08
1587,2024-09-29,C1458,North,Electronics,Smartphone,3,492.23,0.05,1402.86,1057.14,345.72,0.24643941662033278,2024,9,Sep,2024-09
1588,2025-07-18,C1197,East,Electronics,Smartphone,3,513.51,0.0,1540.53,1121.44,419.09,0.2720427385380356,2025,7,Jul,2025-07
1589,2024-01-25,C1136,South,Accessories,Keyboard,7,32.33,0.05,214.99,132.83,82.16,0.38215730964230893,2024,1,Jan,2024-01
1590,2025-08-13,C1100,West,Office Supplies,Notebook,3,7.5,0.05,21.38,13.65,7.73,0.3615528531337699,2025,8,Aug,2025-08
1591,2024-02-08,C1123,West,Accessories,Keyboard,5,36.77,0.05,174.66,125.37,49.29,0.2822054276880797,2024,2,Feb,2024-02
1592,2024-08-31,C1363,South,Furniture,Desk,1,251.03,0.2,200.82,201.21,-0.39,-0.0019420376456528235,2024,8,Aug,2024-08
1593,2024-03-23,C1038,West,Furniture,Desk,6,248.26,0.0,1489.56,904.54,585.02,0.39274685141921106,2024,3,Mar,2024-03
1594,2024-05-02,C1594,West,Office Supplies,Notebook,2,8.16,0.15,13.87,13.23,0.64,0.04614275414563807,2024,5,May,2024-05
1595,2025-07-23,C1160,North,Furniture,Office Chair,1,162.54,0.0,162.54,99.32,63.22,0.38895041220622617,2025,7,Jul,2025-07
1596,2025-08-04,C1194,East,Furniture,Bookshelf,7,142.69,0.1,898.95,649.91,249.04,0.27703431781522886,2025,8,Aug,2025-08
1597,2024-02-16,C1061,South,Electronics,Smartphone,2,484.53,0.1,872.15,615.82,256.33,0.29390586481683195,2024,2,Feb,2024-02
1598,2024-06-12,C1568,West,Accessories,Backpack,4,43.76,0.1,157.54,116.86,40.68,0.25822013456899834,2024,6,Jun,2024-06
1599,2024-11-14,C1567,North,Accessories,Keyboard,3,31.77,0.1,85.78,69.13,16.65,0.19410118908836557,2024,11,Nov,2024-11
1600,2024-05-08,C1129,North,Electronics,Smartphone,6,471.69,0.1,2547.13,1690.85,856.28,0.33617443946716496,2024,5,May,2024-05
1601,2024-01-29,C1534,West,Accessories,Backpack,7,42.2,0.15,251.09,189.52,61.57,0.2452108805607551,2024,1,Jan,2024-01
1602,2024-08-28,C1005,Central,Accessories,USB Hub,5,28.76,0.0,143.8,106.86,36.94,0.256884561891516,2024,8,Aug,2024-08
1603,2025-10-29,C1543,Central,Accessories,Mouse,5,26.97,0.15,114.62,103.34,11.28,0.09841214447740358,2025,10,Oct,2025-10
1604,2024-01-07,C1513,East,Accessories,Mouse,1,23.14,0.05,21.98,13.45,8.53,0.3880800727934485,2024,1,Jan,2024-01
1605,2025-03-16,C1368,South,Electronics,Smartphone,2,464.27,0.0,928.54,623.06,305.48,0.3289895965709609,2025,3,Mar,2025-03
1606,2024-11-11,C1438,North,Furniture,Desk,1,284.81,0.1,256.33,172.8,83.53,0.3258689969960598,2024,11,Nov,2024-11
1607,2024-12-10,C1074,East,Accessories,Keyboard,6,33.84,0.15,172.58,166.1,6.48,0.03754780391702399,2024,12,Dec,2024-12
1608,2025-04-28,C1423,North,Office Supplies,Notebook,4,8.02,0.15,27.27,19.24,8.03,0.29446277961129447,2025,4,Apr,2025-04
1609,2025-01-19,C1278,North,Office Supplies,Pen Set,1,9.75,0.0,9.75,5.67,4.08,0.4184615384615385,2025,1,Jan,2025-01
1610,2025-11-24,C1375,East,Furniture,Table Lamp,1,54.02,0.2,43.22,41.23,1.99,0.04604349838037945,2025,11,Nov,2025-11
1611,2025-05-14,C1598,West,Furniture,Office Chair,2,183.98,0.05,349.56,223.95,125.61,0.35933745279780294,2025,5,May,2025-05
1612,2025-06-21,C1587,North,Accessories,USB Hub,7,29.34,0.05,195.11,155.64,39.47,0.2022961406386141,2025,6,Jun,2025-06
1613,2025-01-10,C1260,South,Furniture,Bookshelf,3,137.7,0.0,413.1,268.53,144.57,0.3499636891793754,2025,1,Jan,2025-01
1614,2024-07-10,C1096,West,Electronics,Smartphone,6,473.04,0.0,2838.24,1925.69,912.55,0.3215196741642708,2024,7,Jul,2024-07
1615,2025-05-04,C1152,South,Accessories,Backpack,3,41.36,0.1,111.67,83.37,28.3,0.2534252708874362,2025,5,May,2025-05
1616,2024-12-12,C1041,East,Furniture,Bookshelf,6,133.67,0.15,681.72,562.4,119.32,0.17502787068004458,2024,12,Dec,2024-12
1617,2024-11-04,C1389,North,Accessories,Mouse,6,24.38,0.15,124.34,101.06,23.28,0.18722856683287759,2024,11,Nov,2024-11
1618,2025-08-01,C1278,South,Furniture,Bookshelf,7,153.05,0.15,910.65,848.96,61.69,0.06774282106187887,2025,8,Aug,2025-08
1619,2024-08-11,C1052,North,Electronics,Headphones,7,84.5,0.15,502.78,430.09,72.69,0.14457615656947373,2024,8,Aug,2024-08
1620,2024-06-23,C1423,Central,Accessories,Mouse,3,23.44,0.0,70.32,49.23,21.09,0.29991467576791814,2024,6,Jun,2024-06
1621,2024-01-19,C1504,North,Office Supplies,Notebook,7,8.26,0.05,54.93,40.02,14.91,0.2714363735663572,2024,1,Jan,2024-01
1622,2025-11-02,C1057,North,Electronics,Monitor,1,237.97,0.15,202.27,150.92,51.35,0.25386859148662677,2025,11,Nov,2025-11
1623,2024-02-11,C1222,Central,Furniture,Desk,3,275.09,0.05,784.01,573.19,210.82,0.26889963138225276,2024,2,Feb,2024-02
1624,2024-11-26,C1105,South,Office Supplies,Pen Set,1,9.31,0.1,8.38,7.26,1.12,0.13365155131264916,2024,11,Nov,2024-11
1625,2025-05-07,C1474,West,Accessories,Backpack,5,45.61,0.2,182.44,141.32,41.12,0.22538916904187678,2025,5,May,2025-05
1626,2024-07-08,C1262,Central,Office Supplies,Notebook,7,8.12,0.05,54.0,39.8,14.2,0.26296296296296295,2024,7,Jul,2024-07
1627,2025-12-28,C1563,East,Electronics,Laptop,4,673.64,0.15,2290.38,1912.75,377.63,0.16487657070005848,2025,12,Dec,2025-12
1628,2025-03-02,C1453,North,Office Supplies,Notebook,7,8.14,0.05,54.13,43.13,11.0,0.20321448365047107,2025,3,Mar,2025-03
1629,2025-01-17,C1463,South,Furniture,Office Chair,3,172.94,0.1,466.94,368.22,98.72,0.21141902599905768,2025,1,Jan,2025-01
1630,2025-07-07,C1063,North,Accessories,Backpack,4,48.42,0.1,174.31,122.28,52.03,0.2984911938500373,2025,7,Jul,2025-07
1631,2024-03-22,C1109,North,Electronics,Smartphone,1,467.2,0.1,420.48,380.63,39.85,0.0947726407914764,2024,3,Mar,2024-03
1632,2025-05-31,C1267,North,Furniture,Bookshelf,6,138.85,0.15,708.13,601.89,106.24,0.15002894948667617,2025,5,May,2025-05
1633,2024-03-28,C1242,North,Electronics,Laptop,2,626.38,0.0,1252.76,837.25,415.51,0.33167566014240557,2024,3,Mar,2024-03
1634,2025-12-02,C1220,South,Accessories,Keyboard,4,33.12,0.15,112.61,80.69,31.92,0.28345617618328744,2025,12,Dec,2025-12
1635,2025-01-01,C1189,Central,Office Supplies,Printer Paper,4,12.68,0.15,43.11,29.61,13.5,0.31315240083507306,2025,1,Jan,2025-01
1636,2024-06-26,C1123,South,Electronics,Smartphone,1,472.79,0.05,449.15,307.0,142.15,0.3164866970945119,2024,6,Jun,2024-06
1637,2025-03-15,C1332,West,Office Supplies,Pen Set,6,9.7,0.1,52.38,38.32,14.06,0.26842306223749524,2025,3,Mar,2025-03
1638,2024-07-30,C1297,East,Electronics,Laptop,5,673.11,0.15,2860.72,2393.08,467.64,0.1634693363908387,2024,7,Jul,2024-07
1639,2024-05-02,C1292,South,Electronics,Headphones,7,96.36,0.15,573.34,426.8,146.54,0.25559005127847345,2024,5,May,2024-05
1640,2024-10-02,C1243,West,Electronics,Headphones,2,85.07,0.0,170.14,131.06,39.08,0.22969319384036677,2024,10,Oct,2024-10
1641,2025-12-24,C1398,West,Electronics,Monitor,7,211.16,0.15,1256.4,1079.6,176.8,0.14071951607768227,2025,12,Dec,2025-12
1642,2025-03-19,C1528,East,Office Supplies,Printer Paper,7,12.4,0.05,82.46,65.04,17.42,0.21125394130487513,2025,3,Mar,2025-03
1643,2024-12-15,C1249,West,Accessories,Backpack,6,43.39,0.15,221.29,212.83,8.46,0.038230376429120166,2024,12,Dec,2024-12
1644,2024-06-29,C1317,South,Accessories,Mouse,5,26.86,0.0,134.3,98.31,35.99,0.267982129560685,2024,6,Jun,2024-06
1645,2024-04-20,C1542,East,Accessories,USB Hub,7,31.97,0.15,190.22,182.46,7.76,0.04079486909893807,2024,4,Apr,2024-04
1646,2024-02-24,C1245,South,Accessories,Backpack,2,44.13,0.1,79.43,59.58,19.85,0.24990557723781945,2024,2,Feb,2024-02
1647,2025-11-15,C1350,South,Electronics,Headphones,3,98.03,0.05,279.39,185.94,93.45,0.3344786857081499,2025,11,Nov,2025-11
1648,2024-10-08,C1405,North,Office Supplies,Notebook,5,8.58,0.1,38.61,29.89,8.72,0.22584822584822586,2024,10,Oct,2024-10
1649,2024-04-24,C1539,North,Accessories,Keyboard,6,35.57,0.1,192.08,164.0,28.08,0.14618908788004997,2024,4,Apr,2024-04
1650,2024-03-23,C1369,West,Electronics,Laptop,1,635.15,0.15,539.88,487.15,52.73,0.0976698525598281,2024,3,Mar,2024-03
1651,2025-10-16,C1041,North,Office Supplies,Pen Set,1,9.62,0.05,9.14,6.74,2.4,0.26258205689277897,2025,10,Oct,2025-10
1652,2024-11-26,C1180,North,Furniture,Bookshelf,2,148.45,0.0,296.9,237.41,59.49,0.20037049511620075,2024,11,Nov,2024-11
1653,2024-06-30,C1584,North,Electronics,Monitor,6,239.71,0.1,1294.43,1081.63,212.8,0.16439668425484577,2024,6,Jun,2024-06
1654,2025-11-21,C1048,West,Furniture,Desk,2,235.64,0.0,471.28,352.01,119.27,0.25307672721099983,2025,11,Nov,2025-11
1655,2025-08-14,C1042,East,Furniture,Table Lamp,3,54.68,0.05,155.84,110.44,45.4,0.2913244353182751,2025,8,Aug,2025-08
1656,2024-01-09,C1216,East,Office Supplies,Notebook,4,8.62,0.15,29.31,22.23,7.08,0.24155578300921188,2024,1,Jan,2024-01
1657,2025-08-28,C1408,South,Electronics,Smartphone,1,439.84,0.1,395.86,269.4,126.46,0.31945637346536654,2025,8,Aug,2025-08
1658,2025-04-01,C1073,West,Office Supplies,Notebook,4,7.87,0.1,28.33,18.99,9.34,0.3296858453935757,2025,4,Apr,2025-04
1659,2024-05-29,C1299,Central,Furniture,Desk,3,235.5,0.05,671.18,420.65,250.53,0.37326797580380827,2024,5,May,2024-05
1660,2024-10-19,C1196,North,Office Supplies,Notebook,7,8.11,0.1,51.09,46.24,4.85,0.094930514777843,2024,10,Oct,2024-10
1661,2025-08-30,C1160,Central,Furniture,Bookshelf,5,131.71,0.0,658.55,491.55,167.0,0.2535874269227849,2025,8,Aug,2025-08
1662,2025-05-06,C1308,North,Electronics,Laptop,4,615.37,0.05,2338.41,1862.45,475.96,0.20354001223053272,2025,5,May,2025-05
1663,2025-06-29,C1043,South,Office Supplies,Stapler,5,14.84,0.1,66.78,49.21,17.57,0.2631027253668763,2025,6,Jun,2025-06
1664,2024-01-29,C1524,South,Electronics,Laptop,2,660.77,0.0,1321.54,782.88,538.66,0.40760022398111295,2024,1,Jan,2024-01
1665,2025-06-30,C1583,South,Office Supplies,Notebook,5,8.37,0.0,41.85,31.78,10.07,0.24062126642771803,2025,6,Jun,2025-06
1666,2025-02-02,C1380,North,Furniture,Table Lamp,6,51.4,0.1,277.56,229.41,48.15,0.17347600518806744,2025,2,Feb,2025-02
1667,2024-10-26,C1584,East,Office Supplies,Printer Paper,4,12.53,0.15,42.6,36.47,6.13,0.14389671361502346,2024,10,Oct,2024-10
1668,2025-07-23,C1043,South,Office Supplies,Stapler,3,13.64,0.1,36.83,25.72,11.11,0.3016562584849308,2025,7,Jul,2025-07
1669,2024-02-19,C1207,East,Electronics,Monitor,6,211.93,0.05,1208.0,932.96,275.04,0.22768211920529802,2024,2,Feb,2024-02
1670,2025-02-18,C1204,North,Accessories,Mouse,3,25.13,0.0,75.39,45.23,30.16,0.400053057434673,2025,2,Feb,2025-02
1671,2024-01-25,C1322,West,Electronics,Monitor,1,238.75,0.1,214.88,184.97,29.91,0.1391939687267312,2024,1,Jan,2024-01
1672,2024-12-09,C1527,North,Electronics,Monitor,7,209.38,0.0,1465.66,1014.73,450.93,0.30766344172591187,2024,12,Dec,2024-12
1673,2025-05-18,C1554,Central,Electronics,Headphones,7,89.78,0.1,565.61,392.65,172.96,0.30579374480649213,2025,5,May,2025-05
1674,2024-12-15,C1325,North,Office Supplies,Printer Paper,4,10.87,0.05,41.31,26.65,14.66,0.354877753570564,2024,12,Dec,2024-12
1675,2024-08-15,C1165,West,Furniture,Desk,5,250.92,0.0,1254.6,773.06,481.54,0.3838195440777938,2024,8,Aug,2024-08
1676,2025-08-03,C1071,West,Office Supplies,Stapler,3,16.31,0.1,44.04,31.89,12.15,0.27588555858310626,2025,8,Aug,2025-08
1677,2024-09-29,C1376,West,Electronics,Smartphone,6,472.26,0.05,2691.88,1764.7,927.18,0.34443585895359374,2024,9,Sep,2024-09
1678,2025-12-30,C1447,North,Office Supplies,Pen Set,4,9.78,0.0,39.12,29.18,9.94,0.25408997955010226,2025,12,Dec,2025-12
1679,2024-09-26,C1397,East,Office Supplies,Printer Paper,6,11.19,0.2,53.71,48.62,5.09,0.09476819959039284,2024,9,Sep,2024-09
1680,2025-11-13,C1186,South,Furniture,Desk,1,258.61,0.05,245.68,196.18,49.5,0.20148160208401172,2025,11,Nov,2025-11
1681,2025-11-26,C1557,North,Office Supplies,Notebook,6,7.96,0.0,47.76,36.3,11.46,0.23994974874371863,2025,11,Nov,2025-11
1682,2024-04-23,C1564,North,Furniture,Office Chair,5,168.43,0.2,673.72,687.01,-13.29,-0.019726295790536124,2024,4,Apr,2024-04
1683,2024-02-18,C1399,North,Furniture,Table Lamp,7,52.71,0.0,368.97,289.68,79.29,0.21489551996097245,2024,2,Feb,2024-02
1684,2024-06-20,C1467,South,Electronics,Monitor,6,202.42,0.1,1093.07,980.39,112.68,0.10308580420284155,2024,6,Jun,2024-06
1685,2025-09-21,C1509,West,Furniture,Table Lamp,3,57.07,0.0,171.21,138.74,32.47,0.1896501372583377,2025,9,Sep,2025-09
1686,2025-07-25,C1159,East,Electronics,Headphones,1,95.15,0.2,76.12,67.58,8.54,0.11219127693116131,2025,7,Jul,2025-07
1687,2024-01-30,C1199,South,Furniture,Table Lamp,1,53.18,0.1,47.86,33.5,14.36,0.3000417885499373,2024,1,Jan,2024-01
1688,2025-03-02,C1475,North,Office Supplies,Printer Paper,6,13.13,0.15,66.96,60.46,6.5,0.09707287933094386,2025,3,Mar,2025-03
1689,2025-07-05,C1027,Central,Furniture,Office Chair,3,191.83,0.1,517.94,392.55,125.39,0.2420936788044947,2025,7,Jul,2025-07
1690,2024-03-13,C1401,East,Electronics,Monitor,4,222.36,0.1,800.5,709.55,90.95,0.1136164896939413,2024,3,Mar,2024-03
1691,2025-10-16,C1273,South,Electronics,Monitor,2,232.97,0.15,396.05,377.9,18.15,0.04582754702689054,2025,10,Oct,2025-10
1692,2024-05-06,C1311,South,Electronics,Monitor,6,227.04,0.1,1226.02,959.34,266.68,0.21751684311838307,2024,5,May,2024-05
1693,2025-02-15,C1394,Central,Furniture,Desk,4,279.45,0.05,1061.91,886.36,175.55,0.16531532804098276,2025,2,Feb,2025-02
1694,2024-01-21,C1234,Central,Electronics,Headphones,2,96.55,0.15,164.14,139.63,24.51,0.14932374801998297,2024,1,Jan,2024-01
1695,2025-09-24,C1201,East,Office Supplies,Stapler,1,14.38,0.1,12.94,9.73,3.21,0.24806800618238023,2025,9,Sep,2025-09
1696,2024-12-11,C1502,East,Furniture,Bookshelf,3,140.18,0.0,420.54,331.81,88.73,0.21099063109335617,2024,12,Dec,2024-12
1697,2024-05-12,C1024,East,Accessories,Mouse,4,24.7,0.05,93.86,69.62,24.24,0.2582569784785851,2024,5,May,2024-05
1698,2025-10-18,C1059,East,Accessories,Mouse,4,25.79,0.05,98.0,77.6,20.4,0.20816326530612245,2025,10,Oct,2025-10
1699,2025-03-13,C1556,North,Furniture,Desk,4,275.45,0.1,991.62,819.3,172.32,0.17377624493253463,2025,3,Mar,2025-03
1700,2024-01-15,C1070,North,Accessories,Keyboard,4,32.82,0.1,118.15,95.15,23.0,0.1946677951756242,2024,1,Jan,2024-01
1701,2024-08-17,C1407,North,Electronics,Laptop,3,600.59,0.0,1801.77,1358.92,442.85,0.2457860881244554,2024,8,Aug,2024-08
1702,2024-11-03,C1191,East,Furniture,Office Chair,5,164.19,0.0,820.95,522.88,298.07,0.3630793592788842,2024,11,Nov,2024-11
1703,2024-01-03,C1173,Central,Accessories,Backpack,1,48.31,0.0,48.31,29.52,18.79,0.38894638791140546,2024,1,Jan,2024-01
1704,2025-01-24,C1215,North,Office Supplies,Stapler,3,16.26,0.05,46.34,30.3,16.04,0.3461372464393612,2025,1,Jan,2025-01
1705,2024-11-05,C1180,East,Accessories,Mouse,6,27.0,0.05,153.9,98.55,55.35,0.35964912280701755,2024,11,Nov,2024-11
1706,2025-11-05,C1260,Central,Furniture,Desk,6,253.94,0.0,1523.64,1227.53,296.11,0.19434380824866765,2025,11,Nov,2025-11
1707,2025-11-06,C1446,South,Electronics,Headphones,2,95.62,0.1,172.12,119.82,52.3,0.30385777364629324,2025,11,Nov,2025-11
1708,2024-10-04,C1269,Central,Accessories,Keyboard,1,35.96,0.1,32.36,27.24,5.12,0.15822002472187888,2024,10,Oct,2024-10
1709,2024-08-23,C1031,Central,Office Supplies,Pen Set,7,9.83,0.1,61.93,56.05,5.88,0.09494590666881964,2024,8,Aug,2024-08
1710,2024-11-25,C1567,West,Furniture,Table Lamp,2,54.26,0.0,108.52,69.59,38.93,0.3587357169185404,2024,11,Nov,2024-11
1711,2025-08-08,C1485,South,Furniture,Bookshelf,1,133.29,0.05,126.63,101.39,25.24,0.19932085603727395,2025,8,Aug,2025-08
1712,2024-05-25,C1588,West,Accessories,Mouse,3,27.27,0.1,73.63,63.94,9.69,0.13160396577482006,2024,5,May,2024-05
1713,2025-03-22,C1488,North,Accessories,Keyboard,2,32.55,0.1,58.59,52.18,6.41,0.10940433521078682,2025,3,Mar,2025-03
1714,2025-08-01,C1191,East,Electronics,Monitor,4,199.43,0.0,797.72,619.83,177.89,0.22299804442661583,2025,8,Aug,2025-08
1715,2025-04-05,C1028,North,Accessories,Keyboard,5,35.77,0.1,160.97,127.79,33.18,0.20612536497484002,2025,4,Apr,2025-04
1716,2024-05-15,C1303,West,Furniture,Office Chair,1,181.59,0.0,181.59,146.75,34.84,0.19186078528553335,2024,5,May,2024-05
1717,2024-02-03,C1254,South,Office Supplies,Stapler,4,14.07,0.05,53.47,44.21,9.26,0.17318122311576584,2024,2,Feb,2024-02
1718,2025-02-02,C1407,South,Accessories,Keyboard,3,36.81,0.0,110.43,79.86,30.57,0.2768269491985873,2025,2,Feb,2025-02
1719,2024-11-29,C1368,Central,Accessories,Mouse,5,26.28,0.0,131.4,82.98,48.42,0.3684931506849315,2024,11,Nov,2024-11
1720,2025-06-19,C1129,North,Furniture,Desk,2,273.84,0.15,465.53,366.94,98.59,0.21178012158185297,2025,6,Jun,2025-06
1721,2025-03-22,C1238,North,Accessories,Backpack,5,40.91,0.0,204.55,135.55,69.0,0.3373258372036177,2025,3,Mar,2025-03
1722,2024-10-06,C1355,East,Office Supplies,Stapler,1,15.46,0.0,15.46,11.51,3.95,0.2554980595084088,2024,10,Oct,2024-10
1723,2025-07-31,C1140,Central,Furniture,Desk,7,279.07,0.0,1953.49,1317.86,635.63,0.32538175265806324,2025,7,Jul,2025-07
1724,2025-10-24,C1580,West,Furniture,Table Lamp,6,52.4,0.0,314.4,235.95,78.45,0.2495229007633588,2025,10,Oct,2025-10
1725,2025-03-29,C1510,South,Accessories,Mouse,5,24.86,0.05,118.08,82.26,35.82,0.30335365853658536,2025,3,Mar,2025-03
1726,2025-10-28,C1483,North,Office Supplies,Stapler,2,15.65,0.1,28.17,23.88,4.29,0.15228966986155484,2025,10,Oct,2025-10
1727,2024-06-20,C1052,North,Furniture,Desk,6,243.34,0.0,1460.04,890.45,569.59,0.39011944878222515,2024,6,Jun,2024-06
1728,2024-01-15,C1367,North,Furniture,Table Lamp,7,55.49,0.0,388.43,300.27,88.16,0.22696496151172668,2024,1,Jan,2024-01
1729,2025-11-28,C1152,North,Furniture,Office Chair,2,177.63,0.1,319.73,239.08,80.65,0.2522440809432959,2025,11,Nov,2025-11
1730,2024-02-26,C1550,North,Office Supplies,Notebook,3,7.68,0.05,21.89,15.97,5.92,0.2704431247144815,2024,2,Feb,2024-02
1731,2024-11-13,C1220,North,Electronics,Smartphone,5,513.52,0.05,2439.22,1634.42,804.8,0.32994153868859716,2024,11,Nov,2024-11
1732,2024-02-07,C1065,Central,Furniture,Bookshelf,1,137.11,0.05,130.25,106.56,23.69,0.18188099808061423,2024,2,Feb,2024-02
1733,2024-08-31,C1218,Central,Electronics,Headphones,5,91.47,0.05,434.48,276.19,158.29,0.3643205671147118,2024,8,Aug,2024-08
1734,2024-10-01,C1041,West,Accessories,Mouse,6,25.88,0.15,131.99,96.41,35.58,0.2695658762027426,2024,10,Oct,2024-10
1735,2024-10-30,C1401,Central,Electronics,Smartphone,3,495.85,0.05,1413.17,1162.54,250.63,0.1773530431582895,2024,10,Oct,2024-10
1736,2024-06-04,C1184,South,Electronics,Smartphone,2,469.26,0.0,938.52,606.87,331.65,0.3533755274261603,2024,6,Jun,2024-06
1737,2024-07-13,C1170,South,Electronics,Monitor,6,204.41,0.1,1103.81,925.18,178.63,0.16183038747610548,2024,7,Jul,2024-07
1738,2024-10-16,C1302,Central,Electronics,Laptop,4,710.1,0.2,2272.32,1807.58,464.74,0.2045222503872694,2024,10,Oct,2024-10
1739,2024-02-15,C1246,South,Furniture,Office Chair,3,184.78,0.05,526.62,337.63,188.99,0.3588735710759181,2024,2,Feb,2024-02
1740,2025-01-25,C1503,West,Furniture,Table Lamp,3,51.83,0.05,147.72,100.1,47.62,0.3223666395884105,2025,1,Jan,2025-01
1741,2025-04-23,C1099,North,Office Supplies,Pen Set,3,10.43,0.1,28.16,22.51,5.65,0.20063920454545456,2025,4,Apr,2025-04
1742,2024-12-04,C1088,North,Furniture,Desk,6,267.38,0.05,1524.07,1303.72,220.35,0.14457997336080364,2024,12,Dec,2024-12
1743,2024-03-03,C1346,West,Electronics,Smartphone,2,472.45,0.1,850.41,741.71,108.7,0.12782069825143166,2024,3,Mar,2024-03
1744,2025-12-24,C1242,South,Furniture,Desk,5,249.16,0.05,1183.51,792.65,390.86,0.3302549196880466,2025,12,Dec,2025-12
1745,2024-02-20,C1375,North,Furniture,Desk,6,245.44,0.05,1399.01,1197.39,201.62,0.1441161964532062,2024,2,Feb,2024-02
1746,2025-09-23,C1175,South,Electronics,Laptop,1,654.74,0.0,654.74,511.02,143.72,0.219506979869872,2025,9,Sep,2025-09
1747,2024-10-28,C1213,West,Electronics,Laptop,3,603.33,0.0,1809.99,1344.68,465.31,0.2570787683909856,2024,10,Oct,2024-10
1748,2025-09-15,C1554,North,Electronics,Smartphone,3,478.04,0.0,1434.12,1137.29,296.83,0.20697710093994925,2025,9,Sep,2025-09
1749,2024-03-29,C1456,Central,Furniture,Desk,3,246.77,0.1,666.28,545.15,121.13,0.18180044425766945,2024,3,Mar,2024-03
1750,2025-08-13,C1112,West,Office Supplies,Printer Paper,1,12.94,0.0,12.94,10.42,2.52,0.1947449768160742,2025,8,Aug,2025-08
1751,2025-11-12,C1360,South,Electronics,Laptop,6,690.28,0.0,4141.68,3380.45,761.23,0.1837973962256862,2025,11,Nov,2025-11
1752,2024-07-13,C1571,East,Electronics,Laptop,4,702.15,0.05,2668.17,1804.81,863.36,0.32357758313750623,2024,7,Jul,2024-07
1753,2024-11-03,C1114,North,Electronics,Smartphone,4,507.94,0.0,2031.76,1466.78,564.98,0.27807418198999884,2024,11,Nov,2024-11
1754,2025-03-04,C1176,South,Furniture,Table Lamp,5,57.61,0.1,259.24,167.25,91.99,0.35484493133775646,2025,3,Mar,2025-03
1755,2025-03-04,C1279,East,Furniture,Desk,7,278.57,0.1,1754.99,1239.87,515.12,0.2935173419791566,2025,3,Mar,2025-03
1756,2025-12-06,C1017,West,Accessories,Backpack,2,47.1,0.0,94.2,64.39,29.81,0.3164543524416136,2025,12,Dec,2025-12
1757,2025-03-18,C1161,Central,Accessories,Keyboard,3,36.64,0.1,98.93,73.41,25.52,0.25796017386030523,2025,3,Mar,2025-03
1758,2024-05-19,C1335,North,Electronics,Smartphone,1,436.4,0.05,414.58,253.87,160.71,0.3876453278016306,2024,5,May,2024-05
1759,2024-01-15,C1038,West,Office Supplies,Notebook,2,8.31,0.1,14.96,12.7,2.26,0.1510695187165775,2024,1,Jan,2024-01
1760,2024-10-26,C1293,South,Accessories,Keyboard,6,36.4,0.1,196.56,137.45,59.11,0.3007224257224257,2024,10,Oct,2024-10
1761,2024-09-05,C1066,North,Accessories,Keyboard,1,38.03,0.1,34.23,24.07,10.16,0.29681565877884897,2024,9,Sep,2024-09
1762,2024-02-28,C1406,Central,Office Supplies,Notebook,4,7.62,0.1,27.43,20.08,7.35,0.26795479402114475,2024,2,Feb,2024-02
1763,2025-08-23,C1414,Central,Electronics,Laptop,6,635.44,0.0,3812.64,2661.2,1151.44,0.30200595912543543,2025,8,Aug,2025-08
1764,2025-12-02,C1341,East,Furniture,Desk,5,273.26,0.15,1161.36,866.93,294.43,0.25352173314045606,2025,12,Dec,2025-12
1765,2025-10-19,C1160,East,Accessories,Backpack,4,45.87,0.1,165.13,145.76,19.37,0.11730152001453402,2025,10,Oct,2025-10
1766,2024-07-25,C1239,North,Office Supplies,Pen Set,4,10.19,0.05,38.72,23.91,14.81,0.38248966942148765,2024,7,Jul,2024-07
1767,2024-11-29,C1174,South,Furniture,Desk,2,236.7,0.05,449.73,308.7,141.03,0.31358815289173503,2024,11,Nov,2024-11
1768,2024-07-23,C1518,Central,Furniture,Desk,1,238.78,0.0,238.78,177.8,60.98,0.255381522740598,2024,7,Jul,2024-07
1769,2024-03-07,C1478,West,Electronics,Headphones,2,91.43,0.15,155.43,110.94,44.49,0.28623817795792317,2024,3,Mar,2024-03
1770,2024-09-11,C1297,South,Electronics,Monitor,3,217.54,0.15,554.73,482.14,72.59,0.1308564526886954,2024,9,Sep,2024-09
1771,2024-09-01,C1195,Central,Electronics,Laptop,4,690.93,0.1,2487.35,2218.05,269.3,0.10826783524634652,2024,9,Sep,2024-09
1772,2024-07-12,C1254,South,Furniture,Bookshelf,4,141.52,0.1,509.47,418.92,90.55,0.17773372328105677,2024,7,Jul,2024-07
1773,2024-10-09,C1217,West,Electronics,Smartphone,2,450.66,0.15,766.12,557.72,208.4,0.2720200490784733,2024,10,Oct,2024-10
1774,2024-04-07,C1522,Central,Accessories,USB Hub,4,28.46,0.05,108.15,69.56,38.59,0.3568192325473879,2024,4,Apr,2024-04
1775,2025-04-01,C1537,West,Electronics,Monitor,3,211.98,0.0,635.94,520.12,115.82,0.18212409975783878,2025,4,Apr,2025-04
1776,2024-03-29,C1214,South,Electronics,Headphones,6,87.75,0.0,526.5,406.45,120.05,0.22801519468186135,2024,3,Mar,2024-03
1777,2025-05-20,C1048,East,Accessories,Keyboard,3,33.03,0.15,84.23,73.61,10.62,0.12608334322687878,2025,5,May,2025-05
1778,2025-08-21,C1283,Central,Accessories,Keyboard,5,37.18,0.1,167.31,117.48,49.83,0.29783037475345164,2025,8,Aug,2025-08
1779,2024-11-06,C1462,North,Office Supplies,Pen Set,4,9.79,0.0,39.16,28.2,10.96,0.2798774259448417,2024,11,Nov,2024-11
1780,2024-04-26,C1075,East,Furniture,Bookshelf,1,138.76,0.0,138.76,112.23,26.53,0.1911934275007207,2024,4,Apr,2024-04
1781,2024-09-28,C1130,North,Accessories,Mouse,7,25.46,0.1,160.4,107.63,52.77,0.3289900249376559,2024,9,Sep,2024-09
1782,2024-12-23,C1321,West,Electronics,Headphones,6,94.8,0.0,568.8,370.23,198.57,0.34910337552742615,2024,12,Dec,2024-12
1783,2024-10-16,C1193,Central,Electronics,Headphones,7,95.79,0.15,569.95,545.42,24.53,0.04303886305816299,2024,10,Oct,2024-10
1784,2025-11-11,C1392,North,Office Supplies,Pen Set,4,9.11,0.05,34.62,26.73,7.89,0.22790294627383018,2025,11,Nov,2025-11
1785,2024-09-05,C1291,Central,Electronics,Laptop,7,660.33,0.15,3928.96,2954.78,974.18,0.24794856654178205,2024,9,Sep,2024-09
1786,2024-06-17,C1289,Central,Electronics,Headphones,3,99.0,0.2,237.6,210.29,27.31,0.11494107744107744,2024,6,Jun,2024-06
1787,2024-07-30,C1214,Central,Furniture,Table Lamp,6,51.05,0.0,306.3,240.4,65.9,0.2151485471759713,2024,7,Jul,2024-07
1788,2025-10-08,C1533,East,Furniture,Table Lamp,4,51.5,0.2,164.8,125.43,39.37,0.23889563106796113,2025,10,Oct,2025-10
1789,2025-03-07,C1139,Central,Furniture,Office Chair,7,171.53,0.1,1080.64,760.36,320.28,0.29637992300858745,2025,3,Mar,2025-03
1790,2025-10-30,C1336,North,Furniture,Bookshelf,3,131.19,0.05,373.89,261.83,112.06,0.29971381957260157,2025,10,Oct,2025-10
1791,2024-01-19,C1029,East,Office Supplies,Stapler,5,15.18,0.0,75.9,54.78,21.12,0.2782608695652174,2024,1,Jan,2024-01
1792,2025-10-30,C1234,South,Electronics,Headphones,3,84.24,0.0,252.72,147.52,105.2,0.4162709718265274,2025,10,Oct,2025-10
1793,2025-04-02,C1391,Central,Furniture,Bookshelf,1,150.12,0.15,127.6,92.98,34.62,0.27131661442006266,2025,4,Apr,2025-04
1794,2025-10-10,C1521,North,Electronics,Monitor,6,214.42,0.1,1157.87,1020.59,137.28,0.11856253292683981,2025,10,Oct,2025-10
1795,2025-09-18,C1535,South,Accessories,USB Hub,2,30.07,0.15,51.12,46.28,4.84,0.09467918622848201,2025,9,Sep,2025-09
1796,2025-01-12,C1559,East,Accessories,Mouse,2,24.74,0.15,42.06,33.02,9.04,0.21493105087969563,2025,1,Jan,2025-01
1797,2024-08-25,C1476,East,Furniture,Bookshelf,6,135.54,0.15,691.25,547.63,143.62,0.20776853526220615,2024,8,Aug,2024-08
1798,2024-08-12,C1158,East,Office Supplies,Stapler,7,16.17,0.0,113.19,92.25,20.94,0.18499867479459317,2024,8,Aug,2024-08
1799,2024-09-28,C1251,North,Accessories,Keyboard,5,33.1,0.05,157.22,108.58,48.64,0.3093753975321206,2024,9,Sep,2024-09
1800,2025-03-11,C1100,South,Electronics,Smartphone,1,453.28,0.1,407.95,286.83,121.12,0.2968991297953181,2025,3,Mar,2025-03
1801,2025-12-25,C1573,Central,Accessories,USB Hub,6,28.27,0.0,169.62,112.23,57.39,0.3383445348425893,2025,12,Dec,2025-12
1802,2024-06-27,C1408,South,Electronics,Smartphone,5,445.01,0.05,2113.8,1512.58,601.22,0.2844261519538272,2024,6,Jun,2024-06
1803,2024-07-12,C1166,West,Office Supplies,Pen Set,5,10.88,0.1,48.96,39.89,9.07,0.18525326797385622,2024,7,Jul,2024-07
1804,2025-11-22,C1257,East,Accessories,USB Hub,3,28.66,0.0,85.98,55.0,30.98,0.3603163526401489,2025,11,Nov,2025-11
1805,2024-02-12,C1125,North,Furniture,Desk,4,243.57,0.15,828.14,673.72,154.42,0.1864660564638829,2024,2,Feb,2024-02
1806,2025-11-03,C1296,East,Electronics,Laptop,1,648.71,0.1,583.84,389.73,194.11,0.3324712249931488,2025,11,Nov,2025-11
1807,2025-02-17,C1363,West,Electronics,Laptop,1,684.87,0.15,582.14,529.21,52.93,0.0909231456350706,2025,2,Feb,2025-02
1808,2025-12-17,C1146,East,Furniture,Bookshelf,1,153.87,0.1,138.48,89.75,48.73,0.35189196995956096,2025,12,Dec,2025-12
1809,2025-07-15,C1241,West,Furniture,Office Chair,7,195.46,0.1,1231.4,1042.02,189.38,0.1537924313789183,2025,7,Jul,2025-07
1810,2024-08-10,C1374,South,Office Supplies,Printer Paper,7,12.85,0.15,76.46,73.0,3.46,0.04525241956578604,2024,8,Aug,2024-08
1811,2025-10-15,C1393,Central,Office Supplies,Notebook,1,7.26,0.0,7.26,5.25,2.01,0.27685950413223137,2025,10,Oct,2025-10
1812,2024-11-29,C1595,South,Furniture,Desk,2,281.24,0.0,562.48,388.95,173.53,0.30850874697767033,2024,11,Nov,2024-11
1813,2025-09-08,C1414,East,Electronics,Monitor,4,226.72,0.05,861.54,552.39,309.15,0.35883418065324885,2025,9,Sep,2025-09
1814,2024-01-09,C1118,West,Accessories,Backpack,7,44.91,0.0,314.37,187.93,126.44,0.40220122785253043,2024,1,Jan,2024-01
1815,2025-02-15,C1407,East,Furniture,Office Chair,7,197.74,0.1,1245.76,934.26,311.5,0.25004816337015157,2025,2,Feb,2025-02
1816,2024-10-09,C1544,West,Furniture,Office Chair,3,180.44,0.0,541.32,350.22,191.1,0.3530259365994236,2024,10,Oct,2024-10
1817,2025-12-23,C1165,West,Accessories,USB Hub,5,31.93,0.0,159.65,127.92,31.73,0.1987472596304416,2025,12,Dec,2025-12
1818,2025-12-27,C1546,North,Furniture,Bookshelf,3,131.9,0.0,395.7,256.37,139.33,0.35211018448319437,2025,12,Dec,2025-12
1819,2025-03-02,C1058,West,Accessories,Keyboard,3,36.19,0.1,97.71,83.78,13.93,0.14256473237130285,2025,3,Mar,2025-03
1820,2025-04-04,C1309,North,Electronics,Monitor,7,226.8,0.05,1508.22,1121.81,386.41,0.2562026760021748,2025,4,Apr,2025-04
1821,2024-02-21,C1415,East,Furniture,Table Lamp,6,51.03,0.05,290.87,214.86,76.01,0.26131948980644276,2024,2,Feb,2024-02
1822,2024-01-08,C1221,South,Accessories,USB Hub,1,28.23,0.0,28.23,21.0,7.23,0.2561105207226355,2024,1,Jan,2024-01
1823,2025-01-03,C1559,West,Office Supplies,Stapler,2,13.64,0.1,24.55,18.26,6.29,0.25621181262729126,2025,1,Jan,2025-01
1824,2025-03-03,C1256,North,Furniture,Table Lamp,5,54.46,0.1,245.07,192.07,53.0,0.21626474068633453,2025,3,Mar,2025-03
1825,2025-02-06,C1227,Central,Electronics,Smartphone,3,487.7,0.0,1463.1,1160.45,302.65,0.20685530722438658,2025,2,Feb,2025-02
1826,2025-08-03,C1418,West,Electronics,Laptop,5,612.69,0.15,2603.93,1853.08,750.85,0.2883526054847865,2025,8,Aug,2025-08
1827,2025-09-16,C1014,West,Office Supplies,Printer Paper,5,10.89,0.0,54.45,42.45,12.0,0.22038567493112945,2025,9,Sep,2025-09
1828,2025-09-25,C1089,West,Electronics,Smartphone,6,515.81,0.05,2940.12,2045.27,894.85,0.3043583255105234,2025,9,Sep,2025-09
1829,2024-04-09,C1197,East,Accessories,Mouse,5,22.97,0.0,114.85,72.43,42.42,0.36935132781889424,2024,4,Apr,2024-04
1830,2024-09-30,C1572,Central,Electronics,Monitor,2,237.54,0.1,427.57,389.3,38.27,0.08950581191383868,2024,9,Sep,2024-09
1831,2025-06-28,C1042,West,Accessories,Backpack,6,44.12,0.0,264.72,194.62,70.1,0.26480809912360226,2025,6,Jun,2025-06
1832,2025-09-23,C1399,South,Furniture,Office Chair,2,189.69,0.0,379.38,285.85,93.53,0.24653381833517846,2025,9,Sep,2025-09
1833,2024-03-31,C1371,West,Electronics,Headphones,3,94.39,0.05,269.01,215.88,53.13,0.19750195160031228,2024,3,Mar,2024-03
1834,2024-08-21,C1543,East,Electronics,Headphones,6,83.04,0.0,498.24,389.75,108.49,0.21774646756583171,2024,8,Aug,2024-08
1835,2024-05-14,C1399,North,Electronics,Smartphone,1,439.44,0.0,439.44,317.44,122.0,0.2776260695430548,2024,5,May,2024-05
1836,2024-04-09,C1571,North,Furniture,Table Lamp,5,51.83,0.1,233.24,168.16,65.08,0.2790258960727148,2024,4,Apr,2024-04
1837,2024-07-13,C1483,West,Furniture,Desk,1,254.2,0.15,216.07,183.82,32.25,0.1492571851714722,2024,7,Jul,2024-07
1838,2024-05-25,C1334,West,Accessories,Backpack,5,42.89,0.1,193.0,135.12,57.88,0.29989637305699485,2024,5,May,2024-05
1839,2025-06-06,C1573,North,Accessories,Keyboard,2,33.43,0.15,56.83,44.41,12.42,0.21854654231919762,2025,6,Jun,2025-06
1840,2024-10-05,C1057,North,Furniture,Table Lamp,1,54.88,0.05,52.14,32.85,19.29,0.36996547756041426,2024,10,Oct,2024-10
1841,2024-08-27,C1029,East,Office Supplies,Notebook,3,7.22,0.0,21.66,14.9,6.76,0.31209602954755306,2024,8,Aug,2024-08
1842,2025-05-20,C1535,West,Electronics,Smartphone,3,439.48,0.05,1252.52,825.35,427.17,0.34104844633219433,2025,5,May,2025-05
1843,2025-02-24,C1527,North,Office Supplies,Notebook,5,7.52,0.1,33.84,21.99,11.85,0.35017730496453897,2025,2,Feb,2025-02
1844,2024-05-05,C1391,West,Electronics,Headphones,6,97.04,0.0,582.24,400.51,181.73,0.312122148942017,2024,5,May,2024-05
1845,2025-11-15,C1130,Central,Accessories,Backpack,7,42.4,0.1,267.12,211.01,56.11,0.21005540581012278,2025,11,Nov,2025-11
1846,2024-05-28,C1030,North,Accessories,USB Hub,4,29.3,0.05,111.34,85.7,25.64,0.23028561164002156,2024,5,May,2024-05
1847,2025-07-30,C1580,West,Accessories,Keyboard,2,34.68,0.0,69.36,52.68,16.68,0.24048442906574394,2025,7,Jul,2025-07
1848,2025-02-04,C1268,North,Electronics,Monitor,1,240.63,0.05,228.6,179.68,48.92,0.21399825021872268,2025,2,Feb,2025-02
1849,2025-01-31,C1390,Central,Office Supplies,Stapler,2,15.71,0.1,28.28,20.41,7.87,0.27828854314002827,2025,1,Jan,2025-01
1850,2024-12-08,C1420,East,Electronics,Headphones,3,95.93,0.0,287.79,208.55,79.24,0.2753396573890684,2024,12,Dec,2024-12
1851,2024-10-06,C1033,East,Electronics,Headphones,5,82.14,0.05,390.16,335.39,54.77,0.1403783063358622,2024,10,Oct,2024-10
1852,2024-10-25,C1089,North,Furniture,Bookshelf,7,153.42,0.0,1073.94,689.32,384.62,0.35813918840903586,2024,10,Oct,2024-10
1853,2024-07-27,C1336,North,Furniture,Desk,1,248.85,0.1,223.96,159.17,64.79,0.28929273084479373,2024,7,Jul,2024-07
1854,2025-08-28,C1425,North,Office Supplies,Stapler,3,15.62,0.05,44.52,33.22,11.3,0.25381850853548965,2025,8,Aug,2025-08
1855,2025-08-09,C1211,East,Office Supplies,Pen Set,5,9.93,0.2,39.72,39.84,-0.12,-0.0030211480362537764,2025,8,Aug,2025-08
1856,2024-06-27,C1234,East,Electronics,Monitor,2,236.75,0.15,402.48,343.59,58.89,0.14631782945736432,2024,6,Jun,2024-06
1857,2024-11-14,C1435,North,Electronics,Monitor,5,201.06,0.1,904.77,702.83,201.94,0.22319484509875437,2024,11,Nov,2024-11
1858,2024-02-12,C1550,North,Furniture,Table Lamp,5,58.47,0.0,292.35,234.0,58.35,0.1995895330938943,2024,2,Feb,2024-02
1859,2024-08-30,C1055,Central,Electronics,Monitor,5,234.48,0.1,1055.16,691.2,363.96,0.3449334698055271,2024,8,Aug,2024-08
1860,2024-11-03,C1472,West,Accessories,Backpack,6,47.27,0.05,269.44,218.46,50.98,0.18920724465558195,2024,11,Nov,2024-11
1861,2025-02-23,C1355,South,Office Supplies,Pen Set,7,9.98,0.0,69.86,54.16,15.7,0.22473518465502432,2025,2,Feb,2025-02
1862,2024-07-22,C1278,North,Office Supplies,Printer Paper,5,11.92,0.1,53.64,47.27,6.37,0.11875466070096943,2024,7,Jul,2024-07
1863,2025-10-24,C1111,South,Furniture,Desk,4,255.02,0.0,1020.08,763.47,256.61,0.25155870127833113,2025,10,Oct,2025-10
1864,2024-12-23,C1497,North,Electronics,Laptop,3,676.19,0.05,1927.14,1656.81,270.33,0.14027522650144772,2024,12,Dec,2024-12
1865,2024-02-24,C1230,East,Furniture,Office Chair,3,162.32,0.05,462.61,282.64,179.97,0.3890317978426752,2024,2,Feb,2024-02
1866,2024-10-09,C1266,East,Office Supplies,Notebook,2,8.42,0.05,16.0,12.12,3.88,0.2425,2024,10,Oct,2024-10
1867,2024-07-05,C1200,East,Electronics,Headphones,4,96.32,0.15,327.49,263.53,63.96,0.19530367339460747,2024,7,Jul,2024-07
1868,2025-12-11,C1058,East,Office Supplies,Printer Paper,7,11.82,0.05,78.6,65.67,12.93,0.16450381679389314,2025,12,Dec,2025-12
1869,2025-04-21,C1409,West,Accessories,USB Hub,4,32.7,0.05,124.26,80.63,43.63,0.3511186222436826,2025,4,Apr,2025-04
1870,2025-12-11,C1007,North,Accessories,Keyboard,4,33.08,0.1,119.09,82.03,37.06,0.31119321521538335,2025,12,Dec,2025-12
1871,2025-12-31,C1001,South,Furniture,Desk,1,274.06,0.05,260.36,212.97,47.39,0.18201720694423107,2025,12,Dec,2025-12
1872,2025-11-03,C1115,West,Furniture,Bookshelf,3,141.93,0.1,383.21,338.23,44.98,0.11737689517496934,2025,11,Nov,2025-11
1873,2024-01-01,C1167,North,Furniture,Desk,3,278.71,0.0,836.13,641.04,195.09,0.23332496142944278,2024,1,Jan,2024-01
1874,2024-12-08,C1309,North,Office Supplies,Pen Set,2,10.39,0.1,18.7,15.91,2.79,0.14919786096256685,2024,12,Dec,2024-12
1875,2025-08-25,C1202,East,Electronics,Smartphone,2,494.74,0.05,940.01,608.54,331.47,0.3526239082562952,2025,8,Aug,2025-08
1876,2025-05-17,C1446,South,Electronics,Laptop,1,641.94,0.1,577.75,491.88,85.87,0.14862829943747297,2025,5,May,2025-05
1877,2024-12-05,C1164,Central,Office Supplies,Printer Paper,5,10.85,0.0,54.25,39.65,14.6,0.26912442396313363,2024,12,Dec,2024-12
1878,2025-08-05,C1498,Central,Accessories,USB Hub,5,28.78,0.05,136.71,88.73,47.98,0.350961890132397,2025,8,Aug,2025-08
1879,2024-03-25,C1116,West,Furniture,Office Chair,7,190.28,0.15,1132.17,919.02,213.15,0.18826677972389305,2024,3,Mar,2024-03
1880,2025-09-05,C1088,East,Accessories,USB Hub,4,31.85,0.2,101.92,95.6,6.32,0.0620094191522763,2025,9,Sep,2025-09
1881,2024-01-10,C1339,North,Furniture,Bookshelf,5,129.61,0.05,615.65,446.87,168.78,0.27414927312596443,2024,1,Jan,2024-01
1882,2024-09-04,C1491,East,Accessories,USB Hub,4,32.06,0.15,109.0,103.68,5.32,0.048807339449541284,2024,9,Sep,2024-09
1883,2025-03-08,C1503,West,Accessories,Keyboard,7,38.42,0.05,255.49,205.66,49.83,0.19503698774903125,2025,3,Mar,2025-03
1884,2025-11-02,C1066,Central,Office Supplies,Stapler,5,16.27,0.1,73.22,63.29,9.93,0.13561868341983063,2025,11,Nov,2025-11
1885,2024-06-27,C1344,West,Electronics,Laptop,6,661.2,0.15,3372.12,2584.85,787.27,0.2334644081468038,2024,6,Jun,2024-06
1886,2024-06-24,C1544,West,Accessories,Backpack,6,43.24,0.05,246.47,151.01,95.46,0.38730880025966646,2024,6,Jun,2024-06
1887,2025-07-13,C1112,North,Office Supplies,Notebook,5,8.68,0.1,39.06,25.5,13.56,0.34715821812596004,2025,7,Jul,2025-07
1888,2024-10-21,C1501,North,Electronics,Laptop,6,687.59,0.0,4125.54,2917.15,1208.39,0.2929046864168085,2024,10,Oct,2024-10
1889,2025-11-13,C1500,North,Office Supplies,Stapler,6,15.16,0.05,86.41,70.22,16.19,0.18736257377618334,2025,11,Nov,2025-11
1890,2025-06-24,C1135,South,Office Supplies,Pen Set,1,10.66,0.0,10.66,7.8,2.86,0.26829268292682923,2025,6,Jun,2025-06
1891,2025-04-01,C1061,North,Electronics,Smartphone,6,449.59,0.1,2427.79,1570.31,857.48,0.3531936452493832,2025,4,Apr,2025-04
1892,2025-11-08,C1286,East,Electronics,Monitor,2,198.93,0.15,338.18,312.75,25.43,0.07519664084215506,2025,11,Nov,2025-11
1893,2024-04-14,C1484,South,Office Supplies,Pen Set,3,9.68,0.1,26.14,19.09,7.05,0.2697016067329763,2024,4,Apr,2024-04
1894,2025-03-22,C1275,West,Furniture,Desk,5,276.89,0.2,1107.56,1133.34,-25.78,-0.023276391346744196,2025,3,Mar,2025-03
1895,2024-02-01,C1133,East,Office Supplies,Pen Set,7,10.06,0.15,59.86,47.79,12.07,0.20163715335783494,2024,2,Feb,2024-02
1896,2024-12-31,C1133,North,Accessories,USB Hub,2,32.11,0.0,64.22,52.55,11.67,0.18171909062597322,2024,12,Dec,2024-12
1897,2025-05-17,C1572,West,Accessories,Keyboard,6,36.19,0.1,195.43,128.53,66.9,0.342322059049276,2025,5,May,2025-05
1898,2025-03-29,C1535,East,Office Supplies,Notebook,2,7.42,0.15,12.61,10.1,2.51,0.19904837430610625,2025,3,Mar,2025-03
1899,2024-02-06,C1488,East,Electronics,Laptop,1,627.68,0.0,627.68,495.12,132.56,0.21119041549834314,2024,2,Feb,2024-02
1900,2024-12-19,C1018,North,Office Supplies,Notebook,1,7.91,0.1,7.12,5.24,1.88,0.2640449438202247,2024,12,Dec,2024-12
1901,2024-07-02,C1136,North,Electronics,Headphones,1,97.32,0.1,87.59,78.84,8.75,0.09989724854435438,2024,7,Jul,2024-07
1902,2025-06-14,C1196,Central,Electronics,Laptop,3,593.18,0.0,1779.54,1193.72,585.82,0.32919743304449467,2025,6,Jun,2025-06
1903,2024-11-18,C1489,Central,Accessories,Backpack,6,43.28,0.1,233.71,173.97,59.74,0.25561593427752344,2024,11,Nov,2024-11
1904,2024-06-29,C1341,East,Furniture,Bookshelf,5,145.64,0.05,691.79,547.94,143.85,0.2079388253660793,2024,6,Jun,2024-06
1905,2024-10-30,C1425,West,Office Supplies,Pen Set,5,9.46,0.1,42.57,34.76,7.81,0.1834625322997416,2024,10,Oct,2024-10
1906,2025-03-04,C1484,South,Office Supplies,Printer Paper,6,11.8,0.05,67.26,47.07,20.19,0.30017841213202495,2025,3,Mar,2025-03
1907,2024-02-15,C1460,West,Electronics,Headphones,4,98.43,0.15,334.66,290.36,44.3,0.13237315484372197,2024,2,Feb,2024-02
1908,2024-09-22,C1234,East,Furniture,Desk,7,236.16,0.1,1487.81,1245.05,242.76,0.16316599565804774,2024,9,Sep,2024-09
1909,2025-09-14,C1464,West,Furniture,Table Lamp,2,56.98,0.05,108.26,73.29,34.97,0.3230186587844079,2025,9,Sep,2025-09
1910,2025-11-30,C1397,Central,Office Supplies,Pen Set,4,9.29,0.05,35.3,23.05,12.25,0.34702549575070823,2025,11,Nov,2025-11
1911,2025-02-05,C1224,North,Electronics,Smartphone,3,527.08,0.1,1423.12,1250.77,172.35,0.1211071448648041,2025,2,Feb,2025-02
1912,2024-09-26,C1207,North,Office Supplies,Printer Paper,1,13.19,0.1,11.87,10.24,1.63,0.13732097725358045,2024,9,Sep,2024-09
1913,2025-06-03,C1441,North,Electronics,Laptop,5,598.31,0.0,2991.55,1952.16,1039.39,0.347441961524962,2025,6,Jun,2025-06
1914,2025-12-20,C1098,North,Electronics,Headphones,7,90.25,0.1,568.58,473.87,94.71,0.1665728657356924,2025,12,Dec,2025-12
1915,2024-09-24,C1163,West,Furniture,Office Chair,7,175.72,0.0,1230.04,942.99,287.05,0.23336639458879388,2024,9,Sep,2024-09
1916,2024-02-29,C1315,West,Electronics,Headphones,5,82.02,0.05,389.6,319.86,69.74,0.17900410677618067,2024,2,Feb,2024-02
1917,2024-10-22,C1332,West,Electronics,Smartphone,4,487.16,0.1,1753.78,1277.65,476.13,0.271487871910958,2024,10,Oct,2024-10
1918,2024-05-07,C1290,South,Accessories,Keyboard,3,36.76,0.0,110.28,64.43,45.85,0.41575988393180996,2024,5,May,2024-05
1919,2025-11-21,C1389,West,Office Supplies,Stapler,5,15.34,0.15,65.2,59.62,5.58,0.08558282208588956,2025,11,Nov,2025-11
1920,2025-02-19,C1043,Central,Electronics,Monitor,7,229.82,0.15,1367.43,944.31,423.12,0.30942717360303634,2025,2,Feb,2025-02
1921,2025-04-12,C1454,East,Furniture,Table Lamp,2,60.35,0.05,114.66,77.88,36.78,0.3207744636316065,2025,4,Apr,2025-04
1922,2024-03-23,C1464,South,Furniture,Table Lamp,4,58.21,0.0,232.84,144.59,88.25,0.37901563305274005,2024,3,Mar,2024-03
1923,2024-11-09,C1075,East,Office Supplies,Notebook,7,7.27,0.05,48.35,37.86,10.49,0.21695966907962771,2024,11,Nov,2024-11
1924,2024-12-09,C1062,East,Accessories,Mouse,3,25.88,0.0,77.64,59.69,17.95,0.23119526017516742,2024,12,Dec,2024-12
1925,2024-11-22,C1224,West,Accessories,Backpack,6,43.95,0.0,263.7,165.83,97.87,0.37114144861585135,2024,11,Nov,2024-11
1926,2024-11-23,C1062,Central,Electronics,Smartphone,1,519.76,0.1,467.78,364.58,103.2,0.22061652913762883,2024,11,Nov,2024-11
1927,2025-06-15,C1202,East,Electronics,Headphones,6,81.95,0.05,467.12,350.15,116.97,0.2504067477307758,2025,6,Jun,2025-06
1928,2025-11-04,C1048,Central,Furniture,Office Chair,3,174.36,0.0,523.08,380.4,142.68,0.27276898371186054,2025,11,Nov,2025-11
1929,2024-09-06,C1370,South,Office Supplies,Stapler,5,13.96,0.1,62.82,42.29,20.53,0.3268067494428526,2024,9,Sep,2024-09
1930,2024-09-01,C1096,North,Accessories,Backpack,2,43.3,0.0,86.6,66.86,19.74,0.2279445727482679,2024,9,Sep,2024-09
1931,2024-04-28,C1132,North,Electronics,Smartphone,1,494.97,0.05,470.22,397.0,73.22,0.15571434647611754,2024,4,Apr,2024-04
1932,2024-02-13,C1137,Central,Accessories,Keyboard,7,37.39,0.2,209.38,189.08,20.3,0.09695290858725762,2024,2,Feb,2024-02
1933,2024-06-06,C1474,East,Accessories,Mouse,7,23.2,0.0,162.4,126.42,35.98,0.221551724137931,2024,6,Jun,2024-06
1934,2025-01-11,C1595,East,Electronics,Laptop,1,658.87,0.0,658.87,445.15,213.72,0.32437354865147905,2025,1,Jan,2025-01
1935,2024-05-20,C1319,East,Office Supplies,Printer Paper,6,12.09,0.0,72.54,58.51,14.03,0.1934105321202095,2024,5,May,2024-05
1936,2024-07-17,C1077,West,Accessories,Backpack,4,47.12,0.1,169.63,151.68,17.95,0.10581854624771561,2024,7,Jul,2024-07
1937,2025-01-05,C1574,West,Furniture,Table Lamp,3,59.87,0.05,170.63,142.53,28.1,0.164683818789193,2025,1,Jan,2025-01
1938,2025-12-09,C1533,South,Furniture,Table Lamp,7,51.57,0.05,342.94,256.23,86.71,0.2528430629264594,2025,12,Dec,2025-12
1939,2024-10-25,C1496,Central,Furniture,Desk,7,243.84,0.0,1706.88,1242.7,464.18,0.27194647544056993,2024,10,Oct,2024-10
1940,2024-05-25,C1118,South,Electronics,Headphones,5,87.18,0.0,435.9,323.52,112.38,0.2578114246386786,2024,5,May,2024-05
1941,2024-09-26,C1156,North,Electronics,Monitor,5,217.66,0.05,1033.88,725.96,307.92,0.29782953534259293,2024,9,Sep,2024-09
1942,2024-11-19,C1312,South,Electronics,Monitor,5,215.31,0.0,1076.55,658.47,418.08,0.3883516789745019,2024,11,Nov,2024-11
1943,2025-01-10,C1478,West,Office Supplies,Notebook,1,8.03,0.05,7.63,6.22,1.41,0.18479685452162514,2025,1,Jan,2025-01
1944,2025-02-17,C1052,East,Office Supplies,Pen Set,2,9.45,0.05,17.95,12.59,5.36,0.2986072423398329,2025,2,Feb,2025-02
1945,2024-09-19,C1303,East,Office Supplies,Printer Paper,5,13.17,0.05,62.56,47.58,14.98,0.23945012787723785,2024,9,Sep,2024-09
1946,2024-02-17,C1590,West,Office Supplies,Printer Paper,5,11.92,0.0,59.6,46.9,12.7,0.21308724832214762,2024,2,Feb,2024-02
1947,2024-08-18,C1464,East,Accessories,Mouse,6,23.26,0.05,132.58,90.65,41.93,0.31626187961985214,2024,8,Aug,2024-08
1948,2025-08-05,C1417,South,Office Supplies,Pen Set,1,9.77,0.05,9.28,7.4,1.88,0.20258620689655174,2025,8,Aug,2025-08
1949,2025-12-23,C1245,West,Furniture,Desk,6,265.01,0.1,1431.05,1053.58,377.47,0.2637713566961322,2025,12,Dec,2025-12
1950,2025-05-30,C1032,East,Furniture,Bookshelf,2,128.11,0.05,243.41,206.82,36.59,0.15032250112978104,2025,5,May,2025-05
1951,2024-11-29,C1093,East,Electronics,Laptop,3,628.05,0.0,1884.15,1271.93,612.22,0.3249316667993525,2024,11,Nov,2024-11
1952,2024-12-23,C1034,South,Electronics,Smartphone,4,494.57,0.0,1978.28,1161.3,816.98,0.41297490749540006,2024,12,Dec,2024-12
1953,2025-11-18,C1114,East,Electronics,Laptop,4,707.56,0.0,2830.24,1839.14,991.1,0.35018231669399064,2025,11,Nov,2025-11
1954,2025-02-21,C1239,West,Electronics,Laptop,4,651.69,0.1,2346.08,1974.04,372.04,0.15857941758166816,2025,2,Feb,2025-02
1955,2025-01-25,C1075,East,Furniture,Office Chair,5,178.49,0.15,758.58,544.95,213.63,0.2816182867990192,2025,1,Jan,2025-01
1956,2025-10-30,C1277,East,Furniture,Desk,6,283.06,0.0,1698.36,1300.27,398.09,0.23439671212228266,2025,10,Oct,2025-10
1957,2025-08-17,C1020,South,Electronics,Headphones,7,98.25,0.2,550.2,518.54,31.66,0.05754271174118502,2025,8,Aug,2025-08
1958,2025-07-29,C1068,Central,Furniture,Office Chair,2,177.07,0.05,336.43,208.67,127.76,0.3797521029634694,2025,7,Jul,2025-07
1959,2024-01-21,C1078,South,Office Supplies,Stapler,7,16.01,0.15,95.26,81.36,13.9,0.14591643921897962,2024,1,Jan,2024-01
1960,2025-03-09,C1579,East,Office Supplies,Pen Set,3,9.77,0.0,29.31,22.46,6.85,0.23370863186625726,2025,3,Mar,2025-03
1961,2024-08-16,C1354,West,Accessories,USB Hub,1,31.53,0.15,26.8,23.8,3.0,0.11194029850746269,2024,8,Aug,2024-08
1962,2025-04-18,C1319,East,Electronics,Smartphone,1,456.87,0.1,411.18,302.71,108.47,0.2638017413298312,2025,4,Apr,2025-04
1963,2024-06-06,C1225,South,Office Supplies,Stapler,1,15.81,0.1,14.23,11.7,2.53,0.17779339423752633,2024,6,Jun,2024-06
1964,2025-04-17,C1291,Central,Furniture,Bookshelf,1,147.23,0.05,139.87,108.39,31.48,0.22506613283763494,2025,4,Apr,2025-04
1965,2025-04-02,C1356,North,Office Supplies,Stapler,7,15.74,0.05,104.67,78.78,25.89,0.2473488105474348,2025,4,Apr,2025-04
1966,2025-08-21,C1420,North,Electronics,Headphones,6,84.66,0.05,482.56,302.85,179.71,0.3724096485411141,2025,8,Aug,2025-08
1967,2025-05-13,C1041,South,Electronics,Monitor,1,234.53,0.1,211.08,171.78,39.3,0.18618533257532688,2025,5,May,2025-05
1968,2025-07-21,C1010,West,Electronics,Smartphone,2,516.59,0.0,1033.18,674.68,358.5,0.34698697226039993,2025,7,Jul,2025-07
1969,2024-09-21,C1161,East,Office Supplies,Pen Set,4,10.81,0.1,38.92,27.48,11.44,0.29393627954779034,2024,9,Sep,2024-09
1970,2024-08-20,C1469,East,Furniture,Bookshelf,3,143.97,0.0,431.91,324.83,107.08,0.24792202079136855,2024,8,Aug,2024-08
1971,2025-12-29,C1533,North,Furniture,Table Lamp,3,59.07,0.05,168.35,135.78,32.57,0.19346599346599347,2025,12,Dec,2025-12
1972,2024-11-02,C1442,Central,Furniture,Desk,4,268.88,0.0,1075.52,684.8,390.72,0.3632847366855103,2024,11,Nov,2024-11
1973,2024-01-01,C1545,North,Furniture,Office Chair,5,190.87,0.0,954.35,726.06,228.29,0.23920993346256614,2024,1,Jan,2024-01
1974,2025-04-02,C1494,East,Furniture,Bookshelf,4,128.16,0.05,487.01,381.28,105.73,0.21710026488162462,2025,4,Apr,2025-04
1975,2025-03-14,C1126,South,Electronics,Smartphone,2,469.72,0.0,939.44,695.92,243.52,0.2592182576854296,2025,3,Mar,2025-03
1976,2024-01-08,C1367,South,Electronics,Monitor,6,233.53,0.0,1401.18,858.16,543.02,0.38754478368232487,2024,1,Jan,2024-01
1977,2025-05-02,C1347,West,Furniture,Desk,6,259.4,0.1,1400.76,953.84,446.92,0.3190553699420315,2025,5,May,2025-05
1978,2024-02-01,C1026,Central,Accessories,Mouse,6,22.79,0.05,129.9,85.43,44.47,0.3423402617397998,2024,2,Feb,2024-02
1979,2025-06-18,C1598,Central,Accessories,Keyboard,4,35.41,0.05,134.56,97.31,37.25,0.2768281807372176,2025,6,Jun,2025-06
1980,2024-10-11,C1358,West,Office Supplies,Printer Paper,2,12.23,0.0,24.46,17.53,6.93,0.28331970564186426,2024,10,Oct,2024-10
1981,2024-07-21,C1103,East,Office Supplies,Stapler,7,15.42,0.0,107.94,74.74,33.2,0.30757828423198075,2024,7,Jul,2024-07
1982,2024-06-09,C1589,South,Electronics,Monitor,6,199.28,0.15,1016.33,914.67,101.66,0.10002656617437249,2024,6,Jun,2024-06
1983,2024-02-23,C1401,North,Electronics,Smartphone,6,500.22,0.15,2551.12,2447.84,103.28,0.040484179497632417,2024,2,Feb,2024-02
1984,2024-10-30,C1582,West,Accessories,Backpack,4,48.95,0.1,176.22,118.9,57.32,0.32527522415162863,2024,10,Oct,2024-10
1985,2024-06-17,C1053,Central,Accessories,Keyboard,3,36.26,0.05,103.34,69.55,33.79,0.32697890458680084,2024,6,Jun,2024-06
1986,2024-04-27,C1403,West,Electronics,Smartphone,5,444.07,0.05,2109.33,1541.11,568.22,0.269384117231538,2024,4,Apr,2024-04
1987,2024-07-23,C1551,South,Accessories,Backpack,6,49.48,0.05,282.04,206.57,75.47,0.2675861579917742,2024,7,Jul,2024-07
1988,2025-10-01,C1088,Central,Office Supplies,Stapler,3,15.07,0.05,42.95,27.08,15.87,0.369499417927823,2025,10,Oct,2025-10
1989,2025-06-20,C1125,North,Office Supplies,Stapler,2,15.52,0.0,31.04,21.16,9.88,0.318298969072165,2025,6,Jun,2025-06
1990,2024-05-25,C1381,North,Furniture,Bookshelf,5,133.95,0.0,669.75,427.51,242.24,0.3616871967151922,2024,5,May,2024-05
1991,2025-08-23,C1434,Central,Furniture,Office Chair,4,165.21,0.1,594.76,384.81,209.95,0.352999529221871,2025,8,Aug,2025-08
1992,2024-12-24,C1588,East,Electronics,Monitor,5,241.78,0.1,1088.01,752.73,335.28,0.308158932362754,2024,12,Dec,2024-12
1993,2025-10-12,C1031,East,Accessories,Backpack,2,45.35,0.1,81.63,71.34,10.29,0.12605659683939727,2025,10,Oct,2025-10
1994,2024-08-10,C1536,South,Furniture,Office Chair,4,197.74,0.15,672.32,640.84,31.48,0.04682294145644931,2024,8,Aug,2024-08
1995,2024-05-19,C1053,North,Electronics,Smartphone,5,472.61,0.1,2126.75,1668.36,458.39,0.215535441401199,2024,5,May,2024-05
1996,2024-08-19,C1379,North,Furniture,Desk,5,256.81,0.1,1155.64,750.09,405.55,0.35093108580526805,2024,8,Aug,2024-08
1997,2025-04-07,C1180,West,Furniture,Office Chair,4,196.3,0.15,667.42,523.72,143.7,0.2153067034251296,2025,4,Apr,2025-04
1998,2024-01-16,C1315,South,Office Supplies,Notebook,1,8.75,0.1,7.88,6.48,1.4,0.17766497461928932,2024,1,Jan,2024-01
1999,2025-03-09,C1063,West,Office Supplies,Pen Set,5,10.15,0.15,43.14,35.11,8.03,0.18613815484469168,2025,3,Mar,2025-03
2000,2024-02-13,C1214,North,Electronics,Headphones,4,88.37,0.1,318.13,238.61,79.52,0.24996070788671296,2024,2,Feb,2024-02
2001,2024-03-19,C1457,Central,Electronics,Monitor,6,204.79,0.1,1105.87,817.88,287.99,0.26041939830178956,2024,3,Mar,2024-03
2002,2025-06-05,C1446,South,Office Supplies,Notebook,3,8.06,0.05,22.97,14.53,8.44,0.3674357858075751,2025,6,Jun,2025-06
2003,2025-10-02,C1577,East,Furniture,Office Chair,1,185.34,0.05,176.07,124.96,51.11,0.2902822740955302,2025,10,Oct,2025-10
2004,2024-07-20,C1400,South,Office Supplies,Notebook,4,8.2,0.0,32.8,22.11,10.69,0.3259146341463415,2024,7,Jul,2024-07
2005,2024-08-04,C1386,Central,Accessories,USB Hub,5,29.09,0.1,130.9,99.52,31.38,0.23972498090145147,2024,8,Aug,2024-08
2006,2024-07-26,C1334,Central,Office Supplies,Pen Set,6,9.34,0.0,56.04,43.78,12.26,0.21877230549607424,2024,7,Jul,2024-07
2007,2024-03-15,C1134,East,Office Supplies,Stapler,2,16.18,0.0,32.36,20.53,11.83,0.36557478368355995,2024,3,Mar,2024-03
2008,2025-01-25,C1343,East,Furniture,Desk,7,267.22,0.05,1777.01,1170.53,606.48,0.3412923956533728,2025,1,Jan,2025-01
2009,2024-01-06,C1038,East,Accessories,Mouse,1,24.28,0.05,23.07,16.05,7.02,0.30429128738621586,2024,1,Jan,2024-01
2010,2025-11-05,C1147,South,Electronics,Smartphone,5,469.92,0.15,1997.16,1680.93,316.23,0.15833984257645858,2025,11,Nov,2025-11
2011,2024-03-06,C1038,East,Electronics,Smartphone,5,496.43,0.0,2482.15,2022.96,459.19,0.18499687770682674,2024,3,Mar,2024-03
2012,2024-04-06,C1254,North,Office Supplies,Notebook,6,7.96,0.1,42.98,35.42,7.56,0.1758957654723127,2024,4,Apr,2024-04
2013,2025-01-19,C1541,West,Electronics,Smartphone,7,432.39,0.05,2875.39,2047.26,828.13,0.2880061487311287,2025,1,Jan,2025-01
2014,2025-04-10,C1587,West,Electronics,Laptop,7,636.68,0.1,4011.08,3037.82,973.26,0.242642879224548,2025,4,Apr,2025-04
2015,2024-08-20,C1360,West,Accessories,Mouse,1,25.78,0.15,21.91,16.38,5.53,0.2523961661341853,2024,8,Aug,2024-08
2016,2024-06-24,C1269,Central,Electronics,Monitor,5,233.58,0.05,1109.51,935.33,174.18,0.1569882200250561,2024,6,Jun,2024-06
2017,2025-03-21,C1174,South,Office Supplies,Pen Set,6,9.23,0.0,55.38,38.75,16.63,0.3002889129649693,2025,3,Mar,2025-03
2018,2024-11-25,C1246,West,Electronics,Smartphone,7,449.05,0.15,2671.85,2224.55,447.3,0.16741209274472746,2024,11,Nov,2024-11
2019,2025-05-01,C1548,North,Electronics,Headphones,6,82.86,0.0,497.16,329.82,167.34,0.3365918416606324,2025,5,May,2025-05
2020,2024-01-06,C1226,East,Furniture,Desk,6,245.23,0.1,1324.24,1103.91,220.33,0.1663822267866852,2024,1,Jan,2024-01
2021,2024-02-28,C1333,West,Electronics,Monitor,2,225.06,0.05,427.61,366.84,60.77,0.14211547905802016,2024,2,Feb,2024-02
2022,2024-10-03,C1308,East,Electronics,Monitor,3,228.83,0.0,686.49,401.94,284.55,0.41449984704802695,2024,10,Oct,2024-10
2023,2024-06-22,C1349,North,Furniture,Table Lamp,5,53.25,0.05,252.94,184.32,68.62,0.271289633905274,2024,6,Jun,2024-06
2024,2024-03-07,C1423,East,Furniture,Table Lamp,2,55.8,0.05,106.02,69.19,36.83,0.3473872854178457,2024,3,Mar,2024-03
2025,2025-04-01,C1023,North,Electronics,Laptop,4,684.92,0.1,2465.71,1836.92,628.79,0.2550137688535959,2025,4,Apr,2025-04
2026,2025-06-08,C1266,West,Accessories,Keyboard,1,37.36,0.1,33.62,22.16,11.46,0.34086853063652595,2025,6,Jun,2025-06
2027,2025-01-12,C1315,West,Electronics,Smartphone,1,502.65,0.0,502.65,357.46,145.19,0.2888490997712126,2025,1,Jan,2025-01
2028,2025-06-08,C1106,North,Office Supplies,Notebook,2,8.36,0.1,15.05,12.6,2.45,0.16279069767441862,2025,6,Jun,2025-06
2029,2024-07-09,C1052,Central,Electronics,Headphones,3,93.7,0.1,252.99,187.17,65.82,0.26016838610221743,2024,7,Jul,2024-07
2030,2025-07-27,C1495,South,Accessories,Mouse,5,22.79,0.0,113.95,89.51,24.44,0.21448003510311542,2025,7,Jul,2025-07
2031,2024-02-26,C1023,North,Office Supplies,Printer Paper,2,12.35,0.05,23.46,15.7,7.76,0.3307757885763001,2024,2,Feb,2024-02
2032,2025-07-27,C1113,West,Accessories,USB Hub,1,30.84,0.05,29.3,18.14,11.16,0.38088737201365186,2025,7,Jul,2025-07
2033,2024-06-14,C1456,East,Electronics,Headphones,4,98.85,0.05,375.63,306.8,68.83,0.1832388254399276,2024,6,Jun,2024-06
2034,2024-11-18,C1124,North,Accessories,Backpack,4,44.03,0.0,176.12,113.5,62.62,0.3555530320236202,2024,11,Nov,2024-11
2035,2024-03-26,C1389,Central,Accessories,USB Hub,1,28.23,0.05,26.82,17.78,9.04,0.33706189410887394,2024,3,Mar,2024-03
2036,2025-07-29,C1087,Central,Accessories,Keyboard,6,35.68,0.1,192.67,149.29,43.38,0.22515181398245707,2025,7,Jul,2025-07
2037,2025-01-19,C1397,West,Office Supplies,Stapler,7,15.93,0.0,111.51,77.82,33.69,0.3021253699219801,2025,1,Jan,2025-01
2038,2025-04-25,C1183,North,Electronics,Laptop,4,704.43,0.15,2395.06,2240.71,154.35,0.0644451495995925,2025,4,Apr,2025-04
2039,2025-01-25,C1558,Central,Furniture,Desk,2,245.11,0.1,441.2,315.77,125.43,0.2842928377153219,2025,1,Jan,2025-01
2040,2025-01-28,C1549,East,Electronics,Headphones,6,96.73,0.05,551.36,416.09,135.27,0.2453387986070807,2025,1,Jan,2025-01
2041,2024-01-03,C1219,North,Electronics,Laptop,4,670.82,0.05,2549.12,2068.03,481.09,0.1887278747175496,2024,1,Jan,2024-01
2042,2025-10-19,C1354,Central,Furniture,Office Chair,2,165.99,0.1,298.78,215.56,83.22,0.2785326996452239,2025,10,Oct,2025-10
2043,2024-04-09,C1531,North,Electronics,Headphones,2,93.75,0.1,168.75,138.47,30.28,0.17943703703703703,2024,4,Apr,2024-04
2044,2024-12-01,C1464,North,Electronics,Smartphone,3,464.77,0.0,1394.31,1132.16,262.15,0.1880141431962763,2024,12,Dec,2024-12
2045,2024-05-20,C1439,North,Furniture,Table Lamp,2,56.99,0.1,102.58,81.23,21.35,0.20813023981282902,2024,5,May,2024-05
2046,2024-02-26,C1202,South,Furniture,Desk,2,262.41,0.05,498.58,392.9,105.68,0.2119619720004814,2024,2,Feb,2024-02
2047,2024-06-27,C1378,East,Electronics,Smartphone,2,512.83,0.05,974.38,711.88,262.5,0.2694020813235083,2024,6,Jun,2024-06
2048,2024-12-13,C1508,East,Furniture,Table Lamp,1,54.86,0.0,54.86,34.38,20.48,0.37331388990156766,2024,12,Dec,2024-12
2049,2024-08-15,C1018,West,Electronics,Laptop,7,606.59,0.15,3609.21,3138.6,470.61,0.13039141529586806,2024,8,Aug,2024-08
2050,2025-03-20,C1133,East,Furniture,Office Chair,2,171.78,0.1,309.2,232.36,76.84,0.24851228978007764,2025,3,Mar,2025-03
2051,2025-03-24,C1173,West,Electronics,Smartphone,6,469.95,0.0,2819.7,2300.76,518.94,0.18404085541015006,2025,3,Mar,2025-03
2052,2024-07-11,C1578,North,Furniture,Desk,1,276.51,0.1,248.86,196.49,52.37,0.21043960459696212,2024,7,Jul,2024-07
2053,2024-07-27,C1009,West,Electronics,Headphones,4,84.56,0.1,304.42,262.69,41.73,0.1370803495171145,2024,7,Jul,2024-07
2054,2025-09-04,C1595,West,Electronics,Laptop,6,626.69,0.15,3196.12,2920.9,275.22,0.08611065917424879,2025,9,Sep,2025-09
2055,2025-02-18,C1035,North,Accessories,Mouse,5,23.09,0.15,98.13,73.39,24.74,0.25211454193416893,2025,2,Feb,2025-02
2056,2025-05-19,C1274,West,Electronics,Monitor,6,223.82,0.05,1275.77,973.9,301.87,0.23661788566904693,2025,5,May,2025-05
2057,2025-06-22,C1176,East,Electronics,Laptop,3,594.47,0.1,1605.07,1436.16,168.91,0.10523528568847465,2025,6,Jun,2025-06
2058,2025-07-19,C1585,Central,Electronics,Smartphone,3,476.3,0.0,1428.9,1150.43,278.47,0.19488417663937296,2025,7,Jul,2025-07
2059,2025-08-19,C1299,West,Office Supplies,Stapler,4,15.77,0.0,63.08,42.06,21.02,0.3332276474318326,2025,8,Aug,2025-08
2060,2025-06-05,C1084,West,Electronics,Headphones,1,96.43,0.1,86.79,62.2,24.59,0.2833275723009563,2025,6,Jun,2025-06
2061,2024-07-27,C1079,East,Electronics,Monitor,2,213.8,0.0,427.6,287.35,140.25,0.3279934518241347,2024,7,Jul,2024-07
2062,2024-12-07,C1111,North,Office Supplies,Printer Paper,5,11.23,0.05,53.34,39.84,13.5,0.25309336332958376,2024,12,Dec,2024-12
2063,2025-09-07,C1433,West,Office Supplies,Pen Set,5,9.85,0.15,41.86,31.18,10.68,0.25513616817964646,2025,9,Sep,2025-09
2064,2025-07-22,C1164,East,Office Supplies,Stapler,3,13.96,0.2,33.5,34.2,-0.7,-0.0208955223880597,2025,7,Jul,2025-07
2065,2025-07-16,C1519,Central,Office Supplies,Notebook,6,8.27,0.15,42.18,37.1,5.08,0.1204362256993836,2025,7,Jul,2025-07
2066,2024-01-11,C1249,West,Office Supplies,Stapler,4,15.81,0.0,63.24,37.4,25.84,0.4086021505376344,2024,1,Jan,2024-01
2067,2025-09-30,C1541,Central,Furniture,Bookshelf,2,141.74,0.0,283.48,228.55,54.93,0.1937702836178919,2025,9,Sep,2025-09
2068,2024-02-19,C1336,North,Office Supplies,Pen Set,1,10.44,0.05,9.92,6.87,3.05,0.3074596774193548,2024,2,Feb,2024-02
2069,2025-10-27,C1515,South,Accessories,Keyboard,7,38.05,0.05,253.03,198.64,54.39,0.21495474844880053,2025,10,Oct,2025-10
2070,2025-03-18,C1262,Central,Office Supplies,Notebook,5,8.19,0.1,36.85,31.82,5.03,0.13649932157394845,2025,3,Mar,2025-03
2071,2025-07-27,C1600,West,Electronics,Headphones,4,84.14,0.2,269.25,220.35,48.9,0.18161559888579387,2025,7,Jul,2025-07
2072,2025-05-15,C1240,North,Office Supplies,Stapler,4,15.54,0.05,59.05,46.69,12.36,0.20931414055884842,2025,5,May,2025-05
2073,2025-02-21,C1551,West,Accessories,Mouse,5,26.56,0.15,112.88,95.73,17.15,0.15193125442948263,2025,2,Feb,2025-02
2074,2024-08-15,C1219,West,Electronics,Laptop,5,689.33,0.0,3446.65,2466.86,979.79,0.28427313478305016,2024,8,Aug,2024-08
2075,2025-12-21,C1408,East,Accessories,Mouse,3,27.17,0.1,73.36,53.6,19.76,0.26935659760087244,2025,12,Dec,2025-12
2076,2025-09-28,C1078,North,Office Supplies,Printer Paper,3,11.16,0.1,30.13,22.99,7.14,0.2369731164951875,2025,9,Sep,2025-09
2077,2025-04-25,C1536,West,Electronics,Monitor,7,210.82,0.0,1475.74,1157.3,318.44,0.2157832680553485,2025,4,Apr,2025-04
2078,2025-04-05,C1340,North,Furniture,Desk,3,264.58,0.2,634.99,509.24,125.75,0.19803461471834202,2025,4,Apr,2025-04
2079,2025-05-30,C1126,North,Office Supplies,Pen Set,5,9.68,0.15,41.14,31.86,9.28,0.22557122022362663,2025,5,May,2025-05
2080,2024-07-24,C1489,West,Furniture,Desk,4,242.73,0.15,825.28,565.39,259.89,0.31491130283055446,2024,7,Jul,2024-07
2081,2025-12-21,C1482,West,Furniture,Office Chair,3,174.55,0.05,497.47,365.74,131.73,0.2647998874303978,2025,12,Dec,2025-12
2082,2024-08-06,C1125,North,Electronics,Laptop,7,662.05,0.1,4170.92,3228.7,942.22,0.22590219903522485,2024,8,Aug,2024-08
2083,2025-07-18,C1530,South,Office Supplies,Printer Paper,4,10.97,0.0,43.88,28.87,15.01,0.34206927985414765,2025,7,Jul,2025-07
2084,2025-11-06,C1289,West,Furniture,Office Chair,5,167.19,0.15,710.56,525.86,184.7,0.25993582526458003,2025,11,Nov,2025-11
2085,2024-02-19,C1535,Central,Office Supplies,Stapler,4,16.01,0.0,64.04,43.42,20.62,0.32198625858838226,2024,2,Feb,2024-02
2086,2025-01-10,C1575,West,Office Supplies,Stapler,5,14.21,0.15,60.39,48.44,11.95,0.1978804437820831,2025,1,Jan,2025-01
2087,2024-01-29,C1012,Central,Electronics,Smartphone,3,467.34,0.05,1331.92,826.34,505.58,0.3795873626043606,2024,1,Jan,2024-01
2088,2025-05-30,C1226,Central,Electronics,Laptop,5,633.22,0.0,3166.1,1967.52,1198.58,0.37856669088152617,2025,5,May,2025-05
2089,2025-01-05,C1454,West,Office Supplies,Notebook,5,7.65,0.0,38.25,24.12,14.13,0.3694117647058824,2025,1,Jan,2025-01
2090,2024-06-14,C1121,Central,Accessories,Backpack,7,41.76,0.0,292.32,189.28,103.04,0.35249042145593873,2024,6,Jun,2024-06
2091,2024-09-15,C1386,West,Office Supplies,Printer Paper,4,10.94,0.1,39.38,31.21,8.17,0.20746571863890298,2024,9,Sep,2024-09
2092,2024-10-24,C1214,North,Electronics,Monitor,5,209.65,0.1,943.42,686.17,257.25,0.2726781285111615,2024,10,Oct,2024-10
2093,2024-04-07,C1165,East,Furniture,Desk,5,281.82,0.05,1338.64,916.4,422.24,0.31542461005199307,2024,4,Apr,2024-04
2094,2024-04-25,C1061,North,Office Supplies,Notebook,6,7.58,0.05,43.21,36.82,6.39,0.14788243462161535,2024,4,Apr,2024-04
2095,2025-08-11,C1393,East,Electronics,Headphones,6,90.39,0.1,488.11,382.32,105.79,0.21673393292495544,2025,8,Aug,2025-08
2096,2024-02-16,C1249,East,Accessories,USB Hub,2,30.79,0.0,61.58,44.12,17.46,0.2835336148100033,2024,2,Feb,2024-02
2097,2024-05-10,C1191,Central,Accessories,USB Hub,7,30.18,0.1,190.13,133.41,56.72,0.29832220059958975,2024,5,May,2024-05
2098,2025-07-31,C1375,North,Office Supplies,Printer Paper,4,12.26,0.15,41.68,36.37,5.31,0.12739923224568137,2025,7,Jul,2025-07
2099,2025-12-01,C1230,East,Furniture,Office Chair,5,184.4,0.15,783.7,543.04,240.66,0.30708179150185017,2025,12,Dec,2025-12
2100,2025-11-09,C1235,North,Furniture,Table Lamp,6,55.06,0.15,280.81,247.32,33.49,0.11926213453936826,2025,11,Nov,2025-11
2101,2025-10-04,C1304,South,Electronics,Smartphone,7,473.16,0.0,3312.12,2613.6,698.52,0.21089815586391797,2025,10,Oct,2025-10
2102,2024-10-31,C1349,West,Accessories,Keyboard,6,31.71,0.05,180.75,117.2,63.55,0.3515905947441217,2024,10,Oct,2024-10
2103,2024-09-11,C1442,North,Office Supplies,Pen Set,7,9.3,0.15,55.34,46.62,8.72,0.15757137694253703,2024,9,Sep,2024-09
2104,2024-02-07,C1394,South,Accessories,USB Hub,1,27.14,0.1,24.43,16.88,7.55,0.30904625460499385,2024,2,Feb,2024-02
2105,2024-02-19,C1130,North,Furniture,Office Chair,2,177.68,0.2,284.29,253.81,30.48,0.10721446410355623,2024,2,Feb,2024-02
2106,2024-12-19,C1172,North,Electronics,Smartphone,3,486.9,0.0,1460.7,1185.39,275.31,0.1884781269254467,2024,12,Dec,2024-12
2107,2025-09-04,C1522,North,Electronics,Smartphone,1,438.7,0.1,394.83,313.06,81.77,0.20710179064407466,2025,9,Sep,2025-09
2108,2024-07-05,C1565,South,Accessories,USB Hub,7,30.43,0.15,181.06,168.07,12.99,0.0717441732022534,2024,7,Jul,2024-07
2109,2024-06-08,C1365,Central,Accessories,Keyboard,6,37.66,0.05,214.66,184.19,30.47,0.14194540203111897,2024,6,Jun,2024-06
2110,2025-11-29,C1029,North,Furniture,Bookshelf,4,129.26,0.1,465.34,370.61,94.73,0.20357158206902481,2025,11,Nov,2025-11
2111,2025-05-25,C1292,East,Accessories,Keyboard,3,36.41,0.1,98.31,78.05,20.26,0.20608279930831047,2025,5,May,2025-05
2112,2024-11-07,C1057,East,Furniture,Desk,4,246.97,0.15,839.7,648.03,191.67,0.22826009289031796,2024,11,Nov,2024-11
2113,2024-04-22,C1090,North,Accessories,USB Hub,7,32.33,0.1,203.68,151.93,51.75,0.25407501963864887,2024,4,Apr,2024-04
2114,2025-10-24,C1487,Central,Accessories,Backpack,2,44.79,0.0,89.58,61.23,28.35,0.31647689216342934,2025,10,Oct,2025-10
2115,2025-06-09,C1576,Central,Furniture,Office Chair,3,179.23,0.2,430.15,325.28,104.87,0.24379867488085555,2025,6,Jun,2025-06
2116,2025-10-31,C1082,West,Furniture,Desk,2,263.01,0.2,420.82,376.51,44.31,0.10529442516990638,2025,10,Oct,2025-10
2117,2025-06-07,C1068,East,Furniture,Bookshelf,5,133.08,0.0,665.4,417.53,247.87,0.3725127742711151,2025,6,Jun,2025-06
2118,2025-07-09,C1384,South,Furniture,Office Chair,3,197.56,0.05,563.05,406.29,156.76,0.2784122191634846,2025,7,Jul,2025-07
2119,2024-10-03,C1017,South,Electronics,Laptop,1,677.19,0.1,609.47,532.56,76.91,0.12619160910299113,2024,10,Oct,2024-10
2120,2025-08-07,C1259,North,Furniture,Desk,4,279.96,0.1,1007.86,833.89,173.97,0.1726132597781438,2025,8,Aug,2025-08
2121,2025-04-26,C1480,Central,Office Supplies,Stapler,2,13.64,0.1,24.55,21.92,2.63,0.10712830957230142,2025,4,Apr,2025-04
2122,2024-05-11,C1391,Central,Office Supplies,Notebook,4,7.76,0.0,31.04,22.35,8.69,0.27996134020618557,2024,5,May,2024-05
2123,2024-05-22,C1494,North,Furniture,Bookshelf,2,133.38,0.1,240.08,169.51,70.57,0.2939436854381872,2024,5,May,2024-05
2124,2025-07-06,C1176,Central,Electronics,Monitor,3,212.35,0.05,605.2,468.19,137.01,0.22638797091870452,2025,7,Jul,2025-07
2125,2024-02-21,C1536,East,Accessories,Backpack,5,45.67,0.1,205.52,142.28,63.24,0.30770727909692486,2024,2,Feb,2024-02
2126,2024-12-07,C1150,South,Accessories,Keyboard,3,38.07,0.05,108.5,87.87,20.63,0.19013824884792627,2024,12,Dec,2024-12
2127,2025-08-05,C1292,West,Electronics,Monitor,6,205.25,0.05,1169.92,923.02,246.9,0.21104007111597373,2025,8,Aug,2025-08
2128,2024-06-02,C1598,Central,Accessories,Keyboard,7,36.15,0.0,253.05,194.43,58.62,0.23165382335506815,2024,6,Jun,2024-06
2129,2024-08-01,C1170,South,Electronics,Headphones,5,91.77,0.05,435.91,309.07,126.84,0.29097749535454565,2024,8,Aug,2024-08
2130,2025-12-21,C1179,South,Electronics,Smartphone,7,440.4,0.1,2774.52,1803.01,971.51,0.3501542609172037,2025,12,Dec,2025-12
2131,2025-04-01,C1192,West,Office Supplies,Pen Set,1,9.83,0.1,8.85,6.58,2.27,0.25649717514124293,2025,4,Apr,2025-04
2132,2025-03-12,C1319,North,Accessories,Keyboard,6,35.47,0.05,202.18,171.05,31.13,0.15397170837867247,2025,3,Mar,2025-03
2133,2024-08-17,C1111,West,Electronics,Laptop,3,656.72,0.15,1674.64,1434.08,240.56,0.14364878421630917,2024,8,Aug,2024-08
2134,2025-03-03,C1331,West,Office Supplies,Printer Paper,2,12.73,0.1,22.91,20.75,2.16,0.09428197293758185,2025,3,Mar,2025-03
2135,2025-08-09,C1209,North,Electronics,Smartphone,7,513.1,0.15,3052.94,2306.12,746.82,0.24462321565441839,2025,8,Aug,2025-08
2136,2025-10-05,C1167,South,Accessories,Mouse,1,24.58,0.1,22.12,17.98,4.14,0.18716094032549727,2025,10,Oct,2025-10
2137,2025-10-24,C1569,North,Accessories,Mouse,6,25.91,0.0,155.46,106.61,48.85,0.3142287405120288,2025,10,Oct,2025-10
2138,2024-08-02,C1026,Central,Accessories,Mouse,1,25.75,0.05,24.46,16.92,7.54,0.3082583810302535,2024,8,Aug,2024-08
2139,2025-03-10,C1221,East,Electronics,Monitor,4,206.45,0.1,743.22,535.96,207.26,0.27886763004224857,2025,3,Mar,2025-03
2140,2025-07-20,C1484,East,Accessories,Backpack,6,43.15,0.0,258.9,184.83,74.07,0.2860950173812283,2025,7,Jul,2025-07
2141,2024-04-17,C1321,North,Office Supplies,Stapler,2,15.13,0.05,28.75,20.34,8.41,0.2925217391304348,2024,4,Apr,2024-04
2142,2025-12-19,C1458,West,Office Supplies,Printer Paper,2,11.66,0.1,20.99,13.62,7.37,0.3511195807527394,2025,12,Dec,2025-12
2143,2025-07-30,C1468,North,Office Supplies,Notebook,3,8.02,0.2,19.25,19.63,-0.38,-0.019740259740259742,2025,7,Jul,2025-07
2144,2025-03-01,C1046,East,Furniture,Desk,6,247.55,0.05,1411.04,1167.17,243.87,0.17282996938428394,2025,3,Mar,2025-03
2145,2024-06-19,C1435,South,Office Supplies,Printer Paper,6,10.81,0.0,64.86,42.76,22.1,0.3407338883749615,2024,6,Jun,2024-06
2146,2025-06-21,C1066,Central,Electronics,Laptop,6,684.26,0.0,4105.56,3282.94,822.62,0.2003673067742281,2025,6,Jun,2025-06
2147,2025-01-31,C1524,East,Electronics,Monitor,6,221.03,0.0,1326.18,1003.0,323.18,0.24369240977846143,2025,1,Jan,2025-01
2148,2025-04-03,C1289,West,Furniture,Bookshelf,6,134.66,0.0,807.96,588.23,219.73,0.27195653250160895,2025,4,Apr,2025-04
2149,2025-06-16,C1174,North,Accessories,Keyboard,5,34.37,0.15,146.07,115.59,30.48,0.2086670774286301,2025,6,Jun,2025-06
2150,2025-06-17,C1184,East,Furniture,Bookshelf,7,132.68,0.15,789.45,583.09,206.36,0.2613971752485908,2025,6,Jun,2025-06
2151,2025-10-18,C1357,Central,Electronics,Laptop,2,686.23,0.1,1235.21,981.78,253.43,0.2051715902559079,2025,10,Oct,2025-10
2152,2024-01-01,C1210,Central,Office Supplies,Stapler,1,16.35,0.1,14.72,11.44,3.28,0.22282608695652173,2024,1,Jan,2024-01
2153,2024-05-29,C1009,East,Office Supplies,Pen Set,1,9.89,0.1,8.9,7.15,1.75,0.19662921348314605,2024,5,May,2024-05
2154,2024-01-05,C1103,West,Accessories,USB Hub,5,30.97,0.05,147.11,115.66,31.45,0.2137856026102916,2024,1,Jan,2024-01
2155,2024-02-29,C1120,West,Furniture,Table Lamp,7,51.23,0.0,358.61,267.6,91.01,0.25378544937397174,2024,2,Feb,2024-02
2156,2024-06-04,C1130,Central,Accessories,Keyboard,4,34.36,0.15,116.82,107.64,9.18,0.07858243451463791,2024,6,Jun,2024-06
2157,2024-02-24,C1116,North,Office Supplies,Pen Set,3,10.35,0.2,24.84,23.62,1.22,0.04911433172302737,2024,2,Feb,2024-02
2158,2025-06-25,C1271,West,Electronics,Headphones,5,86.99,0.05,413.2,341.6,71.6,0.1732817037754114,2025,6,Jun,2025-06
2159,2024-10-30,C1580,South,Furniture,Table Lamp,7,53.66,0.05,356.84,291.39,65.45,0.1834155363748459,2024,10,Oct,2024-10
2160,2025-03-26,C1349,East,Accessories,Mouse,2,24.27,0.15,41.26,36.59,4.67,0.11318468250121183,2025,3,Mar,2025-03
2161,2025-06-05,C1328,South,Office Supplies,Printer Paper,4,11.31,0.05,42.98,27.05,15.93,0.37063750581665894,2025,6,Jun,2025-06
2162,2025-11-09,C1584,Central,Electronics,Laptop,1,669.56,0.2,535.65,496.51,39.14,0.0730701017455428,2025,11,Nov,2025-11
2163,2024-09-26,C1004,East,Furniture,Bookshelf,3,138.9,0.15,354.2,247.97,106.23,0.29991530208921513,2024,9,Sep,2024-09
2164,2025-04-23,C1175,East,Furniture,Table Lamp,2,59.18,0.0,118.36,81.16,37.2,0.3142953700574519,2025,4,Apr,2025-04
2165,2024-06-07,C1013,East,Office Supplies,Pen Set,7,9.48,0.1,59.72,45.6,14.12,0.2364367046215673,2024,6,Jun,2024-06
2166,2025-07-20,C1272,North,Electronics,Monitor,7,240.33,0.05,1598.19,1186.59,411.6,0.2575413436449984,2025,7,Jul,2025-07
2167,2024-01-14,C1243,North,Accessories,Mouse,4,24.08,0.1,86.69,59.59,27.1,0.3126081439612412,2024,1,Jan,2024-01
2168,2025-10-31,C1249,West,Furniture,Bookshelf,7,126.74,0.15,754.1,610.51,143.59,0.1904124121469301,2025,10,Oct,2025-10
2169,2025-01-14,C1240,West,Furniture,Office Chair,2,179.68,0.0,359.36,216.31,143.05,0.39806878895814785,2025,1,Jan,2025-01
2170,2025-11-09,C1523,South,Electronics,Laptop,7,628.69,0.15,3740.71,3228.18,512.53,0.13701409625445435,2025,11,Nov,2025-11
2171,2025-05-22,C1558,West,Electronics,Headphones,4,90.18,0.1,324.65,287.39,37.26,0.11476975204065917,2025,5,May,2025-05
2172,2024-08-29,C1302,East,Office Supplies,Pen Set,6,9.65,0.05,55.0,36.12,18.88,0.34327272727272723,2024,8,Aug,2024-08
2173,2024-06-18,C1240,West,Electronics,Smartphone,3,513.65,0.1,1386.85,911.56,475.29,0.34271190107077193,2024,6,Jun,2024-06
2174,2025-08-20,C1027,West,Electronics,Laptop,6,597.57,0.1,3226.88,2480.81,746.07,0.23120475505751686,2025,8,Aug,2025-08
2175,2025-04-01,C1272,Central,Office Supplies,Notebook,3,8.77,0.2,21.05,19.39,1.66,0.07885985748218527,2025,4,Apr,2025-04
2176,2025-06-30,C1575,North,Electronics,Headphones,5,94.93,0.1,427.19,321.21,105.98,0.248086331608886,2025,6,Jun,2025-06
2177,2024-11-21,C1459,West,Accessories,USB Hub,2,30.61,0.1,55.1,50.18,4.92,0.08929219600725953,2024,11,Nov,2024-11
2178,2024-07-20,C1124,East,Furniture,Office Chair,1,163.71,0.0,163.71,117.45,46.26,0.28257284222100054,2024,7,Jul,2024-07
2179,2024-03-20,C1371,North,Electronics,Smartphone,3,487.79,0.2,1170.7,1134.91,35.79,0.030571452976851453,2024,3,Mar,2024-03
2180,2024-11-18,C1467,Central,Furniture,Desk,1,272.13,0.05,258.52,194.84,63.68,0.2463252359585332,2024,11,Nov,2024-11
2181,2025-03-03,C1004,North,Office Supplies,Pen Set,2,9.79,0.0,19.58,13.78,5.8,0.296220633299285,2025,3,Mar,2025-03
2182,2025-03-14,C1571,Central,Office Supplies,Stapler,7,14.93,0.0,104.51,76.17,28.34,0.2711702229451727,2025,3,Mar,2025-03
2183,2024-07-03,C1077,Central,Electronics,Monitor,5,237.23,0.0,1186.15,955.85,230.3,0.19415756860430805,2024,7,Jul,2024-07
2184,2024-10-22,C1227,Central,Accessories,Keyboard,7,31.54,0.1,198.7,139.47,59.23,0.2980875691997987,2024,10,Oct,2024-10
2185,2024-03-03,C1130,West,Electronics,Smartphone,3,454.02,0.1,1225.85,841.55,384.3,0.31349675735204147,2024,3,Mar,2024-03
2186,2025-01-28,C1379,West,Furniture,Table Lamp,3,60.49,0.05,172.4,137.87,34.53,0.20029002320185615,2025,1,Jan,2025-01
2187,2025-06-27,C1576,East,Accessories,USB Hub,2,31.98,0.0,63.96,45.56,18.4,0.2876797998749218,2025,6,Jun,2025-06
2188,2025-08-05,C1337,Central,Electronics,Headphones,5,91.39,0.05,434.1,324.77,109.33,0.25185441142593873,2025,8,Aug,2025-08
2189,2025-05-10,C1214,North,Electronics,Headphones,3,93.3,0.1,251.91,194.69,57.22,0.22714461514032788,2025,5,May,2025-05
2190,2025-07-29,C1225,North,Accessories,USB Hub,4,30.46,0.0,121.84,92.29,29.55,0.2425311884438608,2025,7,Jul,2025-07
2191,2025-09-09,C1414,Central,Accessories,Keyboard,6,33.8,0.1,182.52,141.63,40.89,0.22403024326101248,2025,9,Sep,2025-09
2192,2024-12-20,C1036,Central,Furniture,Table Lamp,6,57.11,0.05,325.53,268.31,57.22,0.17577489017909256,2024,12,Dec,2024-12
2193,2024-08-29,C1508,South,Office Supplies,Stapler,7,15.91,0.0,111.37,77.33,34.04,0.30564784053156147,2024,8,Aug,2024-08
2194,2024-04-07,C1133,East,Furniture,Table Lamp,5,53.02,0.15,225.34,183.07,42.27,0.18758320759740837,2024,4,Apr,2024-04
2195,2024-02-21,C1559,East,Furniture,Bookshelf,7,140.47,0.1,884.96,783.9,101.06,0.1141972518531911,2024,2,Feb,2024-02
2196,2024-09-02,C1198,North,Furniture,Table Lamp,2,58.24,0.0,116.48,72.67,43.81,0.37611607142857145,2024,9,Sep,2024-09
2197,2024-08-30,C1435,North,Furniture,Bookshelf,5,137.96,0.1,620.82,548.98,71.84,0.11571792145871589,2024,8,Aug,2024-08
2198,2024-08-20,C1466,East,Office Supplies,Stapler,6,14.56,0.05,82.99,66.48,16.51,0.19893963128087724,2024,8,Aug,2024-08
2199,2024-03-17,C1394,South,Office Supplies,Printer Paper,3,12.95,0.15,33.02,28.58,4.44,0.13446396123561477,2024,3,Mar,2024-03
2200,2024-10-10,C1023,East,Furniture,Desk,3,255.67,0.15,651.96,502.74,149.22,0.2288790723357261,2024,10,Oct,2024-10
2201,2025-10-18,C1163,North,Furniture,Table Lamp,6,53.49,0.1,288.85,233.37,55.48,0.19207200969361257,2025,10,Oct,2025-10
2202,2024-03-21,C1487,Central,Office Supplies,Stapler,5,13.78,0.05,65.45,49.87,15.58,0.23804430863254392,2024,3,Mar,2024-03
2203,2024-09-22,C1558,South,Electronics,Smartphone,1,488.13,0.05,463.72,290.93,172.79,0.3726170965237643,2024,9,Sep,2024-09
2204,2024-11-11,C1445,East,Accessories,USB Hub,1,30.31,0.0,30.31,24.45,5.86,0.1933355328274497,2024,11,Nov,2024-11
2205,2025-07-23,C1419,Central,Furniture,Office Chair,1,173.95,0.0,173.95,103.49,70.46,0.4050589249784421,2025,7,Jul,2025-07
2206,2024-10-31,C1028,North,Furniture,Table Lamp,6,54.22,0.2,260.26,194.79,65.47,0.2515561361715208,2024,10,Oct,2024-10
2207,2024-09-22,C1553,North,Furniture,Bookshelf,7,142.05,0.0,994.35,776.83,217.52,0.21875597123749183,2024,9,Sep,2024-09
2208,2024-07-19,C1432,East,Electronics,Headphones,4,94.33,0.05,358.45,221.08,137.37,0.38323336588087603,2024,7,Jul,2024-07
2209,2024-03-09,C1209,North,Furniture,Desk,7,241.35,0.1,1520.5,1338.62,181.88,0.11961854653074647,2024,3,Mar,2024-03
2210,2024-06-06,C1243,Central,Electronics,Smartphone,1,472.45,0.15,401.58,375.21,26.37,0.0656656207978485,2024,6,Jun,2024-06
2211,2024-05-24,C1561,West,Electronics,Headphones,1,85.83,0.05,81.54,58.67,22.87,0.2804758400784891,2024,5,May,2024-05
2212,2025-07-21,C1047,West,Electronics,Headphones,5,93.07,0.1,418.82,370.54,48.28,0.11527625232796906,2025,7,Jul,2025-07
2213,2024-07-25,C1047,Central,Furniture,Table Lamp,4,54.26,0.0,217.04,137.72,79.32,0.365462587541467,2024,7,Jul,2024-07
2214,2024-07-09,C1322,East,Accessories,USB Hub,5,30.24,0.1,136.08,103.2,32.88,0.24162257495590828,2024,7,Jul,2024-07
2215,2024-03-27,C1534,East,Electronics,Monitor,2,221.0,0.1,397.8,257.18,140.62,0.3534942182001006,2024,3,Mar,2024-03
2216,2024-01-17,C1509,West,Office Supplies,Pen Set,2,10.87,0.05,20.65,17.11,3.54,0.17142857142857143,2024,1,Jan,2024-01
2217,2025-12-12,C1349,East,Electronics,Smartphone,1,477.08,0.0,477.08,377.16,99.92,0.20944076465163075,2025,12,Dec,2025-12
2218,2024-01-21,C1594,West,Furniture,Table Lamp,3,55.17,0.0,165.51,97.94,67.57,0.4082532777475681,2024,1,Jan,2024-01
2219,2025-10-01,C1240,South,Accessories,Keyboard,3,32.64,0.1,88.13,74.05,14.08,0.1597639850221264,2025,10,Oct,2025-10
2220,2024-12-02,C1483,East,Accessories,Mouse,2,22.82,0.0,45.64,35.18,10.46,0.22918492550394393,2024,12,Dec,2024-12
2221,2025-02-04,C1469,South,Office Supplies,Pen Set,2,9.74,0.05,18.51,12.21,6.3,0.3403565640194489,2025,2,Feb,2025-02
2222,2025-02-21,C1207,East,Office Supplies,Stapler,6,14.94,0.05,85.16,56.0,29.16,0.34241427900422733,2025,2,Feb,2025-02
2223,2024-08-20,C1236,Central,Office Supplies,Printer Paper,7,12.52,0.15,74.49,61.86,12.63,0.16955296012887638,2024,8,Aug,2024-08
2224,2024-10-17,C1074,North,Accessories,Mouse,5,26.33,0.1,118.48,99.74,18.74,0.15817015530047263,2024,10,Oct,2024-10
2225,2024-02-24,C1515,South,Office Supplies,Stapler,6,15.27,0.1,82.46,74.48,7.98,0.09677419354838711,2024,2,Feb,2024-02
2226,2025-05-26,C1270,North,Furniture,Office Chair,3,191.73,0.0,575.19,401.9,173.29,0.30127436151532533,2025,5,May,2025-05
2227,2025-10-12,C1274,West,Office Supplies,Stapler,4,16.05,0.2,51.36,41.78,9.58,0.18652647975077882,2025,10,Oct,2025-10
2228,2025-02-13,C1487,North,Electronics,Headphones,1,96.79,0.0,96.79,58.55,38.24,0.39508213658435787,2025,2,Feb,2025-02
2229,2024-08-28,C1299,South,Electronics,Monitor,2,228.95,0.1,412.11,280.61,131.5,0.3190895634660649,2024,8,Aug,2024-08
2230,2025-07-15,C1169,East,Furniture,Bookshelf,7,144.59,0.0,1012.13,714.14,297.99,0.29441870115498997,2025,7,Jul,2025-07
2231,2024-09-22,C1586,West,Accessories,Mouse,1,23.08,0.1,20.77,15.0,5.77,0.2778045257583052,2024,9,Sep,2024-09
2232,2024-11-30,C1500,South,Electronics,Monitor,7,210.56,0.1,1326.53,960.17,366.36,0.27617920439040206,2024,11,Nov,2024-11
2233,2024-03-10,C1140,West,Electronics,Laptop,5,670.98,0.15,2851.66,2207.42,644.24,0.22591753575110637,2024,3,Mar,2024-03
2234,2025-10-26,C1361,West,Office Supplies,Notebook,6,8.07,0.0,48.42,36.42,12.0,0.24783147459727384,2025,10,Oct,2025-10
2235,2024-03-09,C1182,East,Electronics,Laptop,6,659.53,0.0,3957.18,2837.24,1119.94,0.28301467206444997,2024,3,Mar,2024-03
2236,2025-11-16,C1482,East,Electronics,Laptop,6,589.04,0.0,3534.24,2485.24,1049.0,0.2968106297252026,2025,11,Nov,2025-11
2237,2024-11-12,C1428,East,Accessories,USB Hub,7,28.35,0.0,198.45,147.19,51.26,0.25830183925422023,2024,11,Nov,2024-11
2238,2025-07-13,C1034,Central,Electronics,Monitor,3,208.45,0.2,500.28,400.85,99.43,0.19874870072759257,2025,7,Jul,2025-07
2239,2024-12-05,C1419,North,Accessories,Mouse,5,24.26,0.1,109.17,94.26,14.91,0.13657598241275076,2024,12,Dec,2024-12
2240,2025-04-12,C1340,South,Furniture,Desk,1,266.19,0.15,226.26,201.11,25.15,0.11115530805268276,2025,4,Apr,2025-04
2241,2025-03-23,C1092,West,Electronics,Monitor,5,201.94,0.2,807.76,751.15,56.61,0.07008269783103892,2025,3,Mar,2025-03
2242,2025-04-10,C1109,Central,Accessories,Keyboard,1,33.84,0.0,33.84,19.92,13.92,0.41134751773049644,2025,4,Apr,2025-04
2243,2025-02-18,C1526,South,Electronics,Headphones,4,81.7,0.05,310.46,192.28,118.18,0.38066095471236233,2025,2,Feb,2025-02
2244,2025-12-30,C1575,West,Office Supplies,Pen Set,2,10.3,0.15,17.51,13.92,3.59,0.20502569960022843,2025,12,Dec,2025-12
2245,2024-06-02,C1358,East,Electronics,Monitor,5,241.75,0.0,1208.75,749.76,458.99,0.37972285418821095,2024,6,Jun,2024-06
2246,2024-09-08,C1368,South,Electronics,Monitor,7,214.99,0.15,1279.19,894.96,384.23,0.30036976524206727,2024,9,Sep,2024-09
2247,2025-08-18,C1232,East,Office Supplies,Notebook,5,8.32,0.1,37.44,33.7,3.74,0.0998931623931624,2025,8,Aug,2025-08
2248,2024-11-11,C1022,West,Accessories,USB Hub,3,28.41,0.1,76.71,57.03,19.68,0.25655064528744626,2024,11,Nov,2024-11
2249,2024-01-19,C1590,East,Accessories,Keyboard,7,33.09,0.05,220.05,140.01,80.04,0.36373551465576004,2024,1,Jan,2024-01
2250,2024-07-17,C1352,North,Furniture,Desk,3,266.62,0.2,639.89,493.23,146.66,0.22919564300114081,2024,7,Jul,2024-07
2251,2024-06-11,C1333,West,Electronics,Headphones,2,81.08,0.0,162.16,101.37,60.79,0.3748766650222003,2024,6,Jun,2024-06
2252,2024-11-28,C1582,West,Office Supplies,Pen Set,2,9.96,0.05,18.92,12.5,6.42,0.33932346723044393,2024,11,Nov,2024-11
2253,2024-11-05,C1472,North,Accessories,Mouse,1,22.5,0.2,18.0,14.11,3.89,0.21611111111111111,2024,11,Nov,2024-11
2254,2024-05-28,C1258,North,Electronics,Laptop,2,637.62,0.0,1275.24,826.57,448.67,0.3518318120510649,2024,5,May,2024-05
2255,2024-08-04,C1129,West,Furniture,Table Lamp,2,53.7,0.05,102.03,64.82,37.21,0.36469665784573163,2024,8,Aug,2024-08
2256,2025-05-24,C1519,West,Accessories,USB Hub,2,29.26,0.0,58.52,35.86,22.66,0.38721804511278196,2025,5,May,2025-05
2257,2024-02-20,C1044,South,Electronics,Headphones,4,85.3,0.05,324.14,219.42,104.72,0.32307027827481954,2024,2,Feb,2024-02
2258,2025-08-15,C1591,North,Accessories,USB Hub,6,27.46,0.1,148.28,133.11,15.17,0.10230644726193687,2025,8,Aug,2025-08
2259,2024-07-12,C1499,North,Office Supplies,Stapler,5,15.78,0.1,71.01,60.36,10.65,0.14997887621461764,2024,7,Jul,2024-07
2260,2025-06-08,C1441,North,Furniture,Bookshelf,2,128.21,0.2,205.14,181.68,23.46,0.11436092424685582,2025,6,Jun,2025-06
2261,2025-06-25,C1503,East,Office Supplies,Printer Paper,3,11.98,0.1,32.35,28.48,3.87,0.119629057187017,2025,6,Jun,2025-06
2262,2024-08-01,C1474,North,Electronics,Smartphone,2,451.02,0.1,811.84,570.4,241.44,0.29739850216791486,2024,8,Aug,2024-08
2263,2025-08-30,C1559,South,Furniture,Bookshelf,4,144.27,0.05,548.23,425.67,122.56,0.22355580686937965,2025,8,Aug,2025-08
2264,2024-01-03,C1367,South,Furniture,Table Lamp,3,54.92,0.05,156.52,129.42,27.1,0.1731408126756964,2024,1,Jan,2024-01
2265,2025-10-03,C1361,South,Furniture,Bookshelf,4,129.39,0.1,465.8,327.71,138.09,0.29645770717045944,2025,10,Oct,2025-10
2266,2025-10-07,C1443,South,Furniture,Bookshelf,4,140.05,0.05,532.19,408.8,123.39,0.23185328548074932,2025,10,Oct,2025-10
2267,2024-09-19,C1340,West,Furniture,Desk,6,246.66,0.15,1257.97,1172.07,85.9,0.06828461728022131,2024,9,Sep,2024-09
2268,2024-12-17,C1476,West,Electronics,Laptop,2,641.22,0.05,1218.32,967.16,251.16,0.2061527349136516,2024,12,Dec,2024-12
2269,2024-10-24,C1007,South,Electronics,Smartphone,2,459.11,0.0,918.22,661.27,256.95,0.2798348979547385,2024,10,Oct,2024-10
2270,2025-07-09,C1579,West,Furniture,Office Chair,6,183.05,0.1,988.47,675.71,312.76,0.3164081863890659,2025,7,Jul,2025-07
2271,2025-08-27,C1134,South,Electronics,Headphones,5,90.07,0.0,450.35,348.13,102.22,0.2269790163206395,2025,8,Aug,2025-08
2272,2025-01-19,C1056,South,Office Supplies,Printer Paper,2,11.64,0.0,23.28,17.51,5.77,0.24785223367697592,2025,1,Jan,2025-01
2273,2025-09-11,C1405,South,Office Supplies,Notebook,1,7.23,0.0,7.23,5.44,1.79,0.24757952973720607,2025,9,Sep,2025-09
2274,2025-09-02,C1227,West,Electronics,Smartphone,4,467.15,0.1,1681.74,1280.14,401.6,0.2388002901756514,2025,9,Sep,2025-09
2275,2024-07-11,C1013,East,Office Supplies,Pen Set,4,9.9,0.1,35.64,27.35,8.29,0.23260381593714924,2024,7,Jul,2024-07
2276,2025-01-24,C1222,South,Electronics,Monitor,3,222.88,0.1,601.78,424.07,177.71,0.29530725514307554,2025,1,Jan,2025-01
2277,2024-03-21,C1474,West,Accessories,Keyboard,5,36.06,0.2,144.24,113.98,30.26,0.20978924015529674,2024,3,Mar,2024-03
2278,2024-09-13,C1189,West,Electronics,Smartphone,6,464.83,0.1,2510.08,1696.46,813.62,0.32414106323304437,2024,9,Sep,2024-09
2279,2024-06-26,C1163,South,Office Supplies,Printer Paper,6,11.15,0.1,60.21,50.95,9.26,0.15379505065603719,2024,6,Jun,2024-06
2280,2024-10-02,C1316,West,Electronics,Laptop,3,660.81,0.05,1883.31,1168.2,715.11,0.3797091291396531,2024,10,Oct,2024-10
2281,2024-08-30,C1471,East,Accessories,Keyboard,1,32.63,0.1,29.37,26.6,2.77,0.09431392577459993,2024,8,Aug,2024-08
2282,2025-05-12,C1348,North,Office Supplies,Stapler,2,14.38,0.1,25.88,20.06,5.82,0.22488408037094285,2025,5,May,2025-05
2283,2025-06-21,C1147,West,Furniture,Bookshelf,2,141.55,0.05,268.94,173.79,95.15,0.35379638581096157,2025,6,Jun,2025-06
2284,2025-11-18,C1140,East,Accessories,USB Hub,6,27.82,0.1,150.23,99.44,50.79,0.33808160820075883,2025,11,Nov,2025-11
2285,2024-04-24,C1071,West,Electronics,Smartphone,6,499.89,0.0,2999.34,1790.24,1209.1,0.4031220201777724,2024,4,Apr,2024-04
2286,2025-07-04,C1544,Central,Office Supplies,Printer Paper,3,11.96,0.0,35.88,24.31,11.57,0.322463768115942,2025,7,Jul,2025-07
2287,2024-05-05,C1448,Central,Furniture,Office Chair,2,179.33,0.05,340.73,235.45,105.28,0.30898365274557565,2024,5,May,2024-05
2288,2025-12-20,C1186,East,Electronics,Laptop,5,653.76,0.0,3268.8,2223.43,1045.37,0.3198023739598629,2025,12,Dec,2025-12
2289,2025-01-09,C1377,East,Accessories,Backpack,5,43.99,0.0,219.95,135.26,84.69,0.3850420550125028,2025,1,Jan,2025-01
2290,2024-03-13,C1143,North,Furniture,Table Lamp,7,49.71,0.05,330.57,284.13,46.44,0.14048461747890006,2024,3,Mar,2024-03
2291,2025-08-04,C1437,West,Electronics,Smartphone,5,445.02,0.1,2002.59,1398.7,603.89,0.30155448693941345,2025,8,Aug,2025-08
2292,2025-12-18,C1289,West,Electronics,Headphones,3,93.6,0.15,238.68,172.88,65.8,0.2756829227417463,2025,12,Dec,2025-12
2293,2024-09-15,C1136,South,Furniture,Office Chair,1,175.91,0.0,175.91,105.65,70.26,0.39940878858507195,2024,9,Sep,2024-09
2294,2025-08-21,C1131,North,Electronics,Headphones,6,91.57,0.15,467.01,402.38,64.63,0.138391040877069,2025,8,Aug,2025-08
2295,2025-10-31,C1442,West,Accessories,Keyboard,2,32.78,0.15,55.73,47.37,8.36,0.15000897182845863,2025,10,Oct,2025-10
2296,2025-11-26,C1133,East,Furniture,Table Lamp,1,59.43,0.0,59.43,43.46,15.97,0.2687195019350497,2025,11,Nov,2025-11
2297,2024-01-05,C1270,South,Office Supplies,Printer Paper,5,10.95,0.05,52.01,33.58,18.43,0.35435493174389543,2024,1,Jan,2024-01
2298,2024-04-17,C1395,West,Electronics,Monitor,2,232.85,0.1,419.13,291.37,127.76,0.30482189296876866,2024,4,Apr,2024-04
2299,2024-03-31,C1496,Central,Furniture,Table Lamp,1,54.65,0.05,51.92,43.58,8.34,0.1606317411402157,2024,3,Mar,2024-03
2300,2024-12-05,C1365,Central,Electronics,Laptop,3,631.96,0.15,1611.5,1335.6,275.9,0.17120695004654046,2024,12,Dec,2024-12
2301,2024-08-27,C1389,East,Accessories,Backpack,6,47.63,0.1,257.2,199.64,57.56,0.22379471228615866,2024,8,Aug,2024-08
2302,2025-08-05,C1149,West,Furniture,Desk,7,234.67,0.05,1560.56,1256.54,304.02,0.1948146819090583,2025,8,Aug,2025-08
2303,2024-07-12,C1499,West,Furniture,Table Lamp,1,58.96,0.1,53.06,47.54,5.52,0.10403316999623068,2024,7,Jul,2024-07
2304,2025-03-11,C1132,West,Office Supplies,Notebook,3,8.45,0.1,22.82,20.34,2.48,0.10867659947414549,2025,3,Mar,2025-03
2305,2025-01-27,C1152,East,Electronics,Headphones,2,81.5,0.1,146.7,96.77,49.93,0.34035446489434223,2025,1,Jan,2025-01
2306,2024-08-09,C1374,East,Electronics,Smartphone,1,502.35,0.15,427.0,365.53,61.47,0.14395784543325527,2024,8,Aug,2024-08
2307,2024-02-21,C1585,North,Accessories,Backpack,6,42.76,0.15,218.08,201.65,16.43,0.07533932501834188,2024,2,Feb,2024-02
2308,2024-09-17,C1025,West,Office Supplies,Printer Paper,4,12.81,0.0,51.24,39.27,11.97,0.2336065573770492,2024,9,Sep,2024-09
2309,2024-03-12,C1012,North,Furniture,Desk,1,237.89,0.05,226.0,165.1,60.9,0.26946902654867255,2024,3,Mar,2024-03
2310,2024-01-11,C1067,East,Electronics,Monitor,3,214.23,0.1,578.42,483.07,95.35,0.1648456139137651,2024,1,Jan,2024-01
2311,2025-09-05,C1039,East,Accessories,USB Hub,2,30.65,0.0,61.3,49.52,11.78,0.19216965742251224,2025,9,Sep,2025-09
2312,2024-01-11,C1165,East,Office Supplies,Printer Paper,7,12.9,0.1,81.27,68.55,12.72,0.156515319306017,2024,1,Jan,2024-01
2313,2025-03-12,C1293,East,Furniture,Table Lamp,2,54.87,0.0,109.74,85.32,24.42,0.2225259704756698,2025,3,Mar,2025-03
2314,2025-04-19,C1539,North,Electronics,Laptop,2,590.98,0.0,1181.96,934.36,247.6,0.20948255440116414,2025,4,Apr,2025-04
2315,2025-06-02,C1422,West,Electronics,Laptop,6,610.03,0.15,3111.15,2746.07,365.08,0.11734567603619239,2025,6,Jun,2025-06
2316,2025-11-08,C1212,East,Electronics,Smartphone,3,441.26,0.15,1125.21,1040.02,85.19,0.07571031185289856,2025,11,Nov,2025-11
2317,2024-07-21,C1592,East,Furniture,Office Chair,2,187.65,0.1,337.77,228.07,109.7,0.3247772152648252,2024,7,Jul,2024-07
2318,2025-05-10,C1075,East,Office Supplies,Pen Set,2,9.56,0.1,17.21,13.42,3.79,0.22022080185938406,2025,5,May,2025-05
2319,2025-07-10,C1253,West,Electronics,Smartphone,7,447.05,0.2,2503.48,2455.59,47.89,0.019129371914295302,2025,7,Jul,2025-07
2320,2024-08-07,C1231,North,Electronics,Smartphone,5,509.67,0.15,2166.1,1825.32,340.78,0.15732422325839066,2024,8,Aug,2024-08
2321,2024-04-11,C1031,West,Office Supplies,Pen Set,4,9.32,0.05,35.42,25.19,10.23,0.2888198757763975,2024,4,Apr,2024-04
2322,2025-03-31,C1089,North,Office Supplies,Notebook,1,7.51,0.0,7.51,6.14,1.37,0.18242343541944075,2025,3,Mar,2025-03
2323,2024-07-13,C1322,East,Electronics,Monitor,4,212.37,0.05,807.01,542.22,264.79,0.32811241496387905,2024,7,Jul,2024-07
2324,2025-10-29,C1289,North,Office Supplies,Printer Paper,7,11.62,0.0,81.34,57.22,24.12,0.2965330710597492,2025,10,Oct,2025-10
2325,2025-05-23,C1407,North,Electronics,Laptop,7,683.23,0.0,4782.61,3234.71,1547.9,0.3236517299131646,2025,5,May,2025-05
2326,2024-05-03,C1491,West,Furniture,Table Lamp,4,54.02,0.05,205.28,126.52,78.76,0.3836710833982853,2024,5,May,2024-05
2327,2025-03-13,C1462,Central,Electronics,Monitor,4,230.5,0.05,875.9,599.8,276.1,0.31521863226395713,2025,3,Mar,2025-03
2328,2024-06-29,C1525,South,Office Supplies,Printer Paper,5,11.19,0.0,55.95,41.05,14.9,0.26630920464700625,2024,6,Jun,2024-06
2329,2024-12-04,C1430,South,Office Supplies,Stapler,3,16.35,0.05,46.6,30.69,15.91,0.3414163090128755,2024,12,Dec,2024-12
2330,2025-12-25,C1518,North,Furniture,Desk,7,262.9,0.0,1840.3,1424.2,416.1,0.22610443949356085,2025,12,Dec,2025-12
2331,2025-01-11,C1309,East,Electronics,Laptop,3,640.78,0.1,1730.11,1123.08,607.03,0.3508620839137396,2025,1,Jan,2025-01
2332,2025-03-11,C1263,South,Electronics,Headphones,3,86.0,0.0,258.0,205.26,52.74,0.2044186046511628,2025,3,Mar,2025-03
2333,2024-03-10,C1482,South,Office Supplies,Printer Paper,3,11.88,0.0,35.64,25.9,9.74,0.2732884399551066,2024,3,Mar,2024-03
2334,2025-12-15,C1296,West,Accessories,Keyboard,2,33.08,0.0,66.16,53.58,12.58,0.19014510278113664,2025,12,Dec,2025-12
2335,2025-07-23,C1600,North,Office Supplies,Notebook,2,8.61,0.0,17.22,10.66,6.56,0.38095238095238093,2025,7,Jul,2025-07
2336,2024-06-27,C1269,West,Electronics,Laptop,1,695.34,0.1,625.81,441.66,184.15,0.29425864080152125,2024,6,Jun,2024-06
2337,2024-12-29,C1290,West,Furniture,Bookshelf,1,132.1,0.1,118.89,82.22,36.67,0.3084363697535537,2024,12,Dec,2024-12
2338,2025-01-30,C1422,West,Electronics,Headphones,4,89.49,0.0,357.96,244.44,113.52,0.3171304056319142,2025,1,Jan,2025-01
2339,2024-12-01,C1259,North,Furniture,Bookshelf,5,136.95,0.1,616.28,491.32,124.96,0.20276497695852536,2024,12,Dec,2024-12
2340,2025-04-21,C1506,North,Electronics,Monitor,4,236.64,0.1,851.9,691.91,159.99,0.1878037328324921,2025,4,Apr,2025-04
2341,2024-03-26,C1559,West,Accessories,USB Hub,6,29.98,0.0,179.88,108.22,71.66,0.39837669557482763,2024,3,Mar,2024-03
2342,2025-12-30,C1547,South,Electronics,Headphones,3,82.47,0.0,247.41,161.22,86.19,0.3483691039165757,2025,12,Dec,2025-12
2343,2025-05-04,C1163,East,Electronics,Laptop,2,621.32,0.2,994.11,938.9,55.21,0.05553711359909869,2025,5,May,2025-05
2344,2024-11-13,C1250,South,Electronics,Laptop,3,622.86,0.05,1775.15,1445.91,329.24,0.18547165028307466,2024,11,Nov,2024-11
2345,2024-12-01,C1216,South,Accessories,Mouse,2,22.94,0.05,43.59,33.4,10.19,0.23376921312227572,2024,12,Dec,2024-12
2346,2024-11-30,C1330,West,Electronics,Smartphone,7,515.72,0.0,3610.04,2541.46,1068.58,0.29600226036276606,2024,11,Nov,2024-11
2347,2025-07-16,C1257,North,Furniture,Desk,3,251.52,0.0,754.56,509.66,244.9,0.32456000848176425,2025,7,Jul,2025-07
2348,2025-08-20,C1395,North,Office Supplies,Pen Set,5,9.42,0.0,47.1,31.5,15.6,0.33121019108280253,2025,8,Aug,2025-08
2349,2025-09-19,C1489,Central,Electronics,Headphones,1,94.95,0.15,80.71,61.08,19.63,0.24321645397100733,2025,9,Sep,2025-09
2350,2025-08-15,C1162,North,Electronics,Headphones,1,94.59,0.15,80.4,66.6,13.8,0.17164179104477612,2025,8,Aug,2025-08
2351,2024-01-19,C1451,North,Electronics,Monitor,1,229.24,0.1,206.32,173.51,32.81,0.15902481582008532,2024,1,Jan,2024-01
2352,2025-02-19,C1013,West,Electronics,Headphones,6,97.01,0.1,523.85,437.72,86.13,0.16441729502720243,2025,2,Feb,2025-02
2353,2025-12-31,C1213,North,Accessories,Backpack,1,46.35,0.15,39.4,33.22,6.18,0.15685279187817258,2025,12,Dec,2025-12
2354,2024-10-05,C1113,Central,Electronics,Headphones,7,85.88,0.0,601.16,380.16,221.0,0.36762259631379335,2024,10,Oct,2024-10
2355,2024-06-12,C1207,East,Electronics,Laptop,2,599.4,0.2,959.04,783.06,175.98,0.183495995995996,2024,6,Jun,2024-06
2356,2024-03-21,C1050,West,Furniture,Bookshelf,7,131.12,0.1,826.06,628.99,197.07,0.23856620584461177,2024,3,Mar,2024-03
2357,2024-10-06,C1288,East,Electronics,Headphones,5,94.29,0.0,471.45,327.68,143.77,0.30495280517552237,2024,10,Oct,2024-10
2358,2025-01-29,C1098,South,Electronics,Headphones,7,87.62,0.1,552.01,459.53,92.48,0.1675331968623757,2025,1,Jan,2025-01
2359,2024-04-25,C1533,West,Accessories,Backpack,5,47.89,0.1,215.5,175.99,39.51,0.18334106728538282,2024,4,Apr,2024-04
2360,2025-09-30,C1330,East,Office Supplies,Pen Set,1,9.68,0.0,9.68,7.78,1.9,0.19628099173553717,2025,9,Sep,2025-09
2361,2024-03-03,C1229,North,Office Supplies,Printer Paper,6,12.59,0.15,64.21,47.59,16.62,0.25883818719825574,2024,3,Mar,2024-03
2362,2024-09-06,C1186,Central,Electronics,Headphones,4,82.73,0.05,314.37,211.6,102.77,0.32690778382161145,2024,9,Sep,2024-09
2363,2025-10-12,C1232,West,Accessories,Backpack,2,46.58,0.1,83.84,68.0,15.84,0.18893129770992365,2025,10,Oct,2025-10
2364,2024-10-23,C1110,East,Office Supplies,Stapler,6,16.08,0.05,91.66,67.36,24.3,0.2651101898319878,2024,10,Oct,2024-10
2365,2025-07-23,C1452,North,Office Supplies,Printer Paper,4,13.18,0.2,42.18,42.17,0.01,0.0002370791844476055,2025,7,Jul,2025-07
2366,2024-03-19,C1180,Central,Accessories,Mouse,5,24.9,0.1,112.05,75.39,36.66,0.32717536813922354,2024,3,Mar,2024-03
2367,2025-01-15,C1163,Central,Furniture,Office Chair,7,164.96,0.05,1096.98,916.95,180.03,0.16411420445222338,2025,1,Jan,2025-01
2368,2024-02-09,C1193,Central,Office Supplies,Stapler,6,14.57,0.1,78.68,66.8,11.88,0.15099135739705136,2024,2,Feb,2024-02
2369,2024-09-09,C1450,West,Furniture,Bookshelf,6,129.61,0.15,661.01,500.56,160.45,0.242734603107366,2024,9,Sep,2024-09
2370,2025-06-22,C1351,East,Furniture,Office Chair,4,195.64,0.05,743.43,482.02,261.41,0.35162691847248567,2025,6,Jun,2025-06
2371,2024-11-18,C1432,Central,Furniture,Bookshelf,5,148.54,0.05,705.56,605.63,99.93,0.14163217869493738,2024,11,Nov,2024-11
2372,2025-07-21,C1425,West,Accessories,Backpack,1,49.06,0.0,49.06,31.7,17.36,0.3538524256013045,2025,7,Jul,2025-07
2373,2025-06-24,C1146,North,Office Supplies,Pen Set,4,9.76,0.0,39.04,28.48,10.56,0.27049180327868855,2025,6,Jun,2025-06
2374,2025-01-14,C1560,South,Furniture,Desk,1,238.43,0.05,226.51,140.95,85.56,0.37773166747604964,2025,1,Jan,2025-01
2375,2024-09-30,C1438,East,Accessories,Mouse,6,26.62,0.15,135.76,95.65,40.11,0.295447849145551,2024,9,Sep,2024-09
2376,2024-06-17,C1133,North,Accessories,Mouse,4,23.47,0.05,89.19,68.22,20.97,0.23511604439959635,2024,6,Jun,2024-06
2377,2024-09-30,C1384,East,Office Supplies,Pen Set,7,9.87,0.0,69.09,42.54,26.55,0.3842813721233174,2024,9,Sep,2024-09
2378,2024-12-29,C1201,Central,Accessories,Mouse,2,23.07,0.05,43.83,36.0,7.83,0.17864476386036962,2024,12,Dec,2024-12
2379,2025-11-15,C1581,South,Office Supplies,Stapler,4,15.48,0.1,55.73,46.82,8.91,0.1598779831329625,2025,11,Nov,2025-11
2380,2024-01-23,C1166,South,Electronics,Laptop,1,586.71,0.1,528.04,384.76,143.28,0.2713430800696917,2024,1,Jan,2024-01
2381,2024-05-29,C1077,West,Office Supplies,Pen Set,5,10.28,0.1,46.26,41.7,4.56,0.09857328145265888,2024,5,May,2024-05
2382,2024-08-24,C1214,North,Electronics,Monitor,1,205.86,0.15,174.98,123.47,51.51,0.2943765001714482,2024,8,Aug,2024-08
2383,2024-03-10,C1219,West,Office Supplies,Pen Set,6,10.59,0.0,63.54,50.87,12.67,0.19940195152659743,2024,3,Mar,2024-03
2384,2025-05-27,C1479,Central,Office Supplies,Notebook,1,8.1,0.0,8.1,5.55,2.55,0.3148148148148148,2025,5,May,2025-05
2385,2024-11-11,C1397,West,Electronics,Monitor,7,222.67,0.1,1402.82,1191.61,211.21,0.15056101281703999,2024,11,Nov,2024-11
2386,2025-07-16,C1291,West,Furniture,Table Lamp,4,60.39,0.1,217.4,187.61,29.79,0.13702851885924563,2025,7,Jul,2025-07
2387,2024-12-14,C1158,East,Office Supplies,Stapler,1,14.35,0.1,12.92,8.96,3.96,0.3065015479876161,2024,12,Dec,2024-12
2388,2024-11-23,C1241,West,Electronics,Laptop,6,597.91,0.0,3587.46,2684.93,902.53,0.2515791116834752,2024,11,Nov,2024-11
2389,2025-03-10,C1569,West,Accessories,Backpack,5,44.88,0.0,224.4,169.68,54.72,0.24385026737967913,2025,3,Mar,2025-03
2390,2025-09-22,C1387,South,Electronics,Monitor,6,199.12,0.2,955.78,890.79,64.99,0.06799681935173366,2025,9,Sep,2025-09
2391,2024-09-12,C1031,North,Electronics,Monitor,5,241.76,0.05,1148.36,829.44,318.92,0.2777177888467032,2024,9,Sep,2024-09
2392,2024-03-11,C1030,West,Accessories,Keyboard,7,33.84,0.1,213.19,141.06,72.13,0.33833669496693086,2024,3,Mar,2024-03
2393,2024-02-28,C1160,North,Electronics,Laptop,3,693.04,0.05,1975.16,1255.24,719.92,0.36448692764130497,2024,2,Feb,2024-02
2394,2024-08-22,C1160,South,Furniture,Office Chair,1,178.99,0.0,178.99,113.92,65.07,0.36353986256215426,2024,8,Aug,2024-08
2395,2024-10-16,C1329,North,Office Supplies,Notebook,7,8.21,0.05,54.6,44.12,10.48,0.19194139194139195,2024,10,Oct,2024-10
2396,2025-06-30,C1507,South,Electronics,Headphones,2,85.75,0.2,137.2,103.08,34.12,0.24868804664723032,2025,6,Jun,2025-06
2397,2024-03-06,C1017,Central,Furniture,Office Chair,3,191.83,0.2,460.39,351.96,108.43,0.23551771324311999,2024,3,Mar,2024-03
2398,2024-09-17,C1199,East,Furniture,Bookshelf,5,128.29,0.15,545.23,474.97,70.26,0.1288630486216826,2024,9,Sep,2024-09
2399,2025-08-25,C1351,West,Furniture,Desk,6,252.34,0.1,1362.64,966.35,396.29,0.2908251629190395,2025,8,Aug,2025-08
2400,2024-03-06,C1306,East,Office Supplies,Printer Paper,4,11.67,0.05,44.35,36.7,7.65,0.17249154453213078,2024,3,Mar,2024-03
2401,2025-01-26,C1541,East,Office Supplies,Notebook,4,8.41,0.1,30.28,22.12,8.16,0.26948480845442535,2025,1,Jan,2025-01
2402,2024-12-23,C1300,South,Electronics,Laptop,5,680.83,0.0,3404.15,2699.5,704.65,0.20699734148025203,2024,12,Dec,2024-12
2403,2025-11-06,C1017,South,Office Supplies,Stapler,4,15.73,0.1,56.63,42.66,13.97,0.24668903408087586,2025,11,Nov,2025-11
2404,2025-07-28,C1415,South,Accessories,Keyboard,3,36.76,0.0,110.28,82.55,27.73,0.25145085237577075,2025,7,Jul,2025-07
2405,2025-11-19,C1355,West,Furniture,Office Chair,5,190.03,0.1,855.14,769.18,85.96,0.10052155202656875,2025,11,Nov,2025-11
2406,2024-06-09,C1195,South,Accessories,Backpack,7,41.07,0.15,244.37,210.06,34.31,0.14040184965421287,2024,6,Jun,2024-06
2407,2025-06-08,C1398,East,Electronics,Laptop,1,666.93,0.0,666.93,444.29,222.64,0.3338281378855352,2025,6,Jun,2025-06
2408,2025-04-03,C1428,South,Electronics,Laptop,7,677.32,0.1,4267.12,3473.62,793.5,0.18595680458951236,2025,4,Apr,2025-04
2409,2025-02-28,C1244,South,Accessories,Mouse,2,25.09,0.1,45.16,29.24,15.92,0.35252435783879543,2025,2,Feb,2025-02
2410,2025-05-19,C1179,North,Office Supplies,Printer Paper,5,11.29,0.0,56.45,43.26,13.19,0.2336581045172719,2025,5,May,2025-05
2411,2024-10-19,C1406,East,Electronics,Laptop,5,675.5,0.1,3039.75,2026.62,1013.13,0.3332938564026647,2024,10,Oct,2024-10
2412,2025-04-11,C1479,South,Electronics,Monitor,2,214.48,0.1,386.06,316.14,69.92,0.1811117442884526,2025,4,Apr,2025-04
2413,2024-03-21,C1130,East,Electronics,Monitor,3,214.37,0.05,610.95,385.72,225.23,0.3686553727800965,2024,3,Mar,2024-03
2414,2024-03-08,C1230,North,Accessories,USB Hub,1,28.3,0.15,24.06,22.06,2.0,0.0831255195344971,2024,3,Mar,2024-03
2415,2024-06-08,C1351,Central,Furniture,Desk,5,269.7,0.1,1213.65,853.43,360.22,0.29680715197956575,2024,6,Jun,2024-06
2416,2024-05-26,C1375,East,Furniture,Table Lamp,1,59.85,0.0,59.85,45.49,14.36,0.23993316624895572,2024,5,May,2024-05
2417,2025-02-07,C1598,West,Office Supplies,Pen Set,7,9.93,0.0,69.51,54.38,15.13,0.21766652280247445,2025,2,Feb,2025-02
2418,2025-12-12,C1045,North,Accessories,USB Hub,1,32.4,0.05,30.78,22.72,8.06,0.2618583495776478,2025,12,Dec,2025-12
2419,2025-04-13,C1277,Central,Electronics,Smartphone,4,508.49,0.1,1830.56,1546.56,284.0,0.15514378113801242,2025,4,Apr,2025-04
2420,2024-06-04,C1092,Central,Office Supplies,Notebook,3,8.31,0.05,23.68,19.6,4.08,0.1722972972972973,2024,6,Jun,2024-06
2421,2025-03-31,C1137,South,Electronics,Laptop,2,622.08,0.2,995.33,762.34,232.99,0.23408316839641125,2025,3,Mar,2025-03
2422,2025-10-14,C1052,East,Furniture,Desk,7,263.44,0.1,1659.67,1185.48,474.19,0.2857134249579736,2025,10,Oct,2025-10
2423,2025-08-15,C1037,East,Office Supplies,Notebook,3,8.47,0.1,22.87,14.91,7.96,0.34805421950153037,2025,8,Aug,2025-08
2424,2024-02-14,C1566,West,Furniture,Office Chair,5,180.3,0.0,901.5,662.85,238.65,0.26472545757071547,2024,2,Feb,2024-02
2425,2025-08-03,C1061,Central,Electronics,Smartphone,4,497.39,0.0,1989.56,1331.9,657.66,0.33055549970847825,2025,8,Aug,2025-08
2426,2025-09-06,C1301,Central,Electronics,Laptop,7,605.55,0.2,3391.08,3141.62,249.46,0.07356358446276703,2025,9,Sep,2025-09
2427,2024-01-17,C1284,West,Furniture,Table Lamp,4,60.49,0.05,229.86,165.65,64.21,0.2793439484903854,2024,1,Jan,2024-01
2428,2025-08-28,C1175,North,Electronics,Monitor,3,211.79,0.2,508.3,506.13,2.17,0.0042691324021247295,2025,8,Aug,2025-08
2429,2025-04-13,C1373,North,Furniture,Desk,7,245.5,0.0,1718.5,1184.67,533.83,0.3106371835903404,2025,4,Apr,2025-04
2430,2025-04-12,C1222,North,Accessories,Mouse,3,26.16,0.05,74.56,60.21,14.35,0.19246244635193133,2025,4,Apr,2025-04
2431,2024-07-02,C1399,West,Electronics,Laptop,5,641.89,0.05,3048.98,2520.42,528.56,0.17335633556140084,2024,7,Jul,2024-07
2432,2025-07-04,C1318,South,Office Supplies,Printer Paper,6,12.99,0.05,74.04,55.62,18.42,0.2487844408427877,2025,7,Jul,2025-07
2433,2024-04-07,C1041,Central,Electronics,Monitor,5,230.58,0.1,1037.61,880.34,157.27,0.15156947215235014,2024,4,Apr,2024-04
2434,2024-03-31,C1476,West,Furniture,Office Chair,2,167.4,0.05,318.06,220.68,97.38,0.30616864742501415,2024,3,Mar,2024-03
2435,2025-09-29,C1361,West,Electronics,Laptop,1,644.71,0.1,580.24,394.86,185.38,0.3194884875224045,2025,9,Sep,2025-09
2436,2025-06-13,C1052,South,Office Supplies,Pen Set,4,10.52,0.15,35.77,26.29,9.48,0.26502655856863294,2025,6,Jun,2025-06
2437,2025-05-02,C1199,West,Office Supplies,Stapler,5,14.21,0.0,71.05,47.45,23.6,0.3321604503870514,2025,5,May,2025-05
2438,2024-11-18,C1366,South,Electronics,Laptop,4,621.27,0.1,2236.57,1527.41,709.16,0.3170748065117568,2024,11,Nov,2024-11
2439,2024-08-26,C1075,East,Furniture,Bookshelf,7,142.44,0.05,947.23,714.69,232.54,0.24549475840081078,2024,8,Aug,2024-08
2440,2024-04-07,C1342,West,Electronics,Laptop,6,649.29,0.1,3506.17,3113.15,393.02,0.1120938231745751,2024,4,Apr,2024-04
2441,2024-08-26,C1288,West,Electronics,Headphones,7,83.92,0.05,558.07,458.77,99.3,0.17793466769401686,2024,8,Aug,2024-08
2442,2024-01-08,C1448,North,Furniture,Desk,7,250.81,0.15,1492.32,1203.4,288.92,0.1936045888281334,2024,1,Jan,2024-01
2443,2025-02-13,C1046,South,Office Supplies,Stapler,2,15.47,0.05,29.39,21.74,7.65,0.2602926165362368,2025,2,Feb,2025-02
2444,2025-05-02,C1321,South,Office Supplies,Stapler,4,14.6,0.0,58.4,37.01,21.39,0.36626712328767125,2025,5,May,2025-05
2445,2025-08-29,C1260,South,Electronics,Laptop,3,687.32,0.1,1855.76,1504.6,351.16,0.18922705522265812,2025,8,Aug,2025-08
2446,2024-08-24,C1011,East,Electronics,Headphones,3,88.23,0.15,224.99,187.09,37.9,0.16845193119694207,2024,8,Aug,2024-08
2447,2024-09-13,C1034,East,Office Supplies,Notebook,6,8.75,0.2,42.0,34.84,7.16,0.17047619047619048,2024,9,Sep,2024-09
2448,2024-10-14,C1213,East,Accessories,Backpack,3,49.19,0.05,140.19,119.13,21.06,0.15022469505670874,2024,10,Oct,2024-10
2449,2024-12-15,C1487,Central,Electronics,Smartphone,5,527.1,0.1,2371.95,1562.69,809.26,0.3411791985497165,2024,12,Dec,2024-12
2450,2024-11-16,C1327,West,Accessories,Mouse,7,23.78,0.0,166.46,130.62,35.84,0.21530698065601347,2024,11,Nov,2024-11
2451,2025-06-28,C1348,South,Electronics,Headphones,3,87.48,0.1,236.2,205.56,30.64,0.12972057578323457,2025,6,Jun,2025-06
2452,2025-04-25,C1097,North,Furniture,Bookshelf,4,153.08,0.15,520.47,422.88,97.59,0.18750360251311315,2025,4,Apr,2025-04
2453,2025-07-16,C1590,West,Accessories,USB Hub,5,31.28,0.0,156.4,110.81,45.59,0.29149616368286446,2025,7,Jul,2025-07
2454,2025-11-23,C1134,Central,Accessories,Keyboard,7,35.55,0.1,223.96,194.11,29.85,0.13328272905876049,2025,11,Nov,2025-11
2455,2024-06-05,C1052,North,Office Supplies,Printer Paper,6,12.99,0.0,77.94,56.86,21.08,0.2704644598409032,2024,6,Jun,2024-06
2456,2025-07-14,C1479,East,Accessories,Mouse,6,27.08,0.0,162.48,109.37,53.11,0.3268709995076317,2025,7,Jul,2025-07
2457,2025-02-07,C1259,West,Electronics,Laptop,3,643.38,0.15,1640.62,1435.27,205.35,0.1251660957442918,2025,2,Feb,2025-02
2458,2025-11-19,C1029,North,Electronics,Smartphone,3,441.97,0.1,1193.32,1041.88,151.44,0.1269064458820769,2025,11,Nov,2025-11
2459,2024-06-27,C1317,Central,Office Supplies,Notebook,5,7.73,0.05,36.72,30.62,6.1,0.16612200435729846,2024,6,Jun,2024-06
2460,2025-11-23,C1334,North,Electronics,Laptop,7,687.7,0.1,4332.51,3892.64,439.87,0.10152775181130569,2025,11,Nov,2025-11
2461,2024-03-17,C1313,West,Furniture,Office Chair,7,191.62,0.0,1341.34,829.37,511.97,0.3816854787004041,2024,3,Mar,2024-03
2462,2024-04-14,C1292,North,Electronics,Smartphone,3,521.75,0.0,1565.25,1279.41,285.84,0.18261619549592714,2024,4,Apr,2024-04
2463,2024-03-06,C1530,Central,Electronics,Monitor,5,218.69,0.0,1093.45,667.47,425.98,0.3895742832319722,2024,3,Mar,2024-03
2464,2025-02-05,C1056,North,Electronics,Smartphone,3,473.02,0.15,1206.2,966.88,239.32,0.19840822417509532,2025,2,Feb,2025-02
2465,2025-09-22,C1533,West,Accessories,USB Hub,6,31.89,0.0,191.34,139.46,51.88,0.27114037838402844,2025,9,Sep,2025-09
2466,2025-03-23,C1385,North,Furniture,Office Chair,4,166.54,0.0,666.16,422.21,243.95,0.3662033145190345,2025,3,Mar,2025-03
2467,2025-12-12,C1433,East,Furniture,Table Lamp,6,54.56,0.1,294.62,218.99,75.63,0.25670355033602604,2025,12,Dec,2025-12
2468,2024-05-24,C1001,East,Electronics,Smartphone,3,463.88,0.1,1252.48,1030.63,221.85,0.1771285769034236,2024,5,May,2024-05
2469,2025-11-15,C1050,South,Accessories,Mouse,3,26.91,0.2,64.58,57.74,6.84,0.10591514400743264,2025,11,Nov,2025-11
2470,2024-03-01,C1033,West,Office Supplies,Notebook,4,8.76,0.1,31.54,20.81,10.73,0.34020291693088145,2024,3,Mar,2024-03
2471,2025-10-16,C1237,East,Office Supplies,Printer Paper,5,11.41,0.1,51.34,46.07,5.27,0.10264900662251654,2025,10,Oct,2025-10
2472,2024-07-30,C1196,North,Furniture,Desk,6,249.62,0.1,1347.95,1075.46,272.49,0.20215141511183649,2024,7,Jul,2024-07
2473,2025-08-22,C1179,North,Electronics,Monitor,6,206.36,0.05,1176.25,947.74,228.51,0.19426992561105205,2025,8,Aug,2025-08
2474,2025-04-28,C1215,South,Electronics,Smartphone,2,440.07,0.05,836.13,511.55,324.58,0.3881932235417937,2025,4,Apr,2025-04
2475,2025-07-11,C1022,South,Electronics,Monitor,6,230.31,0.05,1312.77,1113.39,199.38,0.15187732809250667,2025,7,Jul,2025-07
2476,2024-03-14,C1035,North,Accessories,Keyboard,7,34.1,0.1,214.83,176.82,38.01,0.17693059628543498,2024,3,Mar,2024-03
2477,2025-03-19,C1282,North,Furniture,Table Lamp,3,59.64,0.05,169.97,124.41,45.56,0.2680473024651409,2025,3,Mar,2025-03
2478,2025-11-05,C1193,Central,Electronics,Headphones,2,88.75,0.0,177.5,130.85,46.65,0.2628169014084507,2025,11,Nov,2025-11
2479,2024-06-13,C1219,East,Furniture,Desk,5,238.5,0.05,1132.88,779.76,353.12,0.31170115104865476,2024,6,Jun,2024-06
2480,2024-01-09,C1503,North,Electronics,Headphones,3,89.9,0.1,242.73,158.28,84.45,0.3479174391298974,2024,1,Jan,2024-01
2481,2024-07-02,C1244,East,Furniture,Desk,3,280.77,0.1,758.08,642.71,115.37,0.1521871042634023,2024,7,Jul,2024-07
2482,2025-07-16,C1243,East,Office Supplies,Notebook,4,8.71,0.05,33.1,23.85,9.25,0.2794561933534743,2025,7,Jul,2025-07
2483,2025-07-06,C1447,North,Office Supplies,Printer Paper,6,13.13,0.05,74.84,48.14,26.7,0.3567610903260288,2025,7,Jul,2025-07
2484,2024-12-13,C1059,South,Accessories,Mouse,7,24.44,0.15,145.42,134.16,11.26,0.07743088983633613,2024,12,Dec,2024-12
2485,2024-03-28,C1555,North,Office Supplies,Stapler,6,14.01,0.05,79.86,49.2,30.66,0.38392186326070626,2024,3,Mar,2024-03
2486,2025-09-19,C1096,East,Furniture,Bookshelf,7,144.49,0.0,1011.43,652.37,359.06,0.355002323443046,2025,9,Sep,2025-09
2487,2024-09-11,C1448,South,Accessories,USB Hub,6,28.69,0.1,154.93,121.45,33.48,0.21609759246111143,2024,9,Sep,2024-09
2488,2024-09-03,C1263,South,Electronics,Monitor,1,207.77,0.1,186.99,168.65,18.34,0.09808011123589497,2024,9,Sep,2024-09
2489,2024-01-23,C1477,South,Electronics,Headphones,5,96.3,0.1,433.35,286.19,147.16,0.339586938963886,2024,1,Jan,2024-01
2490,2025-01-17,C1561,South,Furniture,Bookshelf,6,131.73,0.05,750.86,470.75,280.11,0.37305223343898997,2025,1,Jan,2025-01
2491,2024-05-02,C1037,West,Furniture,Table Lamp,4,50.99,0.1,183.56,125.29,58.27,0.31744388755720204,2024,5,May,2024-05
2492,2025-11-30,C1536,West,Furniture,Bookshelf,6,134.07,0.0,804.42,468.34,336.08,0.41779170085278833,2025,11,Nov,2025-11
2493,2024-01-29,C1160,East,Electronics,Monitor,5,202.73,0.15,861.6,635.11,226.49,0.26287140204271126,2024,1,Jan,2024-01
2494,2025-11-21,C1228,North,Office Supplies,Pen Set,1,10.86,0.0,10.86,7.75,3.11,0.2863720073664825,2025,11,Nov,2025-11
2495,2024-04-04,C1042,South,Furniture,Table Lamp,5,59.68,0.1,268.56,174.89,93.67,0.34878611855823655,2024,4,Apr,2024-04
2496,2025-02-06,C1406,North,Furniture,Bookshelf,5,152.5,0.2,610.0,620.3,-10.3,-0.016885245901639347,2025,2,Feb,2025-02
2497,2024-01-30,C1039,North,Electronics,Headphones,6,89.71,0.15,457.52,440.73,16.79,0.03669784927434866,2024,1,Jan,2024-01
2498,2025-04-09,C1072,South,Electronics,Monitor,4,226.9,0.0,907.6,636.45,271.15,0.29875495813133535,2025,4,Apr,2025-04
2499,2025-08-04,C1080,Central,Office Supplies,Notebook,2,8.25,0.0,16.5,11.01,5.49,0.33272727272727276,2025,8,Aug,2025-08
2500,2024-03-06,C1237,West,Electronics,Monitor,1,215.29,0.05,204.53,174.24,30.29,0.14809563389233854,2024,3,Mar,2024-03
2501,2024-03-19,C1500,West,Electronics,Headphones,2,88.11,0.05,167.41,141.1,26.31,0.15715907054536765,2024,3,Mar,2024-03
2502,2024-04-11,C1234,Central,Office Supplies,Pen Set,1,10.6,0.0,10.6,6.5,4.1,0.38679245283018865,2024,4,Apr,2024-04
2503,2024-01-16,C1316,East,Electronics,Monitor,4,212.5,0.2,680.0,576.16,103.84,0.1527058823529412,2024,1,Jan,2024-01
2504,2025-05-14,C1475,East,Electronics,Smartphone,5,526.23,0.0,2631.15,1920.61,710.54,0.2700492180225377,2025,5,May,2025-05
2505,2024-10-21,C1031,South,Furniture,Bookshelf,7,138.99,0.05,924.28,628.74,295.54,0.3197515904271433,2024,10,Oct,2024-10
2506,2024-12-23,C1191,North,Electronics,Monitor,6,227.84,0.15,1161.98,1068.17,93.81,0.08073288696879465,2024,12,Dec,2024-12
2507,2024-12-22,C1485,Central,Electronics,Headphones,3,86.36,0.05,246.13,195.37,50.76,0.20623247877138098,2024,12,Dec,2024-12
2508,2024-08-31,C1562,South,Office Supplies,Pen Set,5,10.82,0.0,54.1,42.85,11.25,0.20794824399260628,2024,8,Aug,2024-08
2509,2025-08-15,C1399,West,Office Supplies,Printer Paper,4,11.25,0.0,45.0,29.23,15.77,0.35044444444444445,2025,8,Aug,2025-08
2510,2025-11-06,C1240,Central,Furniture,Desk,2,247.99,0.0,495.98,401.77,94.21,0.18994717528932617,2025,11,Nov,2025-11
2511,2024-02-28,C1203,North,Electronics,Smartphone,7,489.15,0.0,3424.05,2166.75,1257.3,0.3671967407018005,2024,2,Feb,2024-02
2512,2024-08-18,C1266,North,Electronics,Monitor,3,239.79,0.1,647.43,425.65,221.78,0.3425544074262855,2024,8,Aug,2024-08
2513,2024-09-03,C1254,South,Furniture,Office Chair,3,180.8,0.05,515.28,321.53,193.75,0.3760091600683124,2024,9,Sep,2024-09
2514,2025-06-03,C1219,East,Accessories,Backpack,6,45.98,0.05,262.09,209.87,52.22,0.19924453432027167,2025,6,Jun,2025-06
2515,2024-04-11,C1293,East,Furniture,Bookshelf,3,149.28,0.1,403.06,329.21,73.85,0.1832233414379993,2024,4,Apr,2024-04
2516,2024-01-31,C1126,North,Accessories,Keyboard,4,36.76,0.1,132.34,87.7,44.64,0.33731298171376756,2024,1,Jan,2024-01
2517,2025-11-17,C1416,West,Office Supplies,Pen Set,5,9.11,0.1,41.0,32.44,8.56,0.20878048780487807,2025,11,Nov,2025-11
2518,2024-10-11,C1105,East,Accessories,Mouse,4,24.16,0.05,91.81,76.87,14.94,0.16272737174599716,2024,10,Oct,2024-10
2519,2024-01-18,C1034,East,Electronics,Laptop,2,683.93,0.15,1162.68,865.88,296.8,0.2552723019231431,2024,1,Jan,2024-01
2520,2024-03-23,C1292,North,Accessories,USB Hub,7,31.28,0.1,197.06,172.91,24.15,0.12255150715518115,2024,3,Mar,2024-03
2521,2024-05-04,C1305,West,Furniture,Bookshelf,4,151.61,0.0,606.44,486.91,119.53,0.1971011147021964,2024,5,May,2024-05
2522,2025-05-24,C1477,West,Electronics,Smartphone,1,495.56,0.2,396.45,348.4,48.05,0.1212006558204061,2025,5,May,2025-05
2523,2025-06-18,C1399,West,Office Supplies,Printer Paper,1,12.52,0.0,12.52,8.56,3.96,0.31629392971246006,2025,6,Jun,2025-06
2524,2025-06-04,C1480,South,Electronics,Headphones,6,90.96,0.1,491.18,406.05,85.13,0.17331731748035342,2025,6,Jun,2025-06
2525,2025-08-05,C1147,Central,Accessories,Keyboard,4,36.09,0.1,129.92,110.33,19.59,0.1507850985221675,2025,8,Aug,2025-08
2526,2025-11-23,C1395,West,Furniture,Desk,5,255.66,0.05,1214.38,841.6,372.78,0.3069714586867372,2025,11,Nov,2025-11
2527,2025-06-01,C1375,North,Electronics,Monitor,4,216.55,0.05,822.89,670.07,152.82,0.18571133444324273,2025,6,Jun,2025-06
2528,2024-10-09,C1397,West,Electronics,Laptop,6,692.79,0.15,3533.23,3360.05,173.18,0.049014640994217755,2024,10,Oct,2024-10
2529,2024-05-24,C1327,East,Electronics,Laptop,6,678.71,0.1,3665.03,3336.47,328.56,0.08964728801674202,2024,5,May,2024-05
2530,2025-01-25,C1309,West,Furniture,Bookshelf,4,151.08,0.0,604.32,436.87,167.45,0.2770882975906804,2025,1,Jan,2025-01
2531,2025-06-09,C1106,East,Electronics,Headphones,6,98.51,0.05,561.51,343.61,217.9,0.3880607647236915,2025,6,Jun,2025-06
2532,2024-06-19,C1263,North,Accessories,Keyboard,2,34.21,0.0,68.42,41.09,27.33,0.3994446068401052,2024,6,Jun,2024-06
2533,2024-11-09,C1583,Central,Furniture,Bookshelf,5,133.72,0.0,668.6,496.38,172.22,0.25758300927310795,2024,11,Nov,2024-11
2534,2025-10-18,C1365,Central,Furniture,Table Lamp,2,54.83,0.1,98.69,85.87,12.82,0.1299017124328706,2025,10,Oct,2025-10
2535,2024-03-12,C1002,West,Office Supplies,Pen Set,5,9.4,0.1,42.3,33.84,8.46,0.20000000000000004,2024,3,Mar,2024-03
2536,2024-03-14,C1463,Central,Electronics,Monitor,7,215.53,0.0,1508.71,1172.54,336.17,0.22281949480019356,2024,3,Mar,2024-03
2537,2025-04-06,C1265,Central,Accessories,Backpack,7,43.14,0.0,301.98,217.31,84.67,0.2803828068083979,2025,4,Apr,2025-04
2538,2024-05-11,C1579,South,Furniture,Office Chair,1,191.28,0.1,172.15,121.1,51.05,0.2965437118791751,2024,5,May,2024-05
2539,2024-07-05,C1166,South,Office Supplies,Pen Set,4,9.42,0.05,35.8,28.65,7.15,0.19972067039106148,2024,7,Jul,2024-07
2540,2025-05-18,C1042,East,Accessories,Keyboard,4,31.86,0.1,114.7,102.97,11.73,0.1022667829119442,2025,5,May,2025-05
2541,2025-01-07,C1216,South,Electronics,Monitor,7,203.57,0.1,1282.49,1035.22,247.27,0.19280462225826323,2025,1,Jan,2025-01
2542,2025-12-21,C1058,East,Office Supplies,Pen Set,1,9.74,0.05,9.25,7.34,1.91,0.2064864864864865,2025,12,Dec,2025-12
2543,2024-01-13,C1516,South,Furniture,Bookshelf,6,150.53,0.0,903.18,637.82,265.36,0.2938063287495295,2024,1,Jan,2024-01
2544,2024-08-11,C1342,North,Electronics,Smartphone,5,439.57,0.0,2197.85,1747.84,450.01,0.2047500966853971,2024,8,Aug,2024-08
2545,2025-01-23,C1436,Central,Accessories,Backpack,4,41.68,0.1,150.05,102.18,47.87,0.31902699100299897,2025,1,Jan,2025-01
2546,2024-07-24,C1169,Central,Office Supplies,Notebook,6,7.95,0.0,47.7,32.92,14.78,0.30985324947589094,2024,7,Jul,2024-07
2547,2024-06-09,C1474,South,Furniture,Bookshelf,4,138.42,0.1,498.31,324.74,173.57,0.3483173125163051,2024,6,Jun,2024-06
2548,2025-01-15,C1175,Central,Furniture,Office Chair,6,175.94,0.1,950.08,660.03,290.05,0.30529008083529807,2025,1,Jan,2025-01
2549,2024-07-17,C1421,West,Accessories,USB Hub,3,31.85,0.05,90.77,70.85,19.92,0.21945576732400576,2024,7,Jul,2024-07
2550,2025-05-06,C1218,East,Accessories,Backpack,4,47.03,0.0,188.12,124.29,63.83,0.33930469912821604,2025,5,May,2025-05
2551,2024-06-27,C1037,West,Furniture,Desk,1,280.26,0.1,252.23,181.49,70.74,0.2804583118582246,2024,6,Jun,2024-06
2552,2025-08-21,C1487,Central,Furniture,Table Lamp,4,55.48,0.05,210.82,171.37,39.45,0.1871264585902666,2025,8,Aug,2025-08
2553,2025-07-14,C1352,South,Accessories,Mouse,1,25.73,0.0,25.73,21.08,4.65,0.18072289156626506,2025,7,Jul,2025-07
2554,2025-04-29,C1008,Central,Electronics,Monitor,3,217.04,0.15,553.45,465.27,88.18,0.15932785256120696,2025,4,Apr,2025-04
2555,2025-09-27,C1356,East,Electronics,Smartphone,7,472.21,0.15,2809.65,2438.01,371.64,0.13227270300571245,2025,9,Sep,2025-09
2556,2024-01-11,C1312,East,Office Supplies,Pen Set,6,9.0,0.05,51.3,41.74,9.56,0.18635477582846005,2024,1,Jan,2024-01
2557,2024-07-09,C1263,Central,Office Supplies,Stapler,6,16.5,0.0,99.0,71.43,27.57,0.2784848484848485,2024,7,Jul,2024-07
2558,2025-12-29,C1214,West,Accessories,Mouse,1,25.83,0.0,25.83,20.53,5.3,0.20518776616337592,2025,12,Dec,2025-12
2559,2024-08-26,C1561,East,Furniture,Office Chair,4,183.85,0.1,661.86,477.97,183.89,0.2778382135194754,2024,8,Aug,2024-08
2560,2024-09-04,C1251,Central,Electronics,Monitor,6,226.37,0.2,1086.58,1020.96,65.62,0.0603913195530932,2024,9,Sep,2024-09
2561,2025-10-10,C1379,West,Electronics,Headphones,2,91.29,0.15,155.19,110.48,44.71,0.28809845995231653,2025,10,Oct,2025-10
2562,2024-05-15,C1387,South,Electronics,Headphones,2,88.73,0.0,177.46,133.37,44.09,0.24845035500957963,2024,5,May,2024-05
2563,2025-07-27,C1555,West,Accessories,USB Hub,6,31.17,0.05,177.67,111.58,66.09,0.3719817639443913,2025,7,Jul,2025-07
2564,2024-04-20,C1388,South,Office Supplies,Pen Set,2,9.96,0.15,16.93,12.8,4.13,0.24394565859421147,2024,4,Apr,2024-04
2565,2024-04-07,C1340,West,Electronics,Monitor,5,241.03,0.05,1144.89,943.74,201.15,0.17569373476927913,2024,4,Apr,2024-04
2566,2025-02-07,C1536,West,Electronics,Monitor,2,200.22,0.0,400.44,314.76,85.68,0.2139646388972131,2025,2,Feb,2025-02
2567,2025-01-07,C1550,North,Electronics,Monitor,7,206.44,0.05,1372.83,1086.31,286.52,0.20870756029515672,2025,1,Jan,2025-01
2568,2024-04-20,C1544,South,Office Supplies,Printer Paper,3,10.97,0.0,32.91,21.61,11.3,0.3433606806441812,2024,4,Apr,2024-04
2569,2024-04-19,C1496,North,Electronics,Headphones,3,97.91,0.1,264.36,217.14,47.22,0.17862006354970494,2024,4,Apr,2024-04
2570,2024-05-28,C1262,South,Accessories,Backpack,4,45.88,0.1,165.17,108.78,56.39,0.3414058243022341,2024,5,May,2024-05
2571,2024-11-05,C1200,West,Electronics,Smartphone,2,508.51,0.05,966.17,784.75,181.42,0.18777233820135172,2024,11,Nov,2024-11
2572,2025-01-19,C1380,East,Electronics,Headphones,3,86.22,0.0,258.66,161.44,97.22,0.37586020258254077,2025,1,Jan,2025-01
2573,2025-08-24,C1117,West,Office Supplies,Pen Set,6,10.82,0.0,64.92,45.56,19.36,0.2982131854590265,2025,8,Aug,2025-08
2574,2024-03-29,C1525,East,Electronics,Smartphone,2,453.81,0.05,862.24,579.63,282.61,0.32776257190573393,2024,3,Mar,2024-03
2575,2024-01-24,C1395,East,Furniture,Bookshelf,6,129.14,0.2,619.87,604.41,15.46,0.024940713375385164,2024,1,Jan,2024-01
2576,2025-08-12,C1227,East,Furniture,Desk,7,253.1,0.1,1594.53,1137.21,457.32,0.2868055163590525,2025,8,Aug,2025-08
2577,2024-08-30,C1264,West,Furniture,Table Lamp,4,53.61,0.05,203.72,164.48,39.24,0.1926173178872963,2024,8,Aug,2024-08
2578,2025-06-12,C1550,North,Electronics,Smartphone,2,496.69,0.15,844.37,734.52,109.85,0.1300969953930149,2025,6,Jun,2025-06
2579,2025-10-10,C1167,North,Electronics,Smartphone,4,513.1,0.2,1641.92,1318.73,323.19,0.19683663028649384,2025,10,Oct,2025-10
2580,2024-01-16,C1548,Central,Electronics,Smartphone,6,471.38,0.05,2686.87,2207.59,479.28,0.1783785594390499,2024,1,Jan,2024-01
2581,2025-01-15,C1283,Central,Electronics,Laptop,1,633.57,0.15,538.53,516.92,21.61,0.04012775518541214,2025,1,Jan,2025-01
2582,2025-12-28,C1292,South,Office Supplies,Printer Paper,3,12.4,0.05,35.34,26.4,8.94,0.25297113752122236,2025,12,Dec,2025-12
2583,2025-10-19,C1076,North,Office Supplies,Pen Set,4,10.22,0.1,36.79,28.73,8.06,0.21908127208480568,2025,10,Oct,2025-10
2584,2025-06-13,C1162,East,Accessories,USB Hub,5,29.74,0.05,141.26,104.08,37.18,0.26320260512530086,2025,6,Jun,2025-06
2585,2025-09-20,C1553,East,Office Supplies,Stapler,6,16.09,0.05,91.71,63.61,28.1,0.306400610620434,2025,9,Sep,2025-09
2586,2024-07-21,C1291,North,Office Supplies,Stapler,7,14.9,0.05,99.08,72.95,26.13,0.2637262817924909,2024,7,Jul,2024-07
2587,2024-11-06,C1284,East,Office Supplies,Notebook,7,7.84,0.0,54.88,32.91,21.97,0.4003279883381924,2024,11,Nov,2024-11
2588,2025-07-18,C1196,West,Electronics,Smartphone,7,513.39,0.0,3593.73,2153.97,1439.76,0.40063109916437795,2025,7,Jul,2025-07
2589,2025-01-25,C1396,North,Electronics,Monitor,5,216.37,0.2,865.48,682.53,182.95,0.21138558949946848,2025,1,Jan,2025-01
2590,2024-11-13,C1466,West,Electronics,Smartphone,2,518.11,0.2,828.98,673.52,155.46,0.1875316654201549,2024,11,Nov,2024-11
2591,2024-05-30,C1154,South,Furniture,Table Lamp,2,53.52,0.1,96.34,84.69,11.65,0.12092588748183516,2024,5,May,2024-05
2592,2024-12-08,C1483,West,Electronics,Headphones,2,91.6,0.0,183.2,136.4,46.8,0.2554585152838428,2024,12,Dec,2024-12
2593,2025-07-14,C1436,East,Furniture,Desk,6,243.72,0.1,1316.09,1043.72,272.37,0.20695393172199472,2025,7,Jul,2025-07
2594,2024-01-08,C1083,Central,Office Supplies,Stapler,1,14.99,0.05,14.24,8.91,5.33,0.37429775280898875,2024,1,Jan,2024-01
2595,2025-07-20,C1545,West,Office Supplies,Pen Set,3,9.69,0.15,24.71,23.46,1.25,0.050586806960744635,2025,7,Jul,2025-07
2596,2024-03-02,C1229,East,Electronics,Laptop,4,693.84,0.05,2636.59,1961.5,675.09,0.2560466359957369,2024,3,Mar,2024-03
2597,2024-04-09,C1575,Central,Electronics,Laptop,2,617.41,0.05,1173.08,916.67,256.41,0.21857844307293622,2024,4,Apr,2024-04
2598,2024-09-18,C1038,South,Office Supplies,Notebook,7,8.63,0.05,57.39,44.9,12.49,0.21763373410001743,2024,9,Sep,2024-09
2599,2024-11-03,C1372,West,Accessories,Keyboard,6,33.14,0.1,178.96,156.09,22.87,0.12779392042914617,2024,11,Nov,2024-11
2600,2024-09-12,C1439,Central,Electronics,Monitor,3,215.56,0.05,614.35,472.1,142.25,0.23154553593228613,2024,9,Sep,2024-09
2601,2024-09-15,C1238,South,Furniture,Office Chair,4,169.82,0.0,679.28,490.04,189.24,0.2785890943351784,2024,9,Sep,2024-09
2602,2025-11-16,C1339,North,Electronics,Smartphone,2,438.2,0.0,876.4,619.76,256.64,0.29283432222729344,2025,11,Nov,2025-11
2603,2025-09-29,C1138,West,Electronics,Smartphone,7,500.75,0.2,2804.2,2650.23,153.97,0.05490692532629627,2025,9,Sep,2025-09
2604,2024-01-28,C1107,North,Accessories,Backpack,3,43.75,0.1,118.12,93.32,24.8,0.20995597697257026,2024,1,Jan,2024-01
2605,2025-07-13,C1066,East,Furniture,Office Chair,1,168.46,0.1,151.61,106.24,45.37,0.2992546665787217,2025,7,Jul,2025-07
2606,2025-02-23,C1438,South,Furniture,Bookshelf,1,130.52,0.0,130.52,91.42,39.1,0.29957094698130554,2025,2,Feb,2025-02
2607,2024-08-30,C1420,East,Accessories,Mouse,2,26.75,0.1,48.15,33.02,15.13,0.3142263759086189,2024,8,Aug,2024-08
2608,2024-05-12,C1321,West,Accessories,Mouse,4,25.02,0.0,100.08,64.57,35.51,0.3548161470823341,2024,5,May,2024-05
2609,2024-05-10,C1012,North,Office Supplies,Stapler,7,14.69,0.2,82.26,67.98,14.28,0.1735959153902261,2024,5,May,2024-05
2610,2024-03-23,C1256,North,Electronics,Monitor,3,209.41,0.0,628.23,377.34,250.89,0.3993601069671935,2024,3,Mar,2024-03
2611,2024-08-28,C1282,North,Furniture,Table Lamp,3,51.42,0.0,154.26,112.65,41.61,0.2697394010112797,2024,8,Aug,2024-08
2612,2025-10-12,C1219,West,Electronics,Monitor,7,209.53,0.2,1173.37,1170.61,2.76,0.0023521992210470697,2025,10,Oct,2025-10
2613,2025-05-31,C1337,West,Electronics,Smartphone,3,455.73,0.1,1230.47,1027.87,202.6,0.16465253114663503,2025,5,May,2025-05
2614,2025-05-24,C1196,South,Electronics,Smartphone,3,525.9,0.1,1419.93,1226.67,193.26,0.13610530096554055,2025,5,May,2025-05
2615,2025-01-11,C1481,South,Electronics,Headphones,5,90.39,0.05,429.35,365.48,63.87,0.1487597531151741,2025,1,Jan,2025-01
2616,2024-08-16,C1205,East,Office Supplies,Notebook,4,8.54,0.05,32.45,27.89,4.56,0.14052388289676424,2024,8,Aug,2024-08
2617,2025-06-21,C1392,North,Electronics,Monitor,5,222.3,0.2,889.2,716.23,172.97,0.19452316689158794,2025,6,Jun,2025-06
2618,2024-05-12,C1305,Central,Furniture,Table Lamp,2,56.15,0.15,95.46,69.68,25.78,0.2700607584328515,2024,5,May,2024-05
2619,2024-08-30,C1026,Central,Accessories,Backpack,4,41.89,0.0,167.56,118.65,48.91,0.29189544043924565,2024,8,Aug,2024-08
2620,2024-03-19,C1124,South,Electronics,Laptop,6,687.67,0.05,3919.72,2627.43,1292.29,0.32968936556692824,2024,3,Mar,2024-03
2621,2024-03-28,C1366,East,Office Supplies,Pen Set,3,10.8,0.05,30.78,25.61,5.17,0.16796621182586094,2024,3,Mar,2024-03
2622,2024-09-14,C1235,North,Furniture,Table Lamp,3,57.62,0.05,164.22,140.14,24.08,0.1466325660699062,2024,9,Sep,2024-09
2623,2025-11-21,C1440,West,Electronics,Smartphone,2,445.05,0.0,890.1,584.57,305.53,0.3432535670149421,2025,11,Nov,2025-11
2624,2024-03-03,C1087,Central,Office Supplies,Pen Set,6,9.48,0.1,51.19,37.46,13.73,0.26821644852510257,2024,3,Mar,2024-03
2625,2024-07-28,C1443,South,Office Supplies,Pen Set,6,9.05,0.05,51.58,33.45,18.13,0.3514928266770066,2024,7,Jul,2024-07
2626,2024-06-16,C1062,West,Electronics,Smartphone,5,439.04,0.05,2085.44,1701.4,384.04,0.18415298450207152,2024,6,Jun,2024-06
2627,2025-04-11,C1161,West,Furniture,Table Lamp,1,57.3,0.1,51.57,37.21,14.36,0.2784564669381423,2025,4,Apr,2025-04
2628,2024-11-01,C1588,South,Electronics,Laptop,1,669.69,0.05,636.21,507.41,128.8,0.2024488769431477,2024,11,Nov,2024-11
2629,2024-12-12,C1584,East,Office Supplies,Notebook,2,7.43,0.0,14.86,11.87,2.99,0.2012113055181696,2024,12,Dec,2024-12
2630,2025-05-25,C1549,East,Furniture,Desk,7,281.83,0.1,1775.53,1346.33,429.2,0.24173063817564333,2025,5,May,2025-05
2631,2024-08-19,C1403,West,Furniture,Office Chair,3,167.51,0.05,477.4,348.08,129.32,0.2708839547549225,2024,8,Aug,2024-08
2632,2024-09-17,C1353,West,Electronics,Smartphone,4,471.63,0.1,1697.87,1409.55,288.32,0.1698127654060676,2024,9,Sep,2024-09
2633,2024-04-26,C1559,West,Electronics,Headphones,2,82.21,0.0,164.42,115.21,49.21,0.2992944897214451,2024,4,Apr,2024-04
2634,2025-05-17,C1175,West,Office Supplies,Stapler,4,15.4,0.05,58.52,44.26,14.26,0.2436773752563226,2025,5,May,2025-05
2635,2025-03-17,C1233,East,Accessories,Backpack,2,46.22,0.1,83.2,64.61,18.59,0.22343749999999998,2025,3,Mar,2025-03
2636,2025-11-08,C1392,West,Accessories,Backpack,7,47.92,0.1,301.9,274.01,27.89,0.09238158330573039,2025,11,Nov,2025-11
2637,2025-06-06,C1043,West,Accessories,USB Hub,5,27.37,0.05,130.01,104.88,25.13,0.19329282362895162,2025,6,Jun,2025-06
2638,2024-06-18,C1475,West,Accessories,USB Hub,6,29.35,0.15,149.68,125.78,23.9,0.15967397113842863,2024,6,Jun,2024-06
2639,2024-11-06,C1473,Central,Accessories,Mouse,7,24.17,0.0,169.19,117.94,51.25,0.3029138837992789,2024,11,Nov,2024-11
2640,2024-11-08,C1385,East,Accessories,Backpack,7,48.4,0.1,304.92,277.75,27.17,0.0891053391053391,2024,11,Nov,2024-11
2641,2024-04-27,C1482,West,Accessories,Keyboard,2,33.1,0.15,56.27,46.24,10.03,0.1782477341389728,2024,4,Apr,2024-04
2642,2024-12-30,C1395,North,Electronics,Laptop,3,618.78,0.1,1670.71,1161.43,509.28,0.304828486092739,2024,12,Dec,2024-12
2643,2025-10-23,C1033,West,Electronics,Smartphone,6,496.78,0.15,2533.58,2288.86,244.72,0.09659059512626403,2025,10,Oct,2025-10
2644,2024-07-31,C1285,South,Furniture,Desk,1,278.03,0.05,264.13,227.24,36.89,0.13966607352440086,2024,7,Jul,2024-07
2645,2025-06-26,C1427,North,Furniture,Bookshelf,7,126.65,0.15,753.57,581.39,172.18,0.2284857412051966,2025,6,Jun,2025-06
2646,2025-03-07,C1425,Central,Office Supplies,Pen Set,4,9.99,0.2,31.97,25.42,6.55,0.2048795746011886,2025,3,Mar,2025-03
2647,2024-10-24,C1455,South,Office Supplies,Notebook,5,8.17,0.0,40.85,29.99,10.86,0.2658506731946144,2024,10,Oct,2024-10
2648,2024-02-03,C1486,East,Electronics,Laptop,3,592.8,0.2,1422.72,1198.51,224.21,0.15759249887539362,2024,2,Feb,2024-02
2649,2025-04-04,C1535,North,Accessories,Mouse,1,25.85,0.1,23.26,18.7,4.56,0.19604471195184864,2025,4,Apr,2025-04
2650,2025-06-06,C1192,South,Electronics,Headphones,3,96.0,0.05,273.6,192.37,81.23,0.2968932748538012,2025,6,Jun,2025-06
2651,2025-09-17,C1582,East,Office Supplies,Pen Set,5,10.72,0.0,53.6,39.09,14.51,0.2707089552238806,2025,9,Sep,2025-09
2652,2024-12-25,C1501,South,Office Supplies,Notebook,6,7.49,0.15,38.2,30.23,7.97,0.20863874345549735,2024,12,Dec,2024-12
2653,2025-08-15,C1303,West,Office Supplies,Pen Set,2,9.24,0.0,18.48,14.61,3.87,0.20941558441558442,2025,8,Aug,2025-08
2654,2024-07-22,C1584,South,Office Supplies,Printer Paper,7,12.25,0.1,77.18,54.73,22.45,0.29087846592381444,2024,7,Jul,2024-07
2655,2025-01-17,C1372,West,Furniture,Office Chair,4,191.67,0.05,728.35,506.01,222.34,0.30526532573625315,2025,1,Jan,2025-01
2656,2025-01-10,C1090,West,Electronics,Headphones,4,90.14,0.1,324.5,281.76,42.74,0.13171032357473036,2025,1,Jan,2025-01
2657,2024-01-06,C1325,East,Accessories,Keyboard,2,33.81,0.1,60.86,47.86,13.0,0.21360499507065397,2024,1,Jan,2024-01
2658,2025-02-10,C1467,East,Accessories,Mouse,5,26.43,0.2,105.72,85.33,20.39,0.19286795308361712,2025,2,Feb,2025-02
2659,2025-04-13,C1027,West,Electronics,Smartphone,5,493.43,0.15,2097.08,1565.27,531.81,0.2535954756137105,2025,4,Apr,2025-04
2660,2025-07-29,C1450,West,Electronics,Laptop,6,693.83,0.15,3538.53,3095.24,443.29,0.12527518489316186,2025,7,Jul,2025-07
2661,2025-06-19,C1448,South,Electronics,Headphones,3,96.38,0.1,260.23,173.33,86.9,0.3339353648695385,2025,6,Jun,2025-06
2662,2025-06-26,C1487,South,Office Supplies,Stapler,4,15.65,0.1,56.34,41.85,14.49,0.2571884984025559,2025,6,Jun,2025-06
2663,2024-05-24,C1272,West,Electronics,Laptop,7,708.39,0.0,4958.73,3303.64,1655.09,0.3337729620285839,2024,5,May,2024-05
2664,2025-06-17,C1570,West,Office Supplies,Pen Set,1,10.22,0.2,8.18,7.16,1.02,0.12469437652811736,2025,6,Jun,2025-06
2665,2024-04-17,C1415,South,Electronics,Monitor,4,224.2,0.1,807.12,651.23,155.89,0.19314352264842896,2024,4,Apr,2024-04
2666,2024-02-28,C1137,West,Office Supplies,Notebook,3,7.74,0.0,23.22,18.0,5.22,0.2248062015503876,2024,2,Feb,2024-02
2667,2024-01-30,C1345,Central,Electronics,Smartphone,1,515.84,0.0,515.84,369.58,146.26,0.28353753101736967,2024,1,Jan,2024-01
2668,2024-01-01,C1234,North,Electronics,Smartphone,2,439.44,0.15,747.05,636.18,110.87,0.14841041429623186,2024,1,Jan,2024-01
2669,2024-03-13,C1137,East,Accessories,Keyboard,6,38.38,0.0,230.28,150.36,79.92,0.3470557582073997,2024,3,Mar,2024-03
2670,2025-02-07,C1262,North,Office Supplies,Printer Paper,2,10.81,0.05,20.54,14.49,6.05,0.2945472249269718,2025,2,Feb,2025-02
2671,2024-05-10,C1036,East,Office Supplies,Notebook,2,8.09,0.05,15.37,11.64,3.73,0.24268054651919324,2024,5,May,2024-05
2672,2024-11-21,C1586,South,Accessories,Keyboard,4,33.57,0.05,127.57,89.52,38.05,0.29826761777847455,2024,11,Nov,2024-11
2673,2024-06-15,C1212,East,Accessories,Backpack,3,40.71,0.05,116.02,78.82,37.2,0.3206343733838994,2024,6,Jun,2024-06
2674,2024-08-03,C1093,North,Furniture,Table Lamp,7,58.73,0.05,390.55,299.92,90.63,0.23205735501216232,2024,8,Aug,2024-08
2675,2024-01-17,C1554,Central,Office Supplies,Printer Paper,2,11.07,0.1,19.93,14.76,5.17,0.2594079277471149,2024,1,Jan,2024-01
2676,2025-05-29,C1040,South,Office Supplies,Printer Paper,5,11.66,0.1,52.47,44.87,7.6,0.14484467314655994,2025,5,May,2025-05
2677,2024-10-28,C1104,South,Furniture,Bookshelf,5,138.45,0.05,657.64,565.78,91.86,0.13968128459339457,2024,10,Oct,2024-10
2678,2025-10-07,C1456,East,Office Supplies,Printer Paper,2,12.99,0.0,25.98,17.61,8.37,0.3221709006928406,2025,10,Oct,2025-10
2679,2025-10-04,C1296,West,Office Supplies,Printer Paper,4,11.2,0.15,38.08,26.56,11.52,0.3025210084033613,2025,10,Oct,2025-10
2680,2025-02-03,C1146,West,Office Supplies,Stapler,1,14.22,0.0,14.22,11.27,2.95,0.20745428973277075,2025,2,Feb,2025-02
2681,2024-09-28,C1473,North,Accessories,Mouse,7,27.09,0.0,189.63,149.32,40.31,0.21257185044560462,2024,9,Sep,2024-09
2682,2024-06-27,C1448,East,Furniture,Table Lamp,6,50.91,0.1,274.91,203.52,71.39,0.2596849878141937,2024,6,Jun,2024-06
2683,2025-08-06,C1545,West,Electronics,Smartphone,6,433.96,0.1,2343.38,2037.51,305.87,0.130525138901928,2025,8,Aug,2025-08
2684,2024-09-16,C1325,East,Accessories,USB Hub,3,28.2,0.1,76.14,56.05,20.09,0.2638560546361965,2024,9,Sep,2024-09
2685,2024-05-30,C1590,North,Accessories,USB Hub,4,27.6,0.0,110.4,66.95,43.45,0.39356884057971014,2024,5,May,2024-05
2686,2025-08-10,C1585,Central,Accessories,Keyboard,4,31.98,0.15,108.73,98.45,10.28,0.09454612342499769,2025,8,Aug,2025-08
2687,2025-07-19,C1481,North,Office Supplies,Notebook,1,8.31,0.15,7.06,6.72,0.34,0.0481586402266289,2025,7,Jul,2025-07
2688,2025-06-27,C1233,North,Accessories,USB Hub,2,28.11,0.1,50.6,35.39,15.21,0.30059288537549406,2025,6,Jun,2025-06
2689,2025-07-02,C1316,East,Furniture,Table Lamp,2,57.74,0.15,98.16,90.76,7.4,0.07538712306438468,2025,7,Jul,2025-07
2690,2024-09-12,C1350,Central,Furniture,Table Lamp,3,55.31,0.2,132.74,129.69,3.05,0.022977248756968507,2024,9,Sep,2024-09
2691,2024-05-02,C1256,West,Accessories,USB Hub,6,27.76,0.05,158.23,108.44,49.79,0.3146685205081211,2024,5,May,2024-05
2692,2024-06-26,C1382,West,Electronics,Laptop,6,644.62,0.05,3674.33,2826.58,847.75,0.23072233577278034,2024,6,Jun,2024-06
2693,2024-02-06,C1315,West,Electronics,Smartphone,1,488.64,0.0,488.64,374.46,114.18,0.23366895874263263,2024,2,Feb,2024-02
2694,2024-11-02,C1349,North,Office Supplies,Printer Paper,6,12.39,0.05,70.62,60.13,10.49,0.14854148966298497,2024,11,Nov,2024-11
2695,2024-01-07,C1056,North,Office Supplies,Notebook,6,8.34,0.2,40.03,33.44,6.59,0.16462653010242317,2024,1,Jan,2024-01
2696,2024-01-10,C1516,South,Accessories,Backpack,3,45.8,0.05,130.53,84.21,46.32,0.35486095150540103,2024,1,Jan,2024-01
2697,2024-12-18,C1514,North,Office Supplies,Pen Set,4,10.37,0.1,37.33,24.5,12.83,0.34369140101794804,2024,12,Dec,2024-12
2698,2024-05-29,C1475,East,Office Supplies,Notebook,6,7.74,0.0,46.44,29.43,17.01,0.3662790697674419,2024,5,May,2024-05
2699,2025-06-05,C1370,West,Electronics,Headphones,5,84.47,0.1,380.12,323.11,57.01,0.14997895401452171,2025,6,Jun,2025-06
2700,2025-05-04,C1376,West,Furniture,Bookshelf,3,137.44,0.15,350.47,262.2,88.27,0.2518617856021913,2025,5,May,2025-05
2701,2025-01-03,C1179,South,Accessories,Backpack,2,46.82,0.05,88.96,54.68,34.28,0.3853417266187051,2025,1,Jan,2025-01
2702,2024-09-02,C1145,West,Office Supplies,Notebook,6,8.65,0.05,49.3,37.97,11.33,0.22981744421906694,2024,9,Sep,2024-09
2703,2025-07-30,C1010,East,Electronics,Smartphone,6,510.53,0.1,2756.86,1845.45,911.41,0.33059712861734,2025,7,Jul,2025-07
2704,2024-05-03,C1521,West,Furniture,Office Chair,1,196.17,0.15,166.74,158.47,8.27,0.049598176802207024,2024,5,May,2024-05
2705,2025-12-19,C1140,West,Office Supplies,Pen Set,1,9.27,0.1,8.34,6.25,2.09,0.25059952038369304,2025,12,Dec,2025-12
2706,2025-06-04,C1088,South,Accessories,USB Hub,5,29.11,0.05,138.27,86.22,52.05,0.37643740507702317,2025,6,Jun,2025-06
2707,2025-09-09,C1221,West,Electronics,Headphones,7,94.14,0.05,626.03,464.73,161.3,0.2576553839272879,2025,9,Sep,2025-09
2708,2025-07-17,C1105,West,Furniture,Office Chair,6,188.69,0.0,1132.14,861.29,270.85,0.23923719681311498,2025,7,Jul,2025-07
2709,2024-06-04,C1320,North,Electronics,Laptop,3,711.78,0.1,1921.81,1540.57,381.24,0.19837548977266223,2024,6,Jun,2024-06
2710,2025-03-27,C1129,North,Accessories,Keyboard,1,35.92,0.0,35.92,25.97,9.95,0.2770044543429844,2025,3,Mar,2025-03
2711,2024-01-26,C1268,South,Furniture,Office Chair,7,182.63,0.0,1278.41,885.95,392.46,0.30699071502882486,2024,1,Jan,2024-01
2712,2024-04-04,C1200,South,Furniture,Office Chair,4,191.89,0.05,729.18,545.7,183.48,0.2516251131407883,2024,4,Apr,2024-04
2713,2024-06-28,C1579,West,Accessories,Mouse,4,23.9,0.05,90.82,70.67,20.15,0.22186743008147986,2024,6,Jun,2024-06
2714,2025-07-20,C1215,Central,Electronics,Smartphone,5,504.66,0.15,2144.81,2057.85,86.96,0.04054438388481963,2025,7,Jul,2025-07
2715,2024-08-26,C1413,North,Electronics,Headphones,6,86.36,0.1,466.34,367.91,98.43,0.21106917699532532,2024,8,Aug,2024-08
2716,2025-03-31,C1196,West,Electronics,Laptop,7,645.78,0.15,3842.39,3535.38,307.01,0.07990079091398843,2025,3,Mar,2025-03
2717,2025-06-25,C1554,Central,Electronics,Headphones,6,94.54,0.15,482.15,360.58,121.57,0.25214144975629993,2025,6,Jun,2025-06
2718,2025-07-25,C1262,West,Furniture,Table Lamp,4,49.64,0.15,168.78,149.76,19.02,0.11269107714184144,2025,7,Jul,2025-07
2719,2025-08-11,C1051,South,Electronics,Smartphone,6,500.24,0.1,2701.3,2212.2,489.1,0.1810609706437641,2025,8,Aug,2025-08
2720,2025-05-03,C1435,Central,Furniture,Desk,5,278.01,0.0,1390.05,1078.59,311.46,0.22406388259415128,2025,5,May,2025-05
2721,2024-03-05,C1441,West,Furniture,Table Lamp,7,59.53,0.1,375.04,325.96,49.08,0.1308660409556314,2024,3,Mar,2024-03
2722,2024-01-09,C1353,South,Electronics,Monitor,2,213.85,0.1,384.93,272.23,112.7,0.292780505546463,2024,1,Jan,2024-01
2723,2024-08-11,C1072,West,Electronics,Headphones,5,92.09,0.0,460.45,279.83,180.62,0.3922684330546205,2024,8,Aug,2024-08
2724,2025-03-08,C1574,South,Furniture,Office Chair,4,194.19,0.15,660.25,461.26,198.99,0.3013858386974631,2025,3,Mar,2025-03
2725,2024-05-25,C1214,West,Office Supplies,Notebook,1,8.45,0.05,8.03,5.34,2.69,0.33499377334993774,2024,5,May,2024-05
2726,2025-04-07,C1022,North,Office Supplies,Notebook,7,8.29,0.0,58.03,40.48,17.55,0.30242977770118906,2025,4,Apr,2025-04
2727,2024-06-07,C1141,West,Furniture,Table Lamp,6,52.6,0.0,315.6,223.82,91.78,0.29081115335868185,2024,6,Jun,2024-06
2728,2024-08-27,C1110,East,Furniture,Office Chair,6,169.38,0.0,1016.28,589.83,426.45,0.41961860904475146,2024,8,Aug,2024-08
2729,2024-07-30,C1256,South,Accessories,USB Hub,2,31.45,0.0,62.9,46.68,16.22,0.2578696343402226,2024,7,Jul,2024-07
2730,2025-08-08,C1560,North,Electronics,Smartphone,3,476.67,0.15,1215.51,1144.6,70.91,0.058337652508000756,2025,8,Aug,2025-08
2731,2025-09-20,C1482,South,Accessories,USB Hub,1,30.65,0.0,30.65,20.29,10.36,0.33800978792822184,2025,9,Sep,2025-09
2732,2024-02-18,C1249,East,Electronics,Laptop,5,660.95,0.1,2974.28,1946.97,1027.31,0.345397877805721,2024,2,Feb,2024-02
2733,2024-05-13,C1388,West,Accessories,Mouse,4,23.23,0.0,92.92,70.89,22.03,0.23708566508824797,2024,5,May,2024-05
2734,2025-03-24,C1033,East,Office Supplies,Printer Paper,5,11.83,0.2,47.32,47.53,-0.21,-0.004437869822485207,2025,3,Mar,2025-03
2735,2025-02-15,C1413,West,Electronics,Monitor,4,240.21,0.05,912.8,597.71,315.09,0.3451906222611744,2025,2,Feb,2025-02
2736,2025-09-28,C1311,Central,Accessories,Keyboard,1,36.12,0.05,34.31,25.83,8.48,0.24715826289711454,2025,9,Sep,2025-09
2737,2025-01-22,C1524,East,Electronics,Headphones,5,86.47,0.15,367.5,348.28,19.22,0.052299319727891154,2025,1,Jan,2025-01
2738,2025-11-11,C1260,South,Furniture,Bookshelf,6,136.31,0.0,817.86,663.25,154.61,0.18904213435062237,2025,11,Nov,2025-11
2739,2025-08-07,C1071,Central,Furniture,Desk,4,237.67,0.0,950.68,590.6,360.08,0.37876046619262005,2025,8,Aug,2025-08
2740,2025-08-15,C1089,South,Electronics,Monitor,6,237.05,0.15,1208.96,1012.38,196.58,0.16260256749602964,2025,8,Aug,2025-08
2741,2025-08-29,C1067,West,Accessories,Keyboard,6,36.07,0.1,194.78,148.05,46.73,0.23991169524591846,2025,8,Aug,2025-08
2742,2025-07-11,C1113,East,Furniture,Office Chair,4,189.0,0.0,756.0,535.5,220.5,0.2916666666666667,2025,7,Jul,2025-07
2743,2025-04-03,C1100,Central,Furniture,Table Lamp,6,53.05,0.0,318.3,255.04,63.26,0.19874332390826263,2025,4,Apr,2025-04
2744,2024-11-22,C1054,East,Electronics,Smartphone,5,495.78,0.15,2107.06,1739.33,367.73,0.17452279479464278,2024,11,Nov,2024-11
2745,2025-12-20,C1119,North,Furniture,Office Chair,3,185.07,0.0,555.21,430.67,124.54,0.2243115217665388,2025,12,Dec,2025-12
2746,2024-07-15,C1139,West,Furniture,Desk,2,243.52,0.2,389.63,307.56,82.07,0.21063573133485614,2024,7,Jul,2024-07
2747,2025-12-05,C1377,West,Electronics,Smartphone,1,456.87,0.1,411.18,337.08,74.1,0.1802130453815847,2025,12,Dec,2025-12
2748,2024-10-15,C1346,North,Electronics,Laptop,4,636.36,0.2,2036.35,2026.9,9.45,0.004640656075821936,2024,10,Oct,2024-10
2749,2024-10-28,C1132,West,Furniture,Bookshelf,6,153.08,0.05,872.56,685.28,187.28,0.2146328046208857,2024,10,Oct,2024-10
2750,2025-05-07,C1197,Central,Electronics,Monitor,6,237.6,0.0,1425.6,924.74,500.86,0.35133277216610553,2025,5,May,2025-05
2751,2024-04-10,C1104,North,Electronics,Laptop,7,586.25,0.0,4103.75,2705.94,1397.81,0.3406177276880901,2024,4,Apr,2024-04
2752,2024-05-05,C1485,West,Furniture,Desk,2,273.66,0.0,547.32,321.83,225.49,0.4119893298253307,2024,5,May,2024-05
2753,2024-03-27,C1408,South,Furniture,Table Lamp,5,53.63,0.15,227.93,201.2,26.73,0.11727284692668802,2024,3,Mar,2024-03
2754,2024-04-09,C1101,North,Accessories,Mouse,3,22.87,0.15,58.32,40.5,17.82,0.3055555555555556,2024,4,Apr,2024-04
2755,2025-01-14,C1557,West,Furniture,Desk,6,258.93,0.0,1553.58,1080.61,472.97,0.3044387801078799,2025,1,Jan,2025-01
2756,2025-07-03,C1023,West,Accessories,Backpack,6,40.95,0.2,196.56,144.7,51.86,0.2638380138380138,2025,7,Jul,2025-07
2757,2025-11-27,C1132,West,Furniture,Office Chair,7,186.83,0.0,1307.81,855.53,452.28,0.3458300517659293,2025,11,Nov,2025-11
2758,2024-07-15,C1416,West,Office Supplies,Pen Set,4,9.23,0.1,33.23,30.21,3.02,0.09088173337345773,2024,7,Jul,2024-07
2759,2025-03-31,C1583,Central,Electronics,Headphones,3,94.68,0.15,241.43,191.09,50.34,0.2085076419666156,2025,3,Mar,2025-03
2760,2024-02-24,C1445,North,Electronics,Laptop,7,665.72,0.0,4660.04,3395.85,1264.19,0.2712830791152007,2024,2,Feb,2024-02
2761,2024-02-29,C1253,East,Furniture,Table Lamp,3,52.39,0.0,157.17,94.36,62.81,0.3996309728319654,2024,2,Feb,2024-02
2762,2024-05-20,C1345,West,Electronics,Laptop,5,710.78,0.05,3376.2,2297.86,1078.34,0.31939458562881345,2024,5,May,2024-05
2763,2025-08-03,C1073,North,Electronics,Monitor,5,208.71,0.0,1043.55,610.15,433.4,0.41531311389008674,2025,8,Aug,2025-08
2764,2025-11-11,C1395,South,Office Supplies,Printer Paper,5,12.25,0.15,52.06,39.33,12.73,0.24452554744525548,2025,11,Nov,2025-11
2765,2024-02-04,C1462,North,Electronics,Monitor,7,227.53,0.1,1433.44,998.11,435.33,0.3036960040183056,2024,2,Feb,2024-02
2766,2024-09-08,C1148,North,Office Supplies,Pen Set,3,9.42,0.1,25.43,21.4,4.03,0.15847424302005506,2024,9,Sep,2024-09
2767,2025-10-03,C1507,East,Electronics,Laptop,5,652.81,0.1,2937.64,2019.92,917.72,0.3124004302773655,2025,10,Oct,2025-10
2768,2024-05-12,C1060,Central,Electronics,Monitor,2,198.28,0.0,396.56,244.34,152.22,0.38385111962880775,2024,5,May,2024-05
2769,2025-08-20,C1266,West,Furniture,Bookshelf,1,148.33,0.05,140.91,115.67,25.24,0.17912142502306436,2025,8,Aug,2025-08
2770,2024-10-09,C1193,South,Office Supplies,Stapler,4,16.35,0.1,58.86,38.15,20.71,0.35185185185185186,2024,10,Oct,2024-10
2771,2024-08-14,C1179,West,Office Supplies,Notebook,7,8.18,0.2,45.81,35.47,10.34,0.2257149094084261,2024,8,Aug,2024-08
2772,2025-11-28,C1300,North,Electronics,Laptop,1,674.3,0.1,606.87,454.78,152.09,0.2506138052630712,2025,11,Nov,2025-11
2773,2024-12-16,C1177,Central,Electronics,Headphones,7,93.35,0.15,555.43,485.82,69.61,0.12532632374916733,2024,12,Dec,2024-12
2774,2025-03-02,C1311,East,Furniture,Table Lamp,1,49.87,0.2,39.9,29.71,10.19,0.25538847117794483,2025,3,Mar,2025-03
2775,2025-01-17,C1489,South,Office Supplies,Notebook,5,7.99,0.0,39.95,26.28,13.67,0.3421777221526908,2025,1,Jan,2025-01
2776,2025-08-06,C1504,East,Electronics,Monitor,5,229.92,0.2,919.68,680.36,239.32,0.26022094641614474,2025,8,Aug,2025-08
2777,2024-03-01,C1095,Central,Office Supplies,Stapler,7,16.02,0.05,106.53,71.89,34.64,0.32516661973153105,2024,3,Mar,2024-03
2778,2025-11-18,C1533,West,Furniture,Office Chair,2,189.79,0.15,322.64,245.11,77.53,0.24029878502355567,2025,11,Nov,2025-11
2779,2024-02-10,C1076,West,Office Supplies,Pen Set,7,9.28,0.0,64.96,46.47,18.49,0.2846366995073892,2024,2,Feb,2024-02
2780,2025-10-19,C1001,South,Electronics,Laptop,2,607.16,0.05,1153.6,716.41,437.19,0.37897884882108185,2025,10,Oct,2025-10
2781,2025-01-11,C1594,North,Electronics,Headphones,2,93.71,0.1,168.68,145.14,23.54,0.13955418543988615,2025,1,Jan,2025-01
2782,2025-10-15,C1508,North,Office Supplies,Pen Set,6,10.74,0.15,54.77,42.05,12.72,0.23224392915829833,2025,10,Oct,2025-10
2783,2025-08-08,C1505,West,Electronics,Monitor,1,203.71,0.05,193.52,123.52,70.0,0.36171971889210414,2025,8,Aug,2025-08
2784,2024-12-11,C1541,South,Electronics,Headphones,7,95.76,0.15,569.77,463.76,106.01,0.18605753198659108,2024,12,Dec,2024-12
2785,2025-12-15,C1371,South,Electronics,Smartphone,5,506.63,0.1,2279.84,1750.93,528.91,0.23199435048073547,2025,12,Dec,2025-12
2786,2024-12-02,C1278,Central,Electronics,Smartphone,2,449.22,0.05,853.52,711.71,141.81,0.16614724903927267,2024,12,Dec,2024-12
2787,2025-10-12,C1454,North,Furniture,Table Lamp,2,53.46,0.0,106.92,69.05,37.87,0.35419004863449305,2025,10,Oct,2025-10
2788,2025-01-22,C1012,North,Accessories,Mouse,2,25.71,0.1,46.28,36.06,10.22,0.22082973206568712,2025,1,Jan,2025-01
2789,2024-05-04,C1461,West,Accessories,Keyboard,4,32.81,0.05,124.68,96.08,28.6,0.22938723131215913,2024,5,May,2024-05
2790,2024-10-03,C1339,West,Electronics,Laptop,6,611.98,0.1,3304.69,2313.28,991.41,0.3000009078007317,2024,10,Oct,2024-10
2791,2025-05-20,C1083,West,Accessories,Backpack,5,47.19,0.15,200.56,159.22,41.34,0.20612285600319108,2025,5,May,2025-05
2792,2025-03-06,C1456,South,Accessories,Backpack,5,42.21,0.05,200.5,163.28,37.22,0.1856359102244389,2025,3,Mar,2025-03
2793,2025-05-16,C1049,West,Office Supplies,Pen Set,7,9.58,0.05,63.71,40.97,22.74,0.35692983832993247,2025,5,May,2025-05
2794,2024-11-26,C1032,North,Electronics,Monitor,5,227.24,0.0,1136.2,671.12,465.08,0.40932934342545324,2024,11,Nov,2024-11
2795,2024-11-22,C1585,Central,Office Supplies,Pen Set,5,9.46,0.1,42.57,29.33,13.24,0.31101714822645055,2024,11,Nov,2024-11
2796,2025-01-08,C1504,South,Electronics,Smartphone,6,524.66,0.05,2990.56,2353.13,637.43,0.21314737039216733,2025,1,Jan,2025-01
2797,2025-05-09,C1093,South,Electronics,Headphones,5,92.25,0.2,369.0,288.38,80.62,0.21848238482384824,2025,5,May,2025-05
2798,2024-09-18,C1435,North,Furniture,Office Chair,1,173.05,0.05,164.4,109.48,54.92,0.3340632603406326,2024,9,Sep,2024-09
2799,2024-09-26,C1263,East,Office Supplies,Notebook,1,8.53,0.1,7.68,6.99,0.69,0.08984375,2024,9,Sep,2024-09
2800,2025-11-12,C1560,North,Office Supplies,Notebook,5,7.61,0.0,38.05,23.43,14.62,0.3842312746386334,2025,11,Nov,2025-11
2801,2024-09-17,C1298,East,Electronics,Headphones,2,86.96,0.1,156.53,115.23,41.3,0.2638471858429694,2024,9,Sep,2024-09
2802,2024-10-23,C1364,West,Accessories,Keyboard,1,32.48,0.0,32.48,20.94,11.54,0.3552955665024631,2024,10,Oct,2024-10
2803,2025-11-13,C1382,Central,Electronics,Headphones,5,92.65,0.05,440.09,298.08,142.01,0.3226839964552705,2025,11,Nov,2025-11
2804,2024-10-21,C1557,North,Office Supplies,Stapler,6,15.65,0.15,79.82,60.81,19.01,0.23816086193936362,2024,10,Oct,2024-10
2805,2024-07-19,C1579,North,Office Supplies,Printer Paper,6,12.81,0.15,65.33,59.94,5.39,0.0825042093984387,2024,7,Jul,2024-07
2806,2024-03-17,C1221,South,Furniture,Bookshelf,6,132.9,0.2,637.92,643.96,-6.04,-0.009468271883621772,2024,3,Mar,2024-03
2807,2024-06-05,C1024,Central,Furniture,Desk,4,240.69,0.15,818.35,630.21,188.14,0.22990163133133742,2024,6,Jun,2024-06
2808,2025-05-11,C1361,West,Office Supplies,Stapler,6,13.56,0.05,77.29,66.66,10.63,0.13753396299650666,2025,5,May,2025-05
2809,2024-08-02,C1141,South,Furniture,Office Chair,3,167.39,0.0,502.17,405.91,96.26,0.19168807375988212,2024,8,Aug,2024-08
2810,2025-06-18,C1176,East,Accessories,Backpack,3,43.73,0.05,124.63,86.34,38.29,0.30722939902110247,2025,6,Jun,2025-06
2811,2024-05-02,C1453,East,Accessories,Keyboard,4,32.67,0.15,111.08,93.87,17.21,0.15493338134677712,2024,5,May,2024-05
2812,2024-06-06,C1115,West,Accessories,Mouse,2,25.04,0.05,47.58,31.84,15.74,0.33081126523749477,2024,6,Jun,2024-06
2813,2025-12-31,C1345,South,Electronics,Monitor,5,207.69,0.05,986.53,728.74,257.79,0.2613098435932004,2025,12,Dec,2025-12
2814,2024-03-22,C1201,Central,Electronics,Laptop,2,695.52,0.05,1321.49,889.29,432.2,0.32705506662933503,2024,3,Mar,2024-03
2815,2024-07-10,C1480,West,Electronics,Monitor,2,230.92,0.05,438.75,368.47,70.28,0.16018233618233618,2024,7,Jul,2024-07
2816,2024-11-28,C1577,East,Furniture,Bookshelf,4,126.59,0.0,506.36,326.86,179.5,0.35449087605656054,2024,11,Nov,2024-11
2817,2025-01-14,C1073,North,Office Supplies,Pen Set,6,10.24,0.15,52.22,36.41,15.81,0.30275756415166605,2025,1,Jan,2025-01
2818,2024-03-31,C1548,North,Office Supplies,Printer Paper,3,13.08,0.1,35.32,29.71,5.61,0.15883352208380522,2024,3,Mar,2024-03
2819,2024-06-16,C1382,South,Accessories,Backpack,5,43.31,0.15,184.07,132.36,51.71,0.2809257347748139,2024,6,Jun,2024-06
2820,2025-06-19,C1511,South,Accessories,Backpack,2,43.79,0.1,78.82,52.05,26.77,0.33963461050494803,2025,6,Jun,2025-06
2821,2025-11-11,C1416,West,Furniture,Office Chair,3,185.25,0.15,472.39,335.8,136.59,0.28914667965028895,2025,11,Nov,2025-11
2822,2024-06-30,C1087,North,Electronics,Headphones,6,91.84,0.0,551.04,432.1,118.94,0.21584639953542395,2024,6,Jun,2024-06
2823,2024-10-19,C1485,Central,Furniture,Office Chair,3,188.25,0.1,508.28,375.83,132.45,0.2605847170850712,2024,10,Oct,2024-10
2824,2025-05-17,C1388,East,Accessories,Mouse,4,25.44,0.0,101.76,79.03,22.73,0.2233687106918239,2025,5,May,2025-05
2825,2025-11-26,C1496,West,Office Supplies,Printer Paper,2,11.43,0.1,20.57,15.3,5.27,0.256198347107438,2025,11,Nov,2025-11
2826,2024-04-26,C1298,West,Accessories,Keyboard,5,37.8,0.0,189.0,113.91,75.09,0.3973015873015873,2024,4,Apr,2024-04
2827,2024-02-21,C1209,Central,Electronics,Monitor,3,202.11,0.0,606.33,401.05,205.28,0.33856150940906765,2024,2,Feb,2024-02
2828,2024-05-06,C1117,South,Electronics,Smartphone,7,474.9,0.0,3324.3,2679.44,644.86,0.19398369581566044,2024,5,May,2024-05
2829,2024-10-18,C1300,West,Office Supplies,Stapler,1,16.45,0.0,16.45,13.29,3.16,0.19209726443768999,2024,10,Oct,2024-10
2830,2025-02-25,C1406,Central,Electronics,Headphones,6,91.86,0.0,551.16,327.15,224.01,0.4064337034617897,2025,2,Feb,2025-02
2831,2024-06-26,C1266,West,Accessories,USB Hub,6,32.86,0.2,157.73,150.9,6.83,0.043301844924871616,2024,6,Jun,2024-06
2832,2024-03-15,C1380,West,Electronics,Smartphone,4,479.01,0.15,1628.63,1485.9,142.73,0.08763807617445336,2024,3,Mar,2024-03
2833,2024-11-08,C1451,South,Office Supplies,Pen Set,1,10.72,0.0,10.72,8.26,2.46,0.2294776119402985,2024,11,Nov,2024-11
2834,2025-04-15,C1105,Central,Accessories,Keyboard,3,32.57,0.1,87.94,74.46,13.48,0.15328633158972027,2025,4,Apr,2025-04
2835,2025-11-22,C1074,South,Electronics,Laptop,1,585.89,0.1,527.3,428.1,99.2,0.18812820026550353,2025,11,Nov,2025-11
2836,2024-10-11,C1142,West,Electronics,Smartphone,1,432.83,0.0,432.83,267.49,165.34,0.381997551001548,2024,10,Oct,2024-10
2837,2024-11-07,C1101,Central,Office Supplies,Pen Set,1,9.44,0.05,8.97,7.7,1.27,0.14158305462653287,2024,11,Nov,2024-11
2838,2025-04-11,C1388,West,Office Supplies,Pen Set,2,10.25,0.05,19.47,14.76,4.71,0.24191063174114022,2025,4,Apr,2025-04
2839,2024-01-14,C1091,Central,Office Supplies,Stapler,2,15.86,0.05,30.13,19.19,10.94,0.36309326252904084,2024,1,Jan,2024-01
2840,2024-11-07,C1144,North,Office Supplies,Printer Paper,2,13.06,0.15,22.2,19.39,2.81,0.1265765765765766,2024,11,Nov,2024-11
2841,2024-11-24,C1161,East,Office Supplies,Pen Set,7,10.83,0.1,68.23,48.84,19.39,0.28418584200498315,2024,11,Nov,2024-11
2842,2024-02-05,C1281,North,Electronics,Headphones,5,95.75,0.1,430.88,353.6,77.28,0.17935388043074638,2024,2,Feb,2024-02
2843,2024-08-12,C1198,North,Furniture,Bookshelf,1,144.24,0.2,115.39,93.94,21.45,0.18589132507149667,2024,8,Aug,2024-08
2844,2024-10-02,C1385,South,Furniture,Bookshelf,7,140.48,0.2,786.69,781.82,4.87,0.006190494349743864,2024,10,Oct,2024-10
2845,2025-01-31,C1192,North,Furniture,Table Lamp,3,50.06,0.1,135.16,118.09,17.07,0.12629476176383547,2025,1,Jan,2025-01
2846,2025-09-28,C1425,North,Furniture,Table Lamp,5,53.92,0.1,242.64,158.5,84.14,0.3467688757006265,2025,9,Sep,2025-09
2847,2025-05-31,C1451,East,Accessories,USB Hub,7,31.34,0.0,219.38,176.57,42.81,0.19514085149056434,2025,5,May,2025-05
2848,2024-12-08,C1004,South,Electronics,Laptop,1,650.76,0.05,618.22,478.13,140.09,0.2266021804535602,2024,12,Dec,2024-12
2849,2025-11-11,C1272,East,Accessories,Mouse,5,25.6,0.05,121.6,75.77,45.83,0.37689144736842106,2025,11,Nov,2025-11
2850,2024-07-14,C1190,West,Furniture,Desk,4,235.42,0.0,941.68,612.25,329.43,0.3498322147651007,2024,7,Jul,2024-07
2851,2024-03-26,C1310,East,Electronics,Monitor,1,217.4,0.05,206.53,131.48,75.05,0.36338546458141674,2024,3,Mar,2024-03
2852,2025-09-18,C1149,South,Office Supplies,Pen Set,1,10.85,0.0,10.85,6.92,3.93,0.36221198156682033,2025,9,Sep,2025-09
2853,2025-11-23,C1178,East,Accessories,Backpack,1,46.74,0.0,46.74,32.76,13.98,0.2991014120667522,2025,11,Nov,2025-11
2854,2024-01-01,C1502,West,Furniture,Desk,4,285.25,0.05,1083.95,855.59,228.36,0.21067392407398866,2024,1,Jan,2024-01
2855,2024-05-28,C1358,North,Furniture,Office Chair,2,171.11,0.15,290.89,242.79,48.1,0.16535460139571662,2024,5,May,2024-05
2856,2025-11-05,C1351,West,Electronics,Monitor,1,236.3,0.1,212.67,153.54,59.13,0.27803639441388067,2025,11,Nov,2025-11
2857,2024-03-02,C1134,North,Office Supplies,Printer Paper,1,11.2,0.05,10.64,6.55,4.09,0.38439849624060146,2024,3,Mar,2024-03
2858,2024-08-06,C1036,South,Accessories,USB Hub,2,30.83,0.05,58.58,48.02,10.56,0.1802663024923182,2024,8,Aug,2024-08
2859,2024-08-14,C1587,North,Electronics,Monitor,4,212.64,0.0,850.56,499.77,350.79,0.41242240406320546,2024,8,Aug,2024-08
2860,2025-08-26,C1202,North,Office Supplies,Stapler,4,15.48,0.0,61.92,48.5,13.42,0.2167312661498708,2025,8,Aug,2025-08
2861,2024-08-24,C1585,South,Electronics,Headphones,7,94.48,0.1,595.22,422.62,172.6,0.28997681529518493,2024,8,Aug,2024-08
2862,2025-02-25,C1511,South,Furniture,Bookshelf,6,153.3,0.1,827.82,686.49,141.33,0.17072552004058855,2025,2,Feb,2025-02
2863,2025-08-18,C1485,West,Electronics,Laptop,5,676.5,0.1,3044.25,2604.53,439.72,0.14444280200377763,2025,8,Aug,2025-08
2864,2025-04-23,C1132,East,Office Supplies,Printer Paper,5,10.91,0.1,49.1,32.02,17.08,0.34786150712830954,2025,4,Apr,2025-04
2865,2025-08-06,C1237,South,Office Supplies,Printer Paper,4,12.54,0.0,50.16,35.29,14.87,0.29645135566188197,2025,8,Aug,2025-08
2866,2025-05-05,C1101,South,Office Supplies,Notebook,5,8.67,0.0,43.35,28.74,14.61,0.3370242214532872,2025,5,May,2025-05
2867,2025-11-22,C1259,South,Furniture,Bookshelf,2,147.23,0.1,265.01,228.96,36.05,0.13603260254330024,2025,11,Nov,2025-11
2868,2025-05-23,C1268,West,Office Supplies,Notebook,1,8.79,0.05,8.35,6.66,1.69,0.20239520958083831,2025,5,May,2025-05
2869,2024-02-01,C1597,East,Furniture,Office Chair,4,187.21,0.1,673.96,589.44,84.52,0.1254080360852276,2024,2,Feb,2024-02
2870,2024-02-04,C1204,North,Furniture,Bookshelf,1,147.35,0.05,139.98,90.26,49.72,0.3551935990855837,2024,2,Feb,2024-02
2871,2024-05-25,C1203,Central,Electronics,Laptop,1,644.98,0.05,612.73,411.03,201.7,0.3291825110570724,2024,5,May,2024-05
2872,2024-12-27,C1229,Central,Electronics,Monitor,1,222.28,0.0,222.28,178.55,43.73,0.1967338491992082,2024,12,Dec,2024-12
2873,2025-06-26,C1020,West,Electronics,Monitor,1,230.18,0.05,218.67,184.74,33.93,0.15516531760186583,2025,6,Jun,2025-06
2874,2024-11-22,C1531,East,Electronics,Laptop,5,594.79,0.05,2825.25,2238.12,587.13,0.20781523758959383,2024,11,Nov,2024-11
2875,2024-04-15,C1573,North,Electronics,Headphones,1,84.04,0.0,84.04,56.05,27.99,0.3330556877677296,2024,4,Apr,2024-04
2876,2024-06-19,C1150,East,Accessories,Backpack,1,44.96,0.0,44.96,32.72,12.24,0.2722419928825623,2024,6,Jun,2024-06
2877,2025-06-08,C1518,North,Electronics,Smartphone,5,439.66,0.05,2088.39,1347.9,740.49,0.35457457658770636,2025,6,Jun,2025-06
2878,2024-08-19,C1449,West,Furniture,Office Chair,3,194.68,0.1,525.64,420.37,105.27,0.20027014686857925,2024,8,Aug,2024-08
2879,2024-04-15,C1322,Central,Office Supplies,Stapler,5,13.73,0.2,54.92,46.88,8.04,0.14639475600873997,2024,4,Apr,2024-04
2880,2024-08-18,C1216,West,Electronics,Smartphone,4,492.39,0.1,1772.6,1209.68,562.92,0.31756741509646846,2024,8,Aug,2024-08
2881,2024-04-06,C1501,West,Electronics,Headphones,2,96.97,0.1,174.55,121.81,52.74,0.30214838155256374,2024,4,Apr,2024-04
2882,2024-11-18,C1101,East,Accessories,Keyboard,7,35.47,0.05,235.88,159.33,76.55,0.3245294217398677,2024,11,Nov,2024-11
2883,2025-07-25,C1351,West,Furniture,Office Chair,7,185.87,0.1,1170.98,874.01,296.97,0.25360808895113496,2025,7,Jul,2025-07
2884,2024-06-15,C1211,South,Electronics,Smartphone,4,503.23,0.1,1811.63,1543.77,267.86,0.14785579836942422,2024,6,Jun,2024-06
2885,2025-06-26,C1228,North,Furniture,Table Lamp,3,54.71,0.1,147.72,120.59,27.13,0.18365827240725696,2025,6,Jun,2025-06
2886,2025-04-20,C1153,East,Office Supplies,Pen Set,7,10.15,0.1,63.94,41.85,22.09,0.34548013762902724,2025,4,Apr,2025-04
2887,2024-08-29,C1506,West,Furniture,Bookshelf,3,146.85,0.0,440.55,299.82,140.73,0.3194416070820565,2024,8,Aug,2024-08
2888,2024-10-20,C1105,West,Electronics,Smartphone,6,482.76,0.1,2606.9,2234.18,372.72,0.14297441405500788,2024,10,Oct,2024-10
2889,2025-07-09,C1447,North,Office Supplies,Notebook,3,8.71,0.2,20.9,19.62,1.28,0.06124401913875599,2025,7,Jul,2025-07
2890,2025-03-22,C1245,Central,Furniture,Table Lamp,2,60.25,0.1,108.45,98.07,10.38,0.09571230982019364,2025,3,Mar,2025-03
2891,2024-02-26,C1361,West,Accessories,USB Hub,3,27.46,0.15,70.02,63.63,6.39,0.09125964010282776,2024,2,Feb,2024-02
2892,2025-08-28,C1557,South,Electronics,Smartphone,2,474.56,0.05,901.66,688.2,213.46,0.23674112193066124,2025,8,Aug,2025-08
2893,2025-03-29,C1445,East,Furniture,Bookshelf,4,151.77,0.0,607.08,418.64,188.44,0.310403900639125,2025,3,Mar,2025-03
2894,2024-02-21,C1498,Central,Electronics,Laptop,4,610.81,0.15,2076.75,1419.11,657.64,0.31666787047068734,2024,2,Feb,2024-02
2895,2024-05-04,C1292,South,Furniture,Desk,7,251.57,0.15,1496.84,1398.49,98.35,0.06570508537986693,2024,5,May,2024-05
2896,2024-02-20,C1225,East,Electronics,Laptop,5,643.1,0.1,2893.95,2567.65,326.3,0.11275246635221757,2024,2,Feb,2024-02
2897,2025-04-13,C1522,Central,Accessories,USB Hub,1,28.57,0.15,24.28,19.41,4.87,0.20057660626029652,2025,4,Apr,2025-04
2898,2025-11-27,C1575,West,Accessories,Keyboard,4,35.41,0.0,141.64,95.25,46.39,0.32752047444224797,2025,11,Nov,2025-11
2899,2025-03-06,C1362,North,Electronics,Smartphone,3,490.57,0.15,1250.95,1029.58,221.37,0.17696150925296775,2025,3,Mar,2025-03
2900,2024-08-11,C1300,West,Accessories,USB Hub,2,32.49,0.15,55.23,45.41,9.82,0.17780191924678618,2024,8,Aug,2024-08
2901,2025-04-09,C1539,West,Accessories,Keyboard,6,36.95,0.2,177.36,169.45,7.91,0.04459855660802887,2025,4,Apr,2025-04
2902,2025-10-10,C1585,South,Accessories,USB Hub,3,32.04,0.05,91.31,57.76,33.55,0.3674296353082904,2025,10,Oct,2025-10
2903,2024-10-01,C1111,South,Electronics,Headphones,2,83.23,0.05,158.14,96.96,61.18,0.3868723915517896,2024,10,Oct,2024-10
2904,2025-04-27,C1294,West,Furniture,Bookshelf,3,142.52,0.05,406.18,320.22,85.96,0.21163031168447485,2025,4,Apr,2025-04
2905,2025-10-06,C1389,West,Furniture,Table Lamp,5,60.07,0.1,270.32,186.1,84.22,0.31155667357206274,2025,10,Oct,2025-10
2906,2024-08-14,C1508,South,Electronics,Laptop,7,710.31,0.0,4972.17,3628.8,1343.37,0.27017780968872745,2024,8,Aug,2024-08
2907,2025-09-20,C1021,East,Electronics,Headphones,3,88.37,0.0,265.11,163.62,101.49,0.38282222473690164,2025,9,Sep,2025-09
2908,2025-01-21,C1458,South,Furniture,Office Chair,2,190.05,0.0,380.1,278.94,101.16,0.2661404893449092,2025,1,Jan,2025-01
2909,2025-10-01,C1021,North,Accessories,USB Hub,4,29.87,0.15,101.56,79.06,22.5,0.22154391492713665,2025,10,Oct,2025-10
2910,2025-02-11,C1152,South,Accessories,Backpack,2,44.42,0.1,79.96,55.32,24.64,0.30815407703851927,2025,2,Feb,2025-02
2911,2024-01-13,C1473,South,Furniture,Office Chair,1,176.38,0.0,176.38,119.66,56.72,0.3215784102505953,2024,1,Jan,2024-01
2912,2024-06-06,C1540,Central,Office Supplies,Stapler,5,15.79,0.05,75.0,46.86,28.14,0.37520000000000003,2024,6,Jun,2024-06
2913,2024-05-07,C1425,East,Furniture,Table Lamp,5,57.67,0.0,288.35,228.13,60.22,0.2088434194555228,2024,5,May,2024-05
2914,2024-03-20,C1025,North,Office Supplies,Notebook,5,7.66,0.0,38.3,25.59,12.71,0.33185378590078335,2024,3,Mar,2024-03
2915,2025-03-06,C1563,West,Electronics,Monitor,6,208.14,0.05,1186.4,876.71,309.69,0.26103337828725554,2025,3,Mar,2025-03
2916,2025-03-14,C1468,North,Accessories,Mouse,5,26.95,0.1,121.28,107.65,13.63,0.11238456464379948,2025,3,Mar,2025-03
2917,2025-05-27,C1461,North,Accessories,Mouse,2,26.05,0.15,44.28,40.04,4.24,0.0957542908762421,2025,5,May,2025-05
2918,2024-02-21,C1089,East,Office Supplies,Notebook,1,7.27,0.15,6.18,5.29,0.89,0.14401294498381878,2024,2,Feb,2024-02
2919,2025-11-15,C1063,North,Electronics,Monitor,2,202.71,0.05,385.15,309.35,75.8,0.1968064390497209,2025,11,Nov,2025-11
2920,2025-07-09,C1433,East,Electronics,Headphones,6,90.9,0.1,490.86,401.52,89.34,0.18200708959784867,2025,7,Jul,2025-07
2921,2024-11-03,C1077,West,Electronics,Laptop,3,678.06,0.15,1729.05,1357.37,371.68,0.21496197333796016,2024,11,Nov,2024-11
2922,2025-12-29,C1161,South,Electronics,Monitor,4,233.39,0.2,746.85,704.98,41.87,0.05606212760259757,2025,12,Dec,2025-12
2923,2024-02-27,C1372,Central,Furniture,Desk,6,273.21,0.05,1557.3,1292.16,265.14,0.170256212675785,2024,2,Feb,2024-02
2924,2024-02-05,C1530,South,Accessories,Mouse,2,24.13,0.1,43.43,36.11,7.32,0.16854708726686624,2024,2,Feb,2024-02
2925,2025-01-03,C1203,West,Electronics,Headphones,6,94.17,0.05,536.77,379.43,157.34,0.29312368425955254,2025,1,Jan,2025-01
2926,2025-09-30,C1189,West,Electronics,Monitor,1,231.52,0.1,208.37,147.12,61.25,0.29394826510534144,2025,9,Sep,2025-09
2927,2024-10-03,C1191,West,Electronics,Monitor,2,233.6,0.05,443.84,305.19,138.65,0.31238734679163666,2024,10,Oct,2024-10
2928,2025-10-31,C1183,Central,Electronics,Smartphone,4,486.24,0.1,1750.46,1415.21,335.25,0.19152108588599567,2025,10,Oct,2025-10
2929,2025-12-17,C1273,West,Electronics,Laptop,7,703.45,0.05,4677.94,3448.57,1229.37,0.2628015750522666,2025,12,Dec,2025-12
2930,2025-01-13,C1188,Central,Accessories,USB Hub,5,29.76,0.05,141.36,109.74,31.62,0.22368421052631576,2025,1,Jan,2025-01
2931,2025-07-22,C1377,Central,Electronics,Smartphone,5,520.08,0.0,2600.4,2067.0,533.4,0.20512228887863404,2025,7,Jul,2025-07
2932,2024-12-06,C1225,West,Electronics,Smartphone,6,526.82,0.0,3160.92,2085.98,1074.94,0.34007187780772685,2024,12,Dec,2024-12
2933,2025-02-05,C1509,Central,Electronics,Headphones,1,82.34,0.1,74.11,57.3,16.81,0.22682498987990823,2025,2,Feb,2025-02
2934,2024-12-07,C1189,Central,Electronics,Laptop,5,603.95,0.0,3019.75,2015.27,1004.48,0.3326368076827552,2024,12,Dec,2024-12
2935,2025-11-06,C1254,South,Accessories,Backpack,3,44.46,0.05,126.71,82.97,43.74,0.34519769552521506,2025,11,Nov,2025-11
2936,2025-10-24,C1113,North,Electronics,Smartphone,2,522.12,0.0,1044.24,608.39,435.85,0.4173848923619092,2025,10,Oct,2025-10
2937,2024-12-07,C1070,East,Accessories,Mouse,3,22.81,0.0,68.43,42.1,26.33,0.3847727604851673,2024,12,Dec,2024-12
2938,2025-08-04,C1596,South,Accessories,Mouse,3,23.14,0.05,65.95,43.99,21.96,0.3329795299469295,2025,8,Aug,2025-08
2939,2025-03-11,C1235,Central,Electronics,Laptop,5,702.35,0.05,3336.16,2522.42,813.74,0.2439151599443672,2025,3,Mar,2025-03
2940,2024-11-05,C1284,West,Accessories,Mouse,4,24.67,0.0,98.68,62.31,36.37,0.36856505877584106,2024,11,Nov,2024-11
2941,2025-08-07,C1415,Central,Furniture,Office Chair,1,191.55,0.1,172.4,154.5,17.9,0.10382830626450115,2025,8,Aug,2025-08
2942,2024-04-08,C1344,East,Electronics,Smartphone,1,463.15,0.05,439.99,345.84,94.15,0.2139821359576354,2024,4,Apr,2024-04
2943,2025-02-28,C1193,North,Accessories,Backpack,4,46.82,0.1,168.55,136.21,32.34,0.19187184811628596,2025,2,Feb,2025-02
2944,2024-06-28,C1570,North,Furniture,Office Chair,5,169.85,0.1,764.32,649.95,114.37,0.149636277998744,2024,6,Jun,2024-06
2945,2025-12-27,C1119,Central,Accessories,Mouse,6,26.01,0.05,148.26,93.9,54.36,0.36665317685147714,2025,12,Dec,2025-12
2946,2024-03-13,C1245,East,Electronics,Headphones,7,81.28,0.1,512.06,354.61,157.45,0.3074834980275749,2024,3,Mar,2024-03
2947,2024-10-03,C1233,Central,Electronics,Headphones,7,94.71,0.1,596.67,522.34,74.33,0.12457472304623997,2024,10,Oct,2024-10
2948,2025-12-27,C1583,West,Electronics,Monitor,2,227.82,0.05,432.86,284.75,148.11,0.34216605830984614,2025,12,Dec,2025-12
2949,2024-09-01,C1246,West,Electronics,Smartphone,3,522.33,0.1,1410.29,1177.14,233.15,0.16532060781825014,2024,9,Sep,2024-09
2950,2025-08-05,C1359,Central,Office Supplies,Printer Paper,5,12.59,0.15,53.51,42.92,10.59,0.19790693328349843,2025,8,Aug,2025-08
2951,2025-05-31,C1528,Central,Accessories,USB Hub,6,29.53,0.05,168.32,107.42,60.9,0.36181083650190116,2025,5,May,2025-05
2952,2024-11-15,C1218,South,Accessories,Mouse,4,26.19,0.2,83.81,70.63,13.18,0.15726047011096528,2024,11,Nov,2024-11
2953,2024-11-25,C1463,South,Electronics,Monitor,3,213.3,0.15,543.92,491.83,52.09,0.0957677599647007,2024,11,Nov,2024-11
2954,2024-08-07,C1353,West,Furniture,Office Chair,2,176.48,0.0,352.96,268.19,84.77,0.24016885766092474,2024,8,Aug,2024-08
2955,2024-01-05,C1495,East,Office Supplies,Pen Set,2,10.06,0.05,19.11,16.46,2.65,0.13867085295656725,2024,1,Jan,2024-01
2956,2025-01-22,C1287,West,Accessories,Mouse,6,23.59,0.15,120.31,97.58,22.73,0.18892860111378937,2025,1,Jan,2025-01
2957,2025-01-31,C1367,Central,Accessories,Backpack,4,44.01,0.1,158.44,116.92,41.52,0.2620550366069175,2025,1,Jan,2025-01
2958,2024-04-23,C1020,West,Furniture,Desk,3,235.06,0.1,634.66,515.67,118.99,0.18748621309047364,2024,4,Apr,2024-04
2959,2024-07-22,C1582,East,Accessories,Keyboard,4,36.49,0.15,124.07,104.02,20.05,0.16160232127025068,2024,7,Jul,2024-07
2960,2024-03-24,C1421,West,Electronics,Laptop,3,655.5,0.2,1573.2,1453.2,120.0,0.07627765064836003,2024,3,Mar,2024-03
2961,2024-03-01,C1034,Central,Accessories,Mouse,7,25.83,0.15,153.69,115.05,38.64,0.25141518641421046,2024,3,Mar,2024-03
2962,2024-07-30,C1309,South,Furniture,Office Chair,6,186.46,0.05,1062.82,678.58,384.24,0.3615287631019364,2024,7,Jul,2024-07
2963,2025-07-23,C1216,West,Furniture,Office Chair,7,189.29,0.05,1258.78,986.59,272.19,0.21623317815662785,2025,7,Jul,2025-07
2964,2025-08-25,C1383,Central,Electronics,Monitor,4,212.4,0.05,807.12,693.41,113.71,0.14088363564277925,2025,8,Aug,2025-08
2965,2025-01-03,C1140,South,Furniture,Office Chair,1,164.97,0.0,164.97,105.89,59.08,0.35812571982784747,2025,1,Jan,2025-01
2966,2024-10-01,C1248,West,Office Supplies,Pen Set,1,10.74,0.05,10.2,7.41,2.79,0.2735294117647059,2024,10,Oct,2024-10
2967,2024-04-20,C1191,West,Office Supplies,Stapler,5,13.78,0.0,68.9,53.94,14.96,0.21712626995645862,2024,4,Apr,2024-04
2968,2024-06-11,C1264,East,Electronics,Monitor,1,199.68,0.0,199.68,124.31,75.37,0.37745392628205127,2024,6,Jun,2024-06
2969,2025-08-21,C1049,West,Electronics,Smartphone,6,433.51,0.2,2080.85,2112.67,-31.82,-0.0152918278588077,2025,8,Aug,2025-08
2970,2025-03-26,C1223,East,Electronics,Laptop,7,587.6,0.1,3701.88,3346.57,355.31,0.09598096102520881,2025,3,Mar,2025-03
2971,2024-09-25,C1339,West,Furniture,Desk,1,260.87,0.05,247.83,204.82,43.01,0.17354638260097646,2024,9,Sep,2024-09
2972,2025-12-04,C1259,Central,Electronics,Monitor,5,207.83,0.0,1039.15,664.33,374.82,0.36069864793340706,2025,12,Dec,2025-12
2973,2025-01-14,C1347,North,Furniture,Table Lamp,6,59.19,0.1,319.63,220.6,99.03,0.309826987454244,2025,1,Jan,2025-01
2974,2025-12-06,C1133,West,Office Supplies,Pen Set,6,10.16,0.0,60.96,46.56,14.4,0.23622047244094488,2025,12,Dec,2025-12
2975,2024-07-15,C1242,West,Furniture,Table Lamp,4,52.84,0.05,200.79,166.01,34.78,0.17321579759948205,2024,7,Jul,2024-07
2976,2024-10-06,C1394,West,Accessories,Keyboard,5,38.18,0.1,171.81,146.19,25.62,0.14911821197834818,2024,10,Oct,2024-10
2977,2024-03-03,C1576,West,Accessories,Mouse,2,24.48,0.15,41.62,39.23,2.39,0.05742431523306103,2024,3,Mar,2024-03
2978,2025-08-31,C1076,West,Office Supplies,Printer Paper,6,11.72,0.1,63.29,50.19,13.1,0.20698372570706272,2025,8,Aug,2025-08
2979,2024-09-03,C1399,North,Electronics,Smartphone,7,486.71,0.1,3066.27,2007.68,1058.59,0.3452370469658575,2024,9,Sep,2024-09
2980,2024-08-28,C1292,South,Electronics,Smartphone,1,488.42,0.05,464.0,351.06,112.94,0.24340517241379309,2024,8,Aug,2024-08
2981,2024-08-23,C1579,South,Office Supplies,Printer Paper,2,11.01,0.05,20.92,14.34,6.58,0.31453154875717015,2024,8,Aug,2024-08
2982,2024-07-09,C1360,North,Furniture,Bookshelf,4,126.77,0.1,456.37,361.62,94.75,0.20761662685978483,2024,7,Jul,2024-07
2983,2025-05-17,C1319,North,Accessories,Backpack,1,44.26,0.1,39.83,29.25,10.58,0.2656289229224203,2025,5,May,2025-05
2984,2024-09-17,C1167,North,Electronics,Smartphone,5,523.06,0.2,2092.24,1638.24,454.0,0.21699231445723247,2024,9,Sep,2024-09
2985,2024-08-23,C1279,Central,Office Supplies,Stapler,1,13.52,0.2,10.82,9.9,0.92,0.08502772643253236,2024,8,Aug,2024-08
2986,2025-11-30,C1175,Central,Furniture,Office Chair,2,186.35,0.1,335.43,261.51,73.92,0.22037384849297917,2025,11,Nov,2025-11
2987,2025-09-26,C1438,East,Furniture,Table Lamp,6,53.45,0.15,272.6,251.91,20.69,0.07589875275128394,2025,9,Sep,2025-09
2988,2024-09-27,C1062,West,Accessories,Mouse,3,27.09,0.0,81.27,56.35,24.92,0.3066322136089578,2024,9,Sep,2024-09
2989,2025-01-22,C1083,South,Furniture,Table Lamp,4,57.04,0.2,182.53,183.07,-0.54,-0.002958417794335178,2025,1,Jan,2025-01
2990,2025-03-09,C1392,West,Furniture,Table Lamp,6,59.46,0.15,303.25,245.61,57.64,0.19007419620774937,2025,3,Mar,2025-03
2991,2024-11-15,C1179,West,Electronics,Headphones,4,90.31,0.15,307.05,268.93,38.12,0.12414916137436899,2024,11,Nov,2024-11
2992,2025-07-26,C1235,Central,Electronics,Headphones,4,83.67,0.05,317.95,209.2,108.75,0.3420349111495518,2025,7,Jul,2025-07
2993,2024-06-13,C1312,East,Office Supplies,Notebook,5,8.01,0.0,40.05,31.95,8.1,0.20224719101123595,2024,6,Jun,2024-06
2994,2024-05-06,C1217,East,Furniture,Office Chair,1,181.99,0.0,181.99,128.73,53.26,0.29265344249684044,2024,5,May,2024-05
2995,2024-07-14,C1425,West,Electronics,Monitor,5,234.24,0.0,1171.2,708.56,462.64,0.3950136612021858,2024,7,Jul,2024-07
2996,2025-11-23,C1566,North,Electronics,Laptop,3,615.91,0.05,1755.34,1114.58,640.76,0.3650346941333303,2025,11,Nov,2025-11
2997,2024-03-19,C1150,South,Accessories,USB Hub,2,30.35,0.05,57.66,45.61,12.05,0.20898369753728757,2024,3,Mar,2024-03
2998,2024-09-12,C1343,West,Furniture,Bookshelf,2,132.56,0.1,238.61,163.05,75.56,0.31666736515653154,2024,9,Sep,2024-09
2999,2025-01-29,C1535,East,Electronics,Headphones,7,82.95,0.05,551.62,412.99,138.63,0.25131431057612125,2025,1,Jan,2025-01
3000,2024-03-28,C1279,South,Office Supplies,Notebook,1,8.19,0.15,6.96,6.0,0.96,0.13793103448275862,2024,3,Mar,2024-03
3001,2025-12-13,C1525,West,Office Supplies,Printer Paper,1,11.37,0.15,9.66,7.01,2.65,0.2743271221532091,2025,12,Dec,2025-12
3002,2024-01-17,C1162,Central,Furniture,Table Lamp,3,50.7,0.05,144.5,120.46,24.04,0.1663667820069204,2024,1,Jan,2024-01
3003,2024-11-23,C1549,South,Office Supplies,Stapler,3,14.38,0.1,38.83,25.11,13.72,0.35333505021890294,2024,11,Nov,2024-11
3004,2024-04-06,C1076,West,Accessories,USB Hub,7,31.86,0.0,223.02,148.28,74.74,0.3351268944489283,2024,4,Apr,2024-04
3005,2024-06-06,C1404,Central,Electronics,Monitor,4,238.25,0.1,857.7,632.37,225.33,0.2627142357467646,2024,6,Jun,2024-06
3006,2025-05-07,C1324,Central,Furniture,Desk,2,280.74,0.15,477.26,334.84,142.42,0.29841176717093404,2025,5,May,2025-05
3007,2024-06-07,C1406,East,Furniture,Office Chair,5,168.73,0.15,717.1,562.34,154.76,0.21581369404546086,2024,6,Jun,2024-06
3008,2024-06-29,C1280,East,Furniture,Bookshelf,4,145.86,0.05,554.27,373.22,181.05,0.32664585851660743,2024,6,Jun,2024-06
3009,2024-01-10,C1513,South,Office Supplies,Stapler,4,14.24,0.05,54.11,36.13,17.98,0.3322860839031602,2024,1,Jan,2024-01
3010,2024-06-19,C1106,West,Furniture,Bookshelf,1,152.43,0.0,152.43,121.37,31.06,0.20376566292724527,2024,6,Jun,2024-06
3011,2025-09-28,C1464,South,Electronics,Laptop,5,623.31,0.1,2804.9,1875.02,929.88,0.33151984027951087,2025,9,Sep,2025-09
3012,2025-11-10,C1076,North,Accessories,Backpack,5,44.14,0.0,220.7,156.54,64.16,0.2907113729043951,2025,11,Nov,2025-11
3013,2024-09-18,C1456,South,Accessories,Backpack,4,48.07,0.05,182.67,131.75,50.92,0.27875403733508514,2024,9,Sep,2024-09
3014,2025-05-26,C1227,East,Accessories,Mouse,6,24.42,0.0,146.52,118.55,27.97,0.1908954408954409,2025,5,May,2025-05
3015,2025-06-06,C1416,West,Electronics,Laptop,2,588.98,0.15,1001.27,895.74,105.53,0.10539614689344533,2025,6,Jun,2025-06
3016,2024-01-12,C1431,South,Electronics,Smartphone,5,442.88,0.1,1992.96,1397.13,595.83,0.29896736512524086,2024,1,Jan,2024-01
3017,2025-11-20,C1269,East,Furniture,Bookshelf,4,150.69,0.05,572.62,445.19,127.43,0.22253850721246202,2025,11,Nov,2025-11
3018,2024-11-08,C1057,East,Electronics,Headphones,1,85.54,0.0,85.54,65.73,19.81,0.2315875613747954,2024,11,Nov,2024-11
3019,2025-02-03,C1218,North,Electronics,Headphones,6,84.5,0.1,456.3,338.51,117.79,0.25814157352618894,2025,2,Feb,2025-02
3020,2025-11-10,C1169,Central,Office Supplies,Printer Paper,4,12.65,0.1,45.54,38.32,7.22,0.1585419411506368,2025,11,Nov,2025-11
3021,2024-08-20,C1085,South,Furniture,Table Lamp,5,58.16,0.05,276.26,220.84,55.42,0.2006081227828857,2024,8,Aug,2024-08
3022,2024-11-14,C1563,South,Office Supplies,Pen Set,7,10.66,0.0,74.62,51.39,23.23,0.31131064057893326,2024,11,Nov,2024-11
3023,2025-05-20,C1415,Central,Office Supplies,Printer Paper,2,11.14,0.1,20.05,14.84,5.21,0.2598503740648379,2025,5,May,2025-05
3024,2024-12-29,C1466,North,Electronics,Monitor,3,212.71,0.1,574.32,466.66,107.66,0.18745647026048193,2024,12,Dec,2024-12
3025,2024-12-30,C1373,North,Furniture,Table Lamp,3,56.91,0.0,170.73,115.05,55.68,0.32612897557547005,2024,12,Dec,2024-12
3026,2024-01-24,C1511,West,Furniture,Desk,1,264.83,0.05,251.59,201.95,49.64,0.1973051393139632,2024,1,Jan,2024-01
3027,2025-06-26,C1514,West,Office Supplies,Notebook,4,8.21,0.05,31.2,20.77,10.43,0.3342948717948718,2025,6,Jun,2025-06
3028,2024-09-02,C1203,North,Office Supplies,Notebook,4,8.64,0.05,32.83,21.91,10.92,0.3326226012793177,2024,9,Sep,2024-09
3029,2025-02-11,C1291,West,Furniture,Desk,7,247.23,0.1,1557.55,1316.05,241.5,0.15505120220859683,2025,2,Feb,2025-02
3030,2025-01-06,C1297,North,Accessories,USB Hub,5,29.82,0.0,149.1,112.65,36.45,0.244466800804829,2025,1,Jan,2025-01
3031,2025-10-30,C1132,North,Office Supplies,Pen Set,5,9.42,0.1,42.39,36.31,6.08,0.14343005425807973,2025,10,Oct,2025-10
3032,2024-03-17,C1392,East,Furniture,Table Lamp,2,49.55,0.0,99.1,66.91,32.19,0.3248234106962664,2024,3,Mar,2024-03
3033,2025-03-07,C1478,West,Electronics,Monitor,7,214.14,0.0,1498.98,886.81,612.17,0.4083910392400165,2025,3,Mar,2025-03
3034,2025-12-16,C1114,Central,Furniture,Bookshelf,4,137.07,0.15,466.04,436.33,29.71,0.06374989271307184,2025,12,Dec,2025-12
3035,2025-11-09,C1312,South,Furniture,Table Lamp,4,55.82,0.15,189.79,141.39,48.4,0.25501870488434586,2025,11,Nov,2025-11
3036,2025-11-24,C1042,South,Electronics,Monitor,5,232.88,0.05,1106.18,775.99,330.19,0.298495724023215,2025,11,Nov,2025-11
3037,2024-10-11,C1428,Central,Electronics,Laptop,5,707.78,0.05,3361.95,2386.75,975.2,0.29006975118606765,2024,10,Oct,2024-10
3038,2024-06-29,C1092,West,Office Supplies,Stapler,3,16.19,0.1,43.71,30.13,13.58,0.31068405399222143,2024,6,Jun,2024-06
3039,2024-04-14,C1251,West,Electronics,Headphones,5,95.96,0.1,431.82,314.31,117.51,0.2721272752535779,2024,4,Apr,2024-04
3040,2024-03-04,C1047,West,Furniture,Table Lamp,4,54.2,0.05,205.96,176.76,29.2,0.1417751019615459,2024,3,Mar,2024-03
3041,2025-02-20,C1549,West,Furniture,Bookshelf,2,129.0,0.05,245.1,196.79,48.31,0.1971032231742146,2025,2,Feb,2025-02
3042,2024-04-06,C1433,Central,Electronics,Smartphone,1,442.99,0.05,420.84,262.55,158.29,0.37612869499097046,2024,4,Apr,2024-04
3043,2025-12-07,C1120,North,Electronics,Smartphone,3,446.71,0.0,1340.13,962.95,377.18,0.2814503070597628,2025,12,Dec,2025-12
3044,2025-12-01,C1526,North,Electronics,Headphones,3,94.21,0.0,282.63,172.82,109.81,0.38852917241623325,2025,12,Dec,2025-12
3045,2025-12-27,C1114,West,Furniture,Table Lamp,1,54.14,0.1,48.73,35.84,12.89,0.26451877693412684,2025,12,Dec,2025-12
3046,2025-06-15,C1092,South,Electronics,Laptop,5,590.47,0.05,2804.73,1810.72,994.01,0.3544048803271616,2025,6,Jun,2025-06
3047,2025-06-28,C1324,East,Electronics,Laptop,3,689.5,0.05,1965.07,1358.83,606.24,0.3085080938592519,2025,6,Jun,2025-06
3048,2025-06-14,C1043,East,Office Supplies,Stapler,2,15.01,0.05,28.52,24.38,4.14,0.14516129032258063,2025,6,Jun,2025-06
3049,2024-05-05,C1377,North,Electronics,Monitor,2,238.13,0.15,404.82,292.48,112.34,0.2775060520725261,2024,5,May,2024-05
3050,2024-10-21,C1027,West,Furniture,Desk,2,280.87,0.15,477.48,365.13,112.35,0.23529781352098514,2024,10,Oct,2024-10
3051,2025-09-19,C1216,North,Furniture,Desk,4,258.02,0.05,980.48,817.6,162.88,0.16612271540469972,2025,9,Sep,2025-09
3052,2024-11-16,C1273,West,Office Supplies,Pen Set,4,10.8,0.1,38.88,27.6,11.28,0.2901234567901234,2024,11,Nov,2024-11
3053,2024-08-28,C1273,North,Electronics,Laptop,7,655.28,0.1,4128.26,2935.08,1193.18,0.28902733839438405,2024,8,Aug,2024-08
3054,2025-01-10,C1361,Central,Electronics,Headphones,4,91.56,0.1,329.62,270.63,58.99,0.17896365511801468,2025,1,Jan,2025-01
3055,2024-12-20,C1367,West,Electronics,Monitor,1,198.88,0.0,198.88,152.09,46.79,0.23526749798873692,2024,12,Dec,2024-12
3056,2025-08-12,C1324,South,Electronics,Monitor,6,207.93,0.1,1122.82,929.54,193.28,0.17213800965426337,2025,8,Aug,2025-08
3057,2025-10-12,C1163,East,Accessories,USB Hub,1,30.97,0.15,26.32,20.23,6.09,0.23138297872340424,2025,10,Oct,2025-10
3058,2024-06-12,C1104,West,Electronics,Monitor,5,228.06,0.15,969.25,840.75,128.5,0.13257673458859942,2024,6,Jun,2024-06
3059,2025-01-06,C1129,Central,Furniture,Desk,5,262.22,0.0,1311.1,813.57,497.53,0.3794752497902525,2025,1,Jan,2025-01
3060,2025-04-27,C1245,West,Accessories,USB Hub,4,31.85,0.1,114.66,77.81,36.85,0.3213849642421071,2025,4,Apr,2025-04
3061,2024-10-14,C1594,West,Office Supplies,Pen Set,7,10.03,0.0,70.21,47.37,22.84,0.32530978493092155,2024,10,Oct,2024-10
3062,2024-08-08,C1348,East,Accessories,USB Hub,1,27.96,0.1,25.16,18.62,6.54,0.2599364069952305,2024,8,Aug,2024-08
3063,2024-08-24,C1006,South,Furniture,Desk,2,256.8,0.1,462.24,333.22,129.02,0.2791190723433714,2024,8,Aug,2024-08
3064,2024-10-30,C1107,Central,Electronics,Monitor,7,241.86,0.15,1439.07,1277.39,161.68,0.11235033737066301,2024,10,Oct,2024-10
3065,2025-10-14,C1363,South,Accessories,USB Hub,5,28.42,0.1,127.89,82.91,44.98,0.3517084994917507,2025,10,Oct,2025-10
3066,2025-02-21,C1501,West,Electronics,Laptop,7,677.39,0.0,4741.73,2926.66,1815.07,0.38278645135847045,2025,2,Feb,2025-02
3067,2024-08-28,C1090,Central,Electronics,Headphones,3,86.88,0.15,221.54,191.77,29.77,0.13437753904486774,2024,8,Aug,2024-08
3068,2025-02-07,C1508,Central,Electronics,Laptop,6,648.39,0.2,3112.27,2478.81,633.46,0.20353632557586587,2025,2,Feb,2025-02
3069,2025-07-05,C1389,Central,Furniture,Desk,2,243.34,0.1,438.01,344.82,93.19,0.21275769959589963,2025,7,Jul,2025-07
3070,2025-04-18,C1132,North,Furniture,Desk,1,276.63,0.1,248.97,194.79,54.18,0.21761658031088082,2025,4,Apr,2025-04
3071,2025-06-23,C1506,West,Accessories,Backpack,3,49.25,0.1,132.98,112.07,20.91,0.1572416904797714,2025,6,Jun,2025-06
3072,2025-11-02,C1074,East,Office Supplies,Stapler,7,14.97,0.2,83.83,74.9,8.93,0.10652511034235954,2025,11,Nov,2025-11
3073,2024-08-26,C1397,North,Furniture,Office Chair,2,194.13,0.15,330.02,229.99,100.03,0.30310284225198475,2024,8,Aug,2024-08
3074,2025-11-10,C1360,West,Accessories,Mouse,2,24.13,0.05,45.85,34.9,10.95,0.23882224645583422,2025,11,Nov,2025-11
3075,2024-08-28,C1419,East,Office Supplies,Stapler,1,15.82,0.15,13.45,10.67,2.78,0.20669144981412638,2024,8,Aug,2024-08
3076,2024-07-21,C1211,North,Accessories,Mouse,1,23.01,0.1,20.71,14.79,5.92,0.2858522452921294,2024,7,Jul,2024-07
3077,2025-07-24,C1190,Central,Office Supplies,Printer Paper,3,12.76,0.1,34.45,24.46,9.99,0.2899854862119013,2025,7,Jul,2025-07
3078,2024-01-15,C1369,South,Electronics,Laptop,7,593.48,0.0,4154.36,3133.39,1020.97,0.24575867281602945,2024,1,Jan,2024-01
3079,2025-05-15,C1578,Central,Electronics,Headphones,2,96.79,0.1,174.22,136.65,37.57,0.21564688325106188,2025,5,May,2025-05
3080,2024-05-29,C1401,East,Furniture,Desk,7,275.5,0.05,1832.07,1567.95,264.12,0.14416479719661368,2024,5,May,2024-05
3081,2025-06-08,C1413,Central,Office Supplies,Notebook,4,8.34,0.0,33.36,25.21,8.15,0.24430455635491607,2025,6,Jun,2025-06
3082,2025-08-02,C1426,North,Office Supplies,Printer Paper,4,11.74,0.05,44.61,38.5,6.11,0.13696480609728762,2025,8,Aug,2025-08
3083,2024-08-16,C1422,East,Office Supplies,Pen Set,4,10.55,0.1,37.98,25.16,12.82,0.3375460768825698,2024,8,Aug,2024-08
3084,2024-03-20,C1453,East,Office Supplies,Notebook,5,8.62,0.0,43.1,34.21,8.89,0.20626450116009282,2024,3,Mar,2024-03
3085,2025-02-27,C1594,North,Furniture,Table Lamp,6,57.34,0.2,275.23,230.82,44.41,0.16135595683610068,2025,2,Feb,2025-02
3086,2024-01-04,C1246,East,Furniture,Bookshelf,5,144.33,0.1,649.49,575.74,73.75,0.11355063203436543,2024,1,Jan,2024-01
3087,2024-06-25,C1556,Central,Accessories,USB Hub,1,27.42,0.15,23.31,18.07,5.24,0.22479622479622483,2024,6,Jun,2024-06
3088,2024-04-20,C1404,East,Office Supplies,Printer Paper,6,11.85,0.2,56.88,57.45,-0.57,-0.010021097046413501,2024,4,Apr,2024-04
3089,2025-11-05,C1182,West,Furniture,Table Lamp,2,53.91,0.0,107.82,64.31,43.51,0.40354294194027085,2025,11,Nov,2025-11
3090,2025-12-30,C1441,South,Electronics,Headphones,4,90.19,0.1,324.68,229.25,95.43,0.2939201675495873,2025,12,Dec,2025-12
3091,2024-01-30,C1215,South,Accessories,Backpack,7,48.73,0.05,324.05,225.89,98.16,0.3029162166332356,2024,1,Jan,2024-01
3092,2024-04-27,C1579,West,Electronics,Laptop,3,643.91,0.2,1545.38,1555.11,-9.73,-0.006296186051327182,2024,4,Apr,2024-04
3093,2025-04-26,C1200,South,Furniture,Table Lamp,1,50.56,0.05,48.03,41.38,6.65,0.13845513220903602,2025,4,Apr,2025-04
3094,2025-05-14,C1357,West,Electronics,Headphones,6,97.14,0.15,495.41,385.24,110.17,0.22238146181950302,2025,5,May,2025-05
3095,2025-06-27,C1344,North,Electronics,Monitor,6,222.02,0.15,1132.3,867.33,264.97,0.23401042126644886,2025,6,Jun,2025-06
3096,2024-04-14,C1315,North,Accessories,Mouse,6,26.32,0.0,157.92,108.77,49.15,0.3112335359675785,2024,4,Apr,2024-04
3097,2025-06-25,C1575,West,Electronics,Laptop,7,609.04,0.0,4263.28,2507.54,1755.74,0.4118284513332458,2025,6,Jun,2025-06
3098,2024-03-20,C1118,East,Office Supplies,Notebook,1,7.57,0.0,7.57,6.01,1.56,0.20607661822985468,2024,3,Mar,2024-03
3099,2025-05-08,C1108,North,Furniture,Bookshelf,3,153.02,0.1,413.15,316.23,96.92,0.23458792206220502,2025,5,May,2025-05
3100,2025-03-20,C1374,West,Accessories,Mouse,3,22.6,0.1,61.02,41.05,19.97,0.3272697476237299,2025,3,Mar,2025-03
3101,2025-02-24,C1229,South,Electronics,Laptop,7,587.85,0.05,3909.2,2826.19,1083.01,0.2770413383812545,2025,2,Feb,2025-02
3102,2025-09-21,C1008,West,Accessories,Mouse,2,24.1,0.1,43.38,37.41,5.97,0.13762102351313968,2025,9,Sep,2025-09
3103,2025-02-06,C1033,East,Furniture,Table Lamp,1,53.65,0.0,53.65,41.32,12.33,0.22982292637465052,2025,2,Feb,2025-02
3104,2025-07-01,C1400,Central,Furniture,Office Chair,1,166.37,0.1,149.73,119.62,30.11,0.20109530488212116,2025,7,Jul,2025-07
3105,2025-08-25,C1212,East,Accessories,Mouse,2,26.25,0.05,49.88,33.38,16.5,0.33079390537289494,2025,8,Aug,2025-08
3106,2025-03-03,C1172,South,Furniture,Table Lamp,4,60.26,0.0,241.04,197.27,43.77,0.18158811815466314,2025,3,Mar,2025-03
3107,2024-08-21,C1207,South,Electronics,Headphones,5,82.03,0.05,389.64,308.61,81.03,0.20796119494918386,2024,8,Aug,2024-08
3108,2024-05-27,C1534,North,Furniture,Office Chair,1,179.7,0.1,161.73,137.73,24.0,0.1483954739380449,2024,5,May,2024-05
3109,2024-08-20,C1575,Central,Electronics,Monitor,2,239.4,0.05,454.86,310.0,144.86,0.31847161764059273,2024,8,Aug,2024-08
3110,2025-04-29,C1399,Central,Electronics,Headphones,5,84.93,0.0,424.65,291.56,133.09,0.31341104438949724,2025,4,Apr,2025-04
3111,2025-05-31,C1094,East,Furniture,Table Lamp,6,58.12,0.2,278.98,221.02,57.96,0.2077568284464836,2025,5,May,2025-05
3112,2025-04-30,C1192,North,Office Supplies,Stapler,3,16.16,0.0,48.48,31.92,16.56,0.34158415841584155,2025,4,Apr,2025-04
3113,2024-08-08,C1131,West,Electronics,Headphones,4,95.09,0.05,361.34,289.89,71.45,0.19773620412907514,2024,8,Aug,2024-08
3114,2024-05-06,C1263,Central,Office Supplies,Stapler,1,15.03,0.15,12.78,9.72,3.06,0.23943661971830987,2024,5,May,2024-05
3115,2024-01-31,C1455,West,Furniture,Office Chair,4,181.11,0.05,688.22,587.32,100.9,0.14661009560896227,2024,1,Jan,2024-01
3116,2025-12-08,C1598,West,Electronics,Headphones,3,93.76,0.0,281.28,197.13,84.15,0.2991680887372014,2025,12,Dec,2025-12
3117,2025-01-20,C1538,South,Electronics,Monitor,7,241.75,0.0,1692.25,1077.17,615.08,0.3634687546166347,2025,1,Jan,2025-01
3118,2024-03-22,C1293,North,Electronics,Headphones,3,82.11,0.1,221.7,145.88,75.82,0.3419936851601263,2024,3,Mar,2024-03
3119,2024-06-21,C1113,East,Furniture,Table Lamp,2,50.64,0.1,91.15,72.19,18.96,0.20800877674163468,2024,6,Jun,2024-06
3120,2025-12-06,C1163,West,Accessories,Backpack,1,46.96,0.1,42.26,36.11,6.15,0.14552768575485095,2025,12,Dec,2025-12
3121,2025-09-03,C1261,East,Furniture,Table Lamp,5,58.54,0.0,292.7,192.68,100.02,0.3417150666211138,2025,9,Sep,2025-09
3122,2024-07-13,C1080,West,Office Supplies,Notebook,1,7.88,0.0,7.88,5.58,2.3,0.2918781725888325,2024,7,Jul,2024-07
3123,2025-11-28,C1490,East,Electronics,Headphones,6,88.03,0.0,528.18,371.75,156.43,0.29616797303949416,2025,11,Nov,2025-11
3124,2025-11-16,C1351,West,Electronics,Headphones,4,86.4,0.05,328.32,257.28,71.04,0.21637426900584797,2025,11,Nov,2025-11
3125,2025-10-10,C1203,South,Electronics,Headphones,5,91.78,0.1,413.01,321.38,91.63,0.22185903489019634,2025,10,Oct,2025-10
3126,2024-03-08,C1294,South,Furniture,Table Lamp,7,55.9,0.15,332.6,295.45,37.15,0.11169573060733613,2024,3,Mar,2024-03
3127,2024-10-11,C1188,South,Electronics,Headphones,3,88.29,0.05,251.63,198.7,52.93,0.21034852760004769,2024,10,Oct,2024-10
3128,2024-01-31,C1006,North,Electronics,Headphones,3,84.5,0.1,228.15,182.58,45.57,0.1997370151216305,2024,1,Jan,2024-01
3129,2024-08-18,C1553,South,Electronics,Headphones,7,84.32,0.0,590.24,416.37,173.87,0.294575088099756,2024,8,Aug,2024-08
3130,2025-04-03,C1449,West,Accessories,Backpack,1,47.62,0.0,47.62,31.04,16.58,0.3481730365392692,2025,4,Apr,2025-04
3131,2025-08-10,C1095,East,Electronics,Headphones,6,96.33,0.05,549.08,445.17,103.91,0.18924382603627884,2025,8,Aug,2025-08
3132,2024-03-31,C1575,North,Electronics,Headphones,6,91.84,0.0,551.04,378.94,172.1,0.312318524970964,2024,3,Mar,2024-03
3133,2024-04-12,C1508,South,Electronics,Monitor,4,228.28,0.0,913.12,596.98,316.14,0.346219554932539,2024,4,Apr,2024-04
3134,2024-12-10,C1393,West,Furniture,Bookshelf,1,131.79,0.15,112.02,107.73,4.29,0.038296732726298875,2024,12,Dec,2024-12
3135,2025-09-26,C1036,South,Accessories,USB Hub,5,31.15,0.15,132.39,115.55,16.84,0.12719993957247527,2025,9,Sep,2025-09
3136,2025-02-27,C1495,South,Electronics,Headphones,6,84.11,0.1,454.19,293.6,160.59,0.35357449525528967,2025,2,Feb,2025-02
3137,2024-06-23,C1214,Central,Electronics,Laptop,1,627.88,0.0,627.88,367.8,260.08,0.4142192775689622,2024,6,Jun,2024-06
3138,2025-05-13,C1194,East,Electronics,Laptop,1,645.13,0.15,548.36,441.47,106.89,0.19492669049529507,2025,5,May,2025-05
3139,2025-04-10,C1322,West,Electronics,Smartphone,7,514.09,0.05,3418.7,2154.6,1264.1,0.3697604352531664,2025,4,Apr,2025-04
3140,2025-07-02,C1035,West,Furniture,Bookshelf,6,128.01,0.05,729.66,499.41,230.25,0.3155579310911932,2025,7,Jul,2025-07
3141,2024-07-06,C1369,Central,Office Supplies,Pen Set,6,10.39,0.1,56.11,49.73,6.38,0.1137052218855819,2024,7,Jul,2024-07
3142,2025-04-19,C1365,West,Furniture,Desk,6,260.11,0.05,1482.63,1133.77,348.86,0.2352980851594801,2025,4,Apr,2025-04
3143,2024-03-26,C1373,West,Office Supplies,Notebook,4,8.34,0.2,26.69,22.76,3.93,0.14724615961034096,2024,3,Mar,2024-03
3144,2025-04-13,C1074,East,Furniture,Table Lamp,5,55.37,0.2,221.48,179.77,41.71,0.1883240021672386,2025,4,Apr,2025-04
3145,2024-09-25,C1205,South,Accessories,Keyboard,4,35.74,0.2,114.37,111.89,2.48,0.0216840080440675,2024,9,Sep,2024-09
3146,2025-10-12,C1352,East,Electronics,Monitor,6,199.76,0.05,1138.63,870.51,268.12,0.2354759667319498,2025,10,Oct,2025-10
3147,2025-04-07,C1434,North,Furniture,Bookshelf,4,127.67,0.05,485.15,309.77,175.38,0.3614964443986396,2025,4,Apr,2025-04
3148,2024-04-11,C1509,South,Electronics,Smartphone,2,454.3,0.1,817.74,739.36,78.38,0.09584953652750262,2024,4,Apr,2024-04
3149,2025-01-26,C1350,Central,Accessories,Mouse,5,22.89,0.05,108.73,78.91,29.82,0.2742573346822404,2025,1,Jan,2025-01
3150,2024-05-11,C1388,North,Office Supplies,Pen Set,4,10.6,0.0,42.4,25.5,16.9,0.39858490566037735,2024,5,May,2024-05
3151,2025-07-14,C1520,South,Accessories,Backpack,6,45.31,0.05,258.27,219.92,38.35,0.14848801641692805,2025,7,Jul,2025-07
3152,2024-02-05,C1424,South,Electronics,Headphones,1,94.45,0.05,89.73,55.36,34.37,0.3830380028975816,2024,2,Feb,2024-02
3153,2025-05-29,C1597,North,Accessories,Mouse,4,23.54,0.0,94.16,74.0,20.16,0.21410365335598983,2025,5,May,2025-05
3154,2025-01-21,C1118,East,Furniture,Office Chair,1,180.44,0.0,180.44,123.66,56.78,0.31467523830636224,2025,1,Jan,2025-01
3155,2025-02-24,C1019,West,Furniture,Table Lamp,5,52.75,0.0,263.75,206.66,57.09,0.21645497630331756,2025,2,Feb,2025-02
3156,2025-11-01,C1586,North,Office Supplies,Stapler,6,15.7,0.1,84.78,56.62,28.16,0.3321538098608162,2025,11,Nov,2025-11
3157,2024-11-23,C1564,North,Electronics,Laptop,3,710.77,0.05,2025.69,1282.25,743.44,0.36700581036585067,2024,11,Nov,2024-11
3158,2025-02-24,C1221,North,Office Supplies,Pen Set,2,9.52,0.0,19.04,14.46,4.58,0.24054621848739496,2025,2,Feb,2025-02
3159,2024-10-23,C1042,North,Electronics,Laptop,5,599.34,0.2,2397.36,1811.24,586.12,0.24448560082757698,2024,10,Oct,2024-10
3160,2025-03-30,C1448,West,Electronics,Monitor,4,203.67,0.1,733.21,546.46,186.75,0.2547019271422921,2025,3,Mar,2025-03
3161,2024-10-19,C1510,Central,Electronics,Monitor,7,225.34,0.1,1419.64,932.5,487.14,0.3431433321123665,2024,10,Oct,2024-10
3162,2025-09-06,C1266,South,Office Supplies,Printer Paper,3,10.8,0.1,29.16,23.74,5.42,0.1858710562414266,2025,9,Sep,2025-09
3163,2025-06-04,C1517,South,Office Supplies,Pen Set,6,9.7,0.0,58.2,46.55,11.65,0.2001718213058419,2025,6,Jun,2025-06
3164,2024-08-25,C1091,West,Electronics,Smartphone,5,489.3,0.1,2201.85,1512.58,689.27,0.3130413061743534,2024,8,Aug,2024-08
3165,2025-07-02,C1151,East,Electronics,Headphones,5,87.3,0.2,349.2,354.32,-5.12,-0.014662084765177549,2025,7,Jul,2025-07
3166,2025-03-06,C1127,West,Electronics,Headphones,3,91.67,0.1,247.51,210.67,36.84,0.1488424710112723,2025,3,Mar,2025-03
3167,2025-06-24,C1314,Central,Furniture,Desk,3,249.51,0.0,748.53,613.08,135.45,0.1809546711554647,2025,6,Jun,2025-06
3168,2024-01-19,C1248,North,Electronics,Headphones,4,83.99,0.0,335.96,242.65,93.31,0.27774139778545065,2024,1,Jan,2024-01
3169,2025-12-21,C1069,South,Furniture,Desk,4,263.37,0.05,1000.81,814.5,186.31,0.1861592110390584,2025,12,Dec,2025-12
3170,2024-10-23,C1049,Central,Accessories,Mouse,6,22.95,0.0,137.7,105.54,32.16,0.2335511982570806,2024,10,Oct,2024-10
3171,2025-08-30,C1096,East,Furniture,Office Chair,1,184.87,0.05,175.63,148.62,27.01,0.15378921596538178,2025,8,Aug,2025-08
3172,2024-01-27,C1231,Central,Accessories,Mouse,3,24.73,0.1,66.77,44.48,22.29,0.3338325595327243,2024,1,Jan,2024-01
3173,2024-12-16,C1329,Central,Electronics,Headphones,4,92.68,0.15,315.11,265.71,49.4,0.15677065151851732,2024,12,Dec,2024-12
3174,2024-06-18,C1486,East,Electronics,Headphones,5,92.98,0.05,441.66,328.92,112.74,0.2552642304034778,2024,6,Jun,2024-06
3175,2025-03-18,C1076,Central,Office Supplies,Pen Set,3,10.47,0.2,25.13,21.78,3.35,0.13330680461599684,2025,3,Mar,2025-03
3176,2024-03-26,C1345,East,Electronics,Monitor,3,198.85,0.1,536.9,396.95,139.95,0.2606630657478115,2024,3,Mar,2024-03
3177,2024-01-31,C1288,North,Accessories,Keyboard,2,35.59,0.0,71.18,44.64,26.54,0.37285754425400386,2024,1,Jan,2024-01
3178,2025-12-07,C1324,South,Electronics,Monitor,3,237.04,0.1,640.01,482.92,157.09,0.24544928985484601,2025,12,Dec,2025-12
3179,2025-02-02,C1493,East,Electronics,Headphones,6,95.7,0.0,574.2,434.16,140.04,0.24388714733542316,2025,2,Feb,2025-02
3180,2025-10-07,C1468,South,Accessories,Mouse,7,25.11,0.1,158.19,132.56,25.63,0.16202035526898034,2025,10,Oct,2025-10
3181,2025-05-10,C1287,Central,Furniture,Desk,4,252.13,0.05,958.09,633.09,325.0,0.33921656629335445,2025,5,May,2025-05
3182,2025-11-05,C1556,Central,Furniture,Table Lamp,2,56.51,0.15,96.07,83.31,12.76,0.13281981888206518,2025,11,Nov,2025-11
3183,2024-02-04,C1205,Central,Electronics,Smartphone,3,473.27,0.05,1348.82,1031.41,317.41,0.23532420930887743,2024,2,Feb,2024-02
3184,2025-09-12,C1209,West,Office Supplies,Notebook,7,8.56,0.05,56.92,37.52,19.4,0.3408292340126493,2025,9,Sep,2025-09
3185,2024-01-22,C1317,North,Accessories,USB Hub,3,29.92,0.15,76.3,70.04,6.26,0.08204456094364351,2024,1,Jan,2024-01
3186,2025-07-29,C1001,East,Office Supplies,Pen Set,6,9.83,0.05,56.03,38.93,17.1,0.30519364626093165,2025,7,Jul,2025-07
3187,2024-04-18,C1216,South,Furniture,Desk,7,266.19,0.0,1863.33,1306.83,556.5,0.29865885269919984,2024,4,Apr,2024-04
3188,2025-06-11,C1038,West,Electronics,Monitor,7,212.68,0.05,1414.32,897.36,516.96,0.36551841167486854,2025,6,Jun,2025-06
3189,2024-06-05,C1320,North,Electronics,Smartphone,3,488.11,0.05,1391.11,944.98,446.13,0.320700735383974,2024,6,Jun,2024-06
3190,2024-12-29,C1343,South,Office Supplies,Printer Paper,2,11.43,0.15,19.43,17.81,1.62,0.0833762223365929,2024,12,Dec,2024-12
3191,2025-09-18,C1098,North,Office Supplies,Stapler,2,13.96,0.05,26.52,18.95,7.57,0.28544494720965313,2025,9,Sep,2025-09
3192,2024-06-17,C1285,Central,Office Supplies,Stapler,7,14.22,0.1,89.59,65.26,24.33,0.27157048777765375,2024,6,Jun,2024-06
3193,2025-09-29,C1422,West,Electronics,Laptop,4,642.8,0.0,2571.2,1882.07,689.13,0.2680188238954574,2025,9,Sep,2025-09
3194,2024-12-06,C1560,North,Electronics,Monitor,4,233.11,0.0,932.44,707.99,224.45,0.24071253914460983,2024,12,Dec,2024-12
3195,2025-07-11,C1042,South,Accessories,USB Hub,4,28.39,0.05,107.88,73.29,34.59,0.3206340378197998,2025,7,Jul,2025-07
3196,2025-08-26,C1343,East,Accessories,Keyboard,2,34.64,0.1,62.35,45.54,16.81,0.26960705693664794,2025,8,Aug,2025-08
3197,2024-08-25,C1231,West,Office Supplies,Stapler,3,14.54,0.1,39.26,27.35,11.91,0.3033622007131941,2024,8,Aug,2024-08
3198,2025-03-27,C1036,Central,Electronics,Laptop,1,637.28,0.15,541.69,496.36,45.33,0.08368254905942513,2025,3,Mar,2025-03
3199,2024-08-02,C1228,West,Electronics,Laptop,3,653.98,0.05,1863.84,1492.93,370.91,0.1990031333161645,2024,8,Aug,2024-08
3200,2024-12-03,C1509,North,Furniture,Desk,7,279.8,0.1,1762.74,1403.23,359.51,0.20394953311322145,2024,12,Dec,2024-12
3201,2024-06-05,C1431,East,Office Supplies,Printer Paper,7,13.05,0.15,77.65,55.33,22.32,0.2874436574372183,2024,6,Jun,2024-06
3202,2024-05-31,C1216,West,Accessories,Keyboard,7,38.33,0.2,214.65,182.03,32.62,0.15196832052177964,2024,5,May,2024-05
3203,2025-05-16,C1123,West,Electronics,Headphones,7,92.82,0.0,649.74,385.52,264.22,0.4066549696801798,2025,5,May,2025-05
3204,2024-11-06,C1519,North,Electronics,Laptop,4,683.9,0.05,2598.82,1673.52,925.3,0.3560462055856119,2024,11,Nov,2024-11
3205,2024-04-01,C1387,Central,Office Supplies,Stapler,1,14.84,0.1,13.36,9.17,4.19,0.313622754491018,2024,4,Apr,2024-04
3206,2024-12-15,C1446,South,Electronics,Headphones,7,81.84,0.1,515.59,387.55,128.04,0.2483368568048255,2024,12,Dec,2024-12
3207,2024-07-18,C1168,North,Electronics,Laptop,2,642.13,0.15,1091.62,790.21,301.41,0.27611256664407036,2024,7,Jul,2024-07
3208,2025-11-12,C1272,West,Office Supplies,Notebook,3,8.08,0.1,21.82,19.37,2.45,0.11228230980751605,2025,11,Nov,2025-11
3209,2025-03-06,C1518,West,Office Supplies,Printer Paper,7,12.07,0.05,80.27,56.85,23.42,0.2917652921390308,2025,3,Mar,2025-03
3210,2024-01-24,C1499,East,Electronics,Headphones,5,87.67,0.1,394.52,346.38,48.14,0.1220216972523573,2024,1,Jan,2024-01
3211,2024-06-22,C1015,North,Accessories,Keyboard,6,37.2,0.1,200.88,156.51,44.37,0.22087813620071683,2024,6,Jun,2024-06
3212,2024-11-17,C1120,West,Furniture,Office Chair,4,162.47,0.15,552.4,516.64,35.76,0.06473569876900796,2024,11,Nov,2024-11
3213,2024-01-26,C1540,East,Office Supplies,Printer Paper,2,12.14,0.2,19.42,15.14,4.28,0.2203913491246138,2024,1,Jan,2024-01
3214,2025-12-13,C1395,Central,Office Supplies,Stapler,5,16.18,0.0,80.9,59.89,21.01,0.2597033374536465,2025,12,Dec,2025-12
3215,2025-04-28,C1307,West,Furniture,Office Chair,4,191.28,0.0,765.12,554.74,210.38,0.2749634044332915,2025,4,Apr,2025-04
3216,2024-03-16,C1567,Central,Furniture,Table Lamp,4,56.54,0.2,180.93,149.27,31.66,0.17498480075167192,2024,3,Mar,2024-03
3217,2025-02-19,C1482,Central,Accessories,Mouse,6,27.11,0.15,138.26,131.31,6.95,0.050267611745985825,2025,2,Feb,2025-02
3218,2025-08-23,C1558,North,Electronics,Monitor,1,218.33,0.2,174.66,171.43,3.23,0.018493072254666208,2025,8,Aug,2025-08
3219,2025-04-18,C1263,West,Electronics,Headphones,4,87.4,0.1,314.64,216.56,98.08,0.311721332316298,2025,4,Apr,2025-04
3220,2024-04-30,C1345,West,Office Supplies,Notebook,1,8.47,0.05,8.05,5.73,2.32,0.28819875776397513,2024,4,Apr,2024-04
3221,2024-05-21,C1381,North,Electronics,Monitor,2,210.89,0.1,379.6,294.68,84.92,0.22370916754478398,2024,5,May,2024-05
3222,2025-12-10,C1376,East,Accessories,USB Hub,2,31.76,0.0,63.52,51.25,12.27,0.1931675062972292,2025,12,Dec,2025-12
3223,2025-02-24,C1011,West,Electronics,Laptop,6,701.27,0.05,3997.24,2506.72,1490.52,0.37288729223163986,2025,2,Feb,2025-02
3224,2025-09-18,C1021,North,Office Supplies,Printer Paper,2,12.71,0.1,22.88,18.45,4.43,0.19361888111888112,2025,9,Sep,2025-09
3225,2024-05-28,C1023,North,Furniture,Office Chair,7,194.28,0.05,1291.96,867.59,424.37,0.32846992166940153,2024,5,May,2024-05
3226,2025-01-12,C1501,Central,Office Supplies,Printer Paper,6,12.78,0.1,69.01,60.96,8.05,0.11664976090421678,2025,1,Jan,2025-01
3227,2025-07-13,C1589,West,Office Supplies,Stapler,7,15.46,0.0,108.22,64.47,43.75,0.40426908150064683,2025,7,Jul,2025-07
3228,2024-08-06,C1086,South,Furniture,Bookshelf,5,130.41,0.0,652.05,396.2,255.85,0.39237788513150834,2024,8,Aug,2024-08
3229,2025-09-13,C1478,North,Electronics,Laptop,2,616.97,0.0,1233.94,962.42,271.52,0.22004311392774362,2025,9,Sep,2025-09
3230,2025-09-12,C1486,North,Electronics,Headphones,5,95.67,0.0,478.35,316.94,161.41,0.3374307515417581,2025,9,Sep,2025-09
3231,2025-08-23,C1357,North,Electronics,Smartphone,4,521.99,0.0,2087.96,1216.18,871.78,0.41752715569263776,2025,8,Aug,2025-08
3232,2025-11-15,C1253,Central,Furniture,Bookshelf,1,139.94,0.05,132.94,87.38,45.56,0.34271099744245526,2025,11,Nov,2025-11
3233,2025-09-25,C1142,East,Furniture,Office Chair,5,182.28,0.0,911.4,740.99,170.41,0.1869760807548826,2025,9,Sep,2025-09
3234,2024-06-21,C1445,West,Accessories,Mouse,3,26.55,0.2,63.72,48.83,14.89,0.2336785938480854,2024,6,Jun,2024-06
3235,2024-12-07,C1118,West,Furniture,Desk,1,255.94,0.2,204.75,154.41,50.34,0.2458608058608059,2024,12,Dec,2024-12
3236,2025-03-25,C1172,East,Accessories,Mouse,6,24.72,0.15,126.07,101.54,24.53,0.19457444276988978,2025,3,Mar,2025-03
3237,2025-01-24,C1538,East,Office Supplies,Stapler,6,15.03,0.05,85.67,65.44,20.23,0.23613867164701763,2025,1,Jan,2025-01
3238,2024-09-22,C1328,East,Furniture,Desk,1,272.37,0.1,245.13,180.3,64.83,0.2644719128625627,2024,9,Sep,2024-09
3239,2024-11-02,C1149,Central,Furniture,Office Chair,7,177.92,0.1,1120.9,884.32,236.58,0.2110625390311357,2024,11,Nov,2024-11
3240,2024-01-16,C1392,West,Electronics,Smartphone,5,497.68,0.0,2488.4,1528.67,959.73,0.3856815624497669,2024,1,Jan,2024-01
3241,2025-03-18,C1406,West,Accessories,Keyboard,2,38.49,0.1,69.28,60.37,8.91,0.12860854503464203,2025,3,Mar,2025-03
3242,2025-09-07,C1461,West,Furniture,Office Chair,2,188.57,0.1,339.43,290.31,49.12,0.14471319565153345,2025,9,Sep,2025-09
3243,2024-04-27,C1408,East,Electronics,Laptop,1,586.32,0.15,498.37,462.4,35.97,0.07217529145012741,2024,4,Apr,2024-04
3244,2024-12-12,C1094,East,Electronics,Smartphone,5,521.47,0.05,2476.98,1538.03,938.95,0.37907048098894625,2024,12,Dec,2024-12
3245,2024-09-16,C1594,South,Furniture,Bookshelf,1,126.9,0.05,120.56,89.06,31.5,0.2612806901128069,2024,9,Sep,2024-09
3246,2025-01-11,C1501,Central,Electronics,Monitor,7,208.67,0.05,1387.66,1070.78,316.88,0.22835564907830447,2025,1,Jan,2025-01
3247,2025-06-05,C1325,South,Office Supplies,Stapler,7,14.66,0.2,82.1,70.93,11.17,0.13605359317904994,2025,6,Jun,2025-06
3248,2025-10-21,C1161,South,Accessories,Keyboard,5,36.4,0.05,172.9,147.75,25.15,0.14545980335454017,2025,10,Oct,2025-10
3249,2025-03-02,C1333,North,Electronics,Headphones,1,87.19,0.0,87.19,56.44,30.75,0.35267805941048286,2025,3,Mar,2025-03
3250,2025-06-06,C1456,West,Accessories,USB Hub,4,29.12,0.1,104.83,94.97,9.86,0.0940570447391014,2025,6,Jun,2025-06
3251,2024-11-17,C1293,East,Electronics,Headphones,3,94.18,0.1,254.29,195.11,59.18,0.23272641472334737,2024,11,Nov,2024-11
3252,2024-06-30,C1129,East,Office Supplies,Printer Paper,1,11.86,0.0,11.86,8.15,3.71,0.3128161888701518,2024,6,Jun,2024-06
3253,2024-11-14,C1586,South,Electronics,Monitor,3,230.19,0.0,690.57,478.48,212.09,0.3071231012062499,2024,11,Nov,2024-11
3254,2025-05-23,C1522,Central,Accessories,Backpack,6,45.07,0.15,229.86,217.5,12.36,0.053771861132863474,2025,5,May,2025-05
3255,2024-03-29,C1489,Central,Office Supplies,Pen Set,7,9.52,0.1,59.98,44.33,15.65,0.26092030676892297,2024,3,Mar,2024-03
3256,2024-07-06,C1115,North,Office Supplies,Pen Set,3,10.16,0.15,25.91,19.34,6.57,0.2535700501736781,2024,7,Jul,2024-07
3257,2025-09-12,C1386,West,Furniture,Table Lamp,7,55.47,0.0,388.29,253.34,134.95,0.3475495119627082,2025,9,Sep,2025-09
3258,2024-05-24,C1094,South,Furniture,Table Lamp,5,55.08,0.2,220.32,161.33,58.99,0.26774691358024694,2024,5,May,2024-05
3259,2024-09-13,C1378,South,Electronics,Smartphone,2,466.85,0.0,933.7,601.35,332.35,0.35594944843097354,2024,9,Sep,2024-09
3260,2025-08-08,C1325,South,Electronics,Laptop,4,585.19,0.1,2106.68,1556.02,550.66,0.261387586154518,2025,8,Aug,2025-08
3261,2025-01-22,C1538,North,Electronics,Headphones,7,90.34,0.15,537.52,450.75,86.77,0.16142655157017413,2025,1,Jan,2025-01
3262,2025-11-26,C1546,North,Electronics,Monitor,7,234.04,0.05,1556.37,954.91,601.46,0.3864505226906199,2025,11,Nov,2025-11
3263,2024-02-08,C1367,West,Electronics,Smartphone,4,526.38,0.1,1894.97,1331.11,563.86,0.2975561618389737,2024,2,Feb,2024-02
3264,2024-12-09,C1131,West,Accessories,USB Hub,3,27.35,0.05,77.95,54.91,23.04,0.29557408595253365,2024,12,Dec,2024-12
3265,2025-01-16,C1192,North,Furniture,Desk,3,241.72,0.05,688.9,447.89,241.01,0.34984758310349834,2025,1,Jan,2025-01
3266,2025-05-01,C1504,South,Electronics,Smartphone,1,501.11,0.1,451.0,368.98,82.02,0.18186252771618625,2025,5,May,2025-05
3267,2024-07-29,C1402,North,Furniture,Bookshelf,6,129.33,0.1,698.38,456.48,241.9,0.34637303473753545,2024,7,Jul,2024-07
3268,2025-04-24,C1006,West,Electronics,Monitor,4,231.84,0.15,788.26,759.58,28.68,0.036383934234897115,2025,4,Apr,2025-04
3269,2024-06-06,C1581,South,Office Supplies,Printer Paper,3,10.97,0.0,32.91,24.57,8.34,0.25341841385597086,2024,6,Jun,2024-06
3270,2025-01-14,C1316,West,Accessories,USB Hub,6,32.91,0.05,187.59,136.15,51.44,0.27421504344581266,2025,1,Jan,2025-01
3271,2025-12-19,C1383,North,Furniture,Office Chair,7,165.65,0.1,1043.6,867.52,176.08,0.16872364890762748,2025,12,Dec,2025-12
3272,2024-05-28,C1422,West,Accessories,Mouse,1,26.41,0.15,22.45,19.57,2.88,0.12828507795100222,2024,5,May,2024-05
3273,2024-08-18,C1095,North,Electronics,Laptop,5,711.22,0.1,3200.49,2367.43,833.06,0.26029139288046516,2024,8,Aug,2024-08
3274,2024-05-03,C1033,South,Furniture,Bookshelf,5,149.05,0.15,633.46,499.62,133.84,0.21128405897767813,2024,5,May,2024-05
3275,2024-04-27,C1292,West,Furniture,Desk,5,256.87,0.1,1155.92,975.52,180.4,0.15606616374835627,2024,4,Apr,2024-04
3276,2024-06-07,C1105,Central,Furniture,Office Chair,4,171.34,0.0,685.36,459.38,225.98,0.3297245243375744,2024,6,Jun,2024-06
3277,2024-02-11,C1150,North,Accessories,Backpack,2,41.63,0.15,70.77,49.59,21.18,0.2992793556591776,2024,2,Feb,2024-02
3278,2024-09-05,C1038,East,Furniture,Office Chair,5,185.87,0.05,882.88,651.08,231.8,0.2625498368974266,2024,9,Sep,2024-09
3279,2024-07-15,C1158,West,Furniture,Table Lamp,7,55.41,0.15,329.69,244.97,84.72,0.2569686675361703,2024,7,Jul,2024-07
3280,2024-06-08,C1595,North,Furniture,Table Lamp,5,51.61,0.0,258.05,186.98,71.07,0.2754117419104824,2024,6,Jun,2024-06
3281,2025-02-13,C1204,North,Furniture,Bookshelf,4,151.34,0.1,544.82,435.81,109.01,0.20008443155537609,2025,2,Feb,2025-02
3282,2025-12-05,C1115,South,Electronics,Laptop,2,672.22,0.05,1277.22,801.45,475.77,0.37250434537511157,2025,12,Dec,2025-12
3283,2025-12-22,C1485,Central,Furniture,Office Chair,2,164.73,0.15,280.04,207.06,72.98,0.26060562776746177,2025,12,Dec,2025-12
3284,2024-01-11,C1268,East,Electronics,Smartphone,3,519.41,0.05,1480.32,942.46,537.86,0.36334035884133165,2024,1,Jan,2024-01
3285,2025-10-28,C1126,West,Electronics,Headphones,7,81.92,0.0,573.44,348.74,224.7,0.39184570312499994,2025,10,Oct,2025-10
3286,2024-12-24,C1391,Central,Office Supplies,Stapler,5,13.72,0.0,68.6,42.36,26.24,0.3825072886297376,2024,12,Dec,2024-12
3287,2024-11-11,C1084,North,Accessories,USB Hub,2,28.68,0.1,51.62,44.92,6.7,0.12979465323518016,2024,11,Nov,2024-11
3288,2024-01-21,C1224,Central,Electronics,Monitor,6,202.79,0.05,1155.9,726.42,429.48,0.3715546327536984,2024,1,Jan,2024-01
3289,2024-04-01,C1078,West,Electronics,Smartphone,5,469.31,0.0,2346.55,1871.48,475.07,0.20245466749057126,2024,4,Apr,2024-04
3290,2025-04-02,C1061,South,Furniture,Desk,5,276.02,0.0,1380.1,922.67,457.43,0.3314469965944497,2025,4,Apr,2025-04
3291,2024-04-28,C1025,North,Office Supplies,Pen Set,7,9.68,0.0,67.76,42.66,25.1,0.3704250295159386,2024,4,Apr,2024-04
3292,2024-07-20,C1183,East,Accessories,Mouse,3,22.75,0.1,61.42,52.93,8.49,0.13822859003581894,2024,7,Jul,2024-07
3293,2024-03-17,C1473,Central,Accessories,Backpack,3,47.4,0.05,135.09,86.93,48.16,0.3565030720260567,2024,3,Mar,2024-03
3294,2025-10-17,C1118,North,Accessories,Keyboard,4,36.62,0.1,131.83,116.44,15.39,0.11674125768034589,2025,10,Oct,2025-10
3295,2024-03-22,C1089,East,Electronics,Headphones,2,92.37,0.1,166.27,151.01,15.26,0.09177843266975401,2024,3,Mar,2024-03
3296,2025-09-30,C1037,South,Electronics,Monitor,3,213.66,0.0,640.98,506.6,134.38,0.20964772691815656,2025,9,Sep,2025-09
3297,2024-06-29,C1181,East,Electronics,Headphones,5,94.92,0.15,403.41,284.52,118.89,0.29471257529560496,2024,6,Jun,2024-06
3298,2024-04-23,C1480,South,Office Supplies,Pen Set,7,9.07,0.1,57.14,45.98,11.16,0.19530976548827442,2024,4,Apr,2024-04
3299,2024-04-27,C1164,South,Accessories,USB Hub,5,29.29,0.15,124.48,110.03,14.45,0.11608290488431876,2024,4,Apr,2024-04
3300,2025-02-27,C1536,North,Electronics,Monitor,1,240.01,0.15,204.01,140.39,63.62,0.3118474584579187,2025,2,Feb,2025-02
3301,2024-11-28,C1249,West,Furniture,Table Lamp,6,54.32,0.0,325.92,241.35,84.57,0.259480854197349,2024,11,Nov,2024-11
3302,2024-09-27,C1425,South,Accessories,USB Hub,7,31.08,0.05,206.68,147.14,59.54,0.2880781885039675,2024,9,Sep,2024-09
3303,2025-07-30,C1281,West,Accessories,USB Hub,6,32.74,0.0,196.44,115.13,81.31,0.41391773569537776,2025,7,Jul,2025-07
3304,2024-07-15,C1415,South,Electronics,Smartphone,7,516.73,0.1,3255.4,2957.08,298.32,0.09163850832462984,2024,7,Jul,2024-07
3305,2024-08-14,C1392,East,Office Supplies,Printer Paper,7,12.68,0.05,84.32,61.76,22.56,0.2675521821631879,2024,8,Aug,2024-08
3306,2024-09-02,C1311,South,Electronics,Laptop,1,649.02,0.0,649.02,418.48,230.54,0.3552124741918585,2024,9,Sep,2024-09
3307,2025-06-01,C1529,Central,Electronics,Monitor,4,221.97,0.0,887.88,694.4,193.48,0.21791233049511194,2025,6,Jun,2025-06
3308,2025-01-23,C1403,South,Electronics,Laptop,3,711.32,0.05,2027.26,1708.76,318.5,0.15710860965046416,2025,1,Jan,2025-01
3309,2024-09-17,C1220,South,Electronics,Monitor,7,201.18,0.1,1267.43,853.17,414.26,0.3268503980495964,2024,9,Sep,2024-09
3310,2024-09-12,C1488,East,Electronics,Smartphone,5,493.47,0.1,2220.62,1870.55,350.07,0.15764516216191876,2024,9,Sep,2024-09
3311,2025-04-02,C1541,Central,Furniture,Desk,4,259.87,0.1,935.53,801.39,134.14,0.14338396417004265,2025,4,Apr,2025-04
3312,2025-05-26,C1590,North,Furniture,Office Chair,4,184.87,0.05,702.51,539.67,162.84,0.23179741213648206,2025,5,May,2025-05
3313,2025-01-14,C1402,North,Furniture,Desk,2,253.59,0.0,507.18,359.97,147.21,0.29025198154501364,2025,1,Jan,2025-01
3314,2024-05-25,C1300,South,Office Supplies,Pen Set,1,10.35,0.15,8.8,8.0,0.8,0.09090909090909091,2024,5,May,2024-05
3315,2025-06-04,C1175,South,Electronics,Headphones,6,95.32,0.0,571.92,342.8,229.12,0.40061547069520215,2025,6,Jun,2025-06
3316,2024-03-28,C1082,West,Accessories,Backpack,7,42.4,0.15,252.28,192.5,59.78,0.23695893451720312,2024,3,Mar,2024-03
3317,2024-07-31,C1379,Central,Office Supplies,Printer Paper,4,12.85,0.0,51.4,32.34,19.06,0.37081712062256805,2024,7,Jul,2024-07
3318,2025-08-30,C1388,East,Electronics,Laptop,1,685.23,0.1,616.71,443.51,173.2,0.2808451298016896,2025,8,Aug,2025-08
3319,2024-03-23,C1328,North,Electronics,Laptop,7,611.75,0.1,3854.02,2748.29,1105.73,0.2869030259313652,2024,3,Mar,2024-03
3320,2025-12-24,C1269,West,Office Supplies,Stapler,4,16.05,0.1,57.78,37.54,20.24,0.3502942194530979,2025,12,Dec,2025-12
3321,2025-03-03,C1390,South,Electronics,Monitor,5,210.94,0.1,949.23,651.75,297.48,0.3133908536392655,2025,3,Mar,2025-03
3322,2024-06-24,C1127,West,Electronics,Headphones,3,95.24,0.1,257.15,177.82,79.33,0.30849698619482796,2024,6,Jun,2024-06
3323,2024-09-02,C1356,East,Electronics,Headphones,7,89.53,0.05,595.37,448.53,146.84,0.24663654534155233,2024,9,Sep,2024-09
3324,2024-09-13,C1300,West,Electronics,Monitor,7,201.68,0.15,1200.0,1000.93,199.07,0.16589166666666666,2024,9,Sep,2024-09
3325,2025-12-05,C1191,Central,Accessories,Mouse,1,24.66,0.15,20.96,18.27,2.69,0.12833969465648853,2025,12,Dec,2025-12
3326,2025-12-11,C1216,West,Furniture,Bookshelf,3,130.86,0.1,353.32,256.08,97.24,0.2752179327521793,2025,12,Dec,2025-12
3327,2024-08-17,C1375,North,Furniture,Office Chair,6,164.71,0.15,840.02,695.71,144.31,0.17179352872550654,2024,8,Aug,2024-08
3328,2025-12-03,C1271,North,Electronics,Headphones,5,84.97,0.05,403.61,293.95,109.66,0.2716979262159015,2025,12,Dec,2025-12
3329,2025-12-11,C1230,West,Office Supplies,Pen Set,7,9.59,0.2,53.7,49.32,4.38,0.08156424581005586,2025,12,Dec,2025-12
3330,2025-10-04,C1360,West,Electronics,Monitor,6,241.37,0.0,1448.22,1118.03,330.19,0.2279971275082515,2025,10,Oct,2025-10
3331,2024-10-05,C1306,East,Office Supplies,Printer Paper,5,12.91,0.05,61.32,39.93,21.39,0.34882583170254405,2024,10,Oct,2024-10
3332,2024-12-23,C1478,East,Furniture,Bookshelf,3,133.16,0.2,319.58,299.29,20.29,0.06348958007384692,2024,12,Dec,2024-12
3333,2024-12-27,C1511,East,Electronics,Laptop,7,629.47,0.2,3525.03,3232.12,292.91,0.08309432827522036,2024,12,Dec,2024-12
3334,2024-12-01,C1079,Central,Electronics,Smartphone,4,453.09,0.05,1721.74,1449.2,272.54,0.15829335439729578,2024,12,Dec,2024-12
3335,2024-08-22,C1020,West,Electronics,Monitor,2,215.05,0.15,365.58,311.72,53.86,0.14732753432901144,2024,8,Aug,2024-08
3336,2025-11-03,C1573,East,Accessories,USB Hub,5,32.94,0.0,164.7,121.98,42.72,0.2593806921675774,2025,11,Nov,2025-11
3337,2024-02-07,C1470,West,Office Supplies,Notebook,1,7.63,0.1,6.87,6.22,0.65,0.09461426491994178,2024,2,Feb,2024-02
3338,2025-04-02,C1160,North,Office Supplies,Notebook,1,8.71,0.15,7.4,6.97,0.43,0.058108108108108104,2025,4,Apr,2025-04
3339,2025-05-30,C1221,East,Furniture,Table Lamp,2,53.58,0.05,101.8,87.16,14.64,0.143811394891945,2025,5,May,2025-05
3340,2025-11-28,C1044,West,Office Supplies,Stapler,3,15.77,0.2,37.85,35.19,2.66,0.0702774108322325,2025,11,Nov,2025-11
3341,2025-07-08,C1080,North,Electronics,Headphones,7,97.72,0.1,615.64,513.81,101.83,0.16540510688064453,2025,7,Jul,2025-07
3342,2025-09-12,C1115,Central,Furniture,Desk,5,277.56,0.1,1249.02,836.49,412.53,0.3302829418263919,2025,9,Sep,2025-09
3343,2025-03-22,C1112,West,Electronics,Smartphone,3,462.58,0.15,1179.58,946.48,233.1,0.19761270960850472,2025,3,Mar,2025-03
3344,2024-07-30,C1404,North,Accessories,Backpack,4,42.61,0.0,170.44,102.52,67.92,0.3984980051631073,2024,7,Jul,2024-07
3345,2025-02-07,C1536,North,Accessories,USB Hub,1,29.61,0.05,28.13,22.1,6.03,0.2143618912193388,2025,2,Feb,2025-02
3346,2024-10-07,C1436,North,Accessories,Keyboard,4,35.21,0.0,140.84,103.57,37.27,0.264626526554956,2024,10,Oct,2024-10
3347,2025-06-06,C1575,South,Electronics,Laptop,7,660.1,0.0,4620.7,3022.74,1597.96,0.3458263899409181,2025,6,Jun,2025-06
3348,2024-07-02,C1252,North,Electronics,Monitor,7,213.01,0.05,1416.52,1082.23,334.29,0.23599384406856241,2024,7,Jul,2024-07
3349,2024-06-14,C1348,North,Electronics,Laptop,2,635.72,0.1,1144.3,981.99,162.31,0.14184217425500306,2024,6,Jun,2024-06
3350,2024-07-31,C1225,South,Electronics,Smartphone,7,437.9,0.15,2605.5,1938.64,666.86,0.2559431970830935,2024,7,Jul,2024-07
3351,2025-05-20,C1516,North,Office Supplies,Pen Set,3,9.77,0.1,26.38,17.72,8.66,0.3282789992418499,2025,5,May,2025-05
3352,2024-06-11,C1152,South,Electronics,Headphones,2,87.55,0.05,166.34,112.67,53.67,0.32265239870145485,2024,6,Jun,2024-06
3353,2024-12-28,C1410,North,Electronics,Laptop,5,683.72,0.15,2905.81,2436.4,469.41,0.16154187644753099,2024,12,Dec,2024-12
3354,2024-06-04,C1119,North,Accessories,Keyboard,1,36.03,0.05,34.23,24.57,9.66,0.28220858895705525,2024,6,Jun,2024-06
3355,2024-05-26,C1327,West,Office Supplies,Stapler,5,14.46,0.05,68.68,47.66,21.02,0.30605707629586487,2024,5,May,2024-05
3356,2024-03-10,C1194,South,Furniture,Office Chair,6,183.73,0.1,992.14,812.31,179.83,0.1812546616404943,2024,3,Mar,2024-03
3357,2024-02-09,C1238,North,Electronics,Monitor,4,239.34,0.15,813.76,691.93,121.83,0.14971244593000393,2024,2,Feb,2024-02
3358,2025-10-21,C1257,Central,Electronics,Monitor,2,208.05,0.1,374.49,243.08,131.41,0.3509038959651793,2025,10,Oct,2025-10
3359,2024-02-28,C1573,North,Furniture,Table Lamp,6,57.45,0.1,310.23,244.02,66.21,0.21342229958417944,2024,2,Feb,2024-02
3360,2025-07-26,C1317,North,Accessories,USB Hub,5,27.76,0.0,138.8,100.79,38.01,0.27384726224783856,2025,7,Jul,2025-07
3361,2025-12-31,C1215,South,Office Supplies,Stapler,3,15.25,0.15,38.89,35.09,3.8,0.0977114939573155,2025,12,Dec,2025-12
3362,2025-06-07,C1469,West,Electronics,Smartphone,7,472.85,0.2,2647.96,2395.11,252.85,0.09548860254686627,2025,6,Jun,2025-06
3363,2025-12-16,C1573,North,Office Supplies,Notebook,2,7.97,0.0,15.94,12.36,3.58,0.2245922208281054,2025,12,Dec,2025-12
3364,2025-09-03,C1031,North,Furniture,Office Chair,1,176.47,0.1,158.82,106.46,52.36,0.3296814003274147,2025,9,Sep,2025-09
3365,2024-11-27,C1389,Central,Furniture,Table Lamp,3,53.23,0.05,151.71,112.27,39.44,0.2599696789928152,2024,11,Nov,2024-11
3366,2025-07-26,C1157,Central,Furniture,Table Lamp,7,56.9,0.0,398.3,233.48,164.82,0.4138086869194075,2025,7,Jul,2025-07
3367,2025-08-21,C1557,East,Electronics,Monitor,2,240.74,0.1,433.33,338.05,95.28,0.2198786144508804,2025,8,Aug,2025-08
3368,2024-10-13,C1494,South,Electronics,Monitor,4,221.78,0.05,842.76,568.82,273.94,0.32505102282974985,2024,10,Oct,2024-10
3369,2024-02-03,C1322,South,Accessories,Keyboard,6,34.83,0.0,208.98,144.63,64.35,0.3079242032730405,2024,2,Feb,2024-02
3370,2025-09-19,C1549,West,Electronics,Headphones,3,94.73,0.0,284.19,181.8,102.39,0.36028713184841127,2025,9,Sep,2025-09
3371,2024-09-15,C1552,West,Accessories,Mouse,5,23.94,0.0,119.7,78.85,40.85,0.3412698412698413,2024,9,Sep,2024-09
3372,2025-01-21,C1367,West,Electronics,Smartphone,2,514.14,0.05,976.87,719.39,257.48,0.2635765250238005,2025,1,Jan,2025-01
3373,2025-02-10,C1566,South,Electronics,Headphones,3,91.87,0.1,248.05,209.8,38.25,0.15420278169723844,2025,2,Feb,2025-02
3374,2025-07-08,C1597,West,Furniture,Bookshelf,2,130.19,0.1,234.34,177.11,57.23,0.2442178031919433,2025,7,Jul,2025-07
3375,2025-12-29,C1429,South,Electronics,Headphones,2,87.72,0.0,175.44,139.42,36.02,0.20531235750114002,2025,12,Dec,2025-12
3376,2024-03-02,C1101,East,Electronics,Headphones,4,84.54,0.0,338.16,213.23,124.93,0.3694405015377336,2024,3,Mar,2024-03
3377,2024-06-24,C1216,North,Electronics,Headphones,1,95.35,0.0,95.35,66.65,28.7,0.30099632931305714,2024,6,Jun,2024-06
3378,2025-05-05,C1103,South,Furniture,Table Lamp,3,56.67,0.05,161.51,104.74,56.77,0.35149526345117954,2025,5,May,2025-05
3379,2024-11-05,C1588,Central,Electronics,Monitor,3,213.35,0.0,640.05,465.01,175.04,0.27347863448168114,2024,11,Nov,2024-11
3380,2025-04-13,C1038,West,Electronics,Laptop,4,589.04,0.0,2356.16,1507.48,848.68,0.3601962515279098,2025,4,Apr,2025-04
3381,2025-04-26,C1562,Central,Electronics,Monitor,6,236.68,0.2,1136.06,929.05,207.01,0.18221748851293065,2025,4,Apr,2025-04
3382,2025-05-01,C1050,East,Accessories,Keyboard,5,37.45,0.05,177.89,127.05,50.84,0.2857945921636967,2025,5,May,2025-05
3383,2025-02-11,C1337,West,Electronics,Monitor,5,229.48,0.1,1032.66,891.96,140.7,0.13625007262797045,2025,2,Feb,2025-02
3384,2025-01-05,C1474,West,Furniture,Table Lamp,1,57.35,0.05,54.48,42.54,11.94,0.21916299559471367,2025,1,Jan,2025-01
3385,2025-07-18,C1465,North,Accessories,Keyboard,7,37.26,0.05,247.78,164.17,83.61,0.3374364355476632,2025,7,Jul,2025-07
3386,2024-11-06,C1517,Central,Accessories,Backpack,7,47.1,0.05,313.21,215.74,97.47,0.311196960505731,2024,11,Nov,2024-11
3387,2024-04-10,C1361,West,Accessories,Keyboard,1,36.37,0.1,32.73,25.54,7.19,0.21967613809960285,2024,4,Apr,2024-04
3388,2024-12-29,C1073,Central,Electronics,Headphones,5,93.37,0.15,396.82,369.48,27.34,0.06889773700922333,2024,12,Dec,2024-12
3389,2024-09-12,C1244,South,Office Supplies,Notebook,3,8.02,0.0,24.06,19.29,4.77,0.19825436408977556,2024,9,Sep,2024-09
3390,2025-04-21,C1113,North,Office Supplies,Printer Paper,7,13.07,0.1,82.34,74.5,7.84,0.09521496235122662,2025,4,Apr,2025-04
3391,2025-12-23,C1474,East,Office Supplies,Notebook,2,7.83,0.0,15.66,12.49,3.17,0.20242656449553,2025,12,Dec,2025-12
3392,2025-12-30,C1044,South,Furniture,Bookshelf,5,153.11,0.1,689.0,590.83,98.17,0.14248185776487662,2025,12,Dec,2025-12
3393,2024-11-15,C1174,West,Accessories,Backpack,1,42.57,0.0,42.57,33.52,9.05,0.21259102654451492,2024,11,Nov,2024-11
3394,2025-01-28,C1301,West,Accessories,Mouse,4,27.07,0.05,102.87,84.92,17.95,0.17449207737921646,2025,1,Jan,2025-01
3395,2024-11-04,C1196,Central,Electronics,Headphones,2,84.24,0.0,168.48,130.18,38.3,0.22732668566001898,2024,11,Nov,2024-11
3396,2024-07-29,C1458,Central,Electronics,Laptop,3,692.44,0.2,1661.86,1568.1,93.76,0.05641871156415102,2024,7,Jul,2024-07
3397,2025-02-21,C1328,West,Furniture,Desk,5,265.69,0.1,1195.6,1002.14,193.46,0.1618099698895952,2025,2,Feb,2025-02
3398,2024-10-02,C1001,North,Office Supplies,Pen Set,7,9.59,0.1,60.42,42.84,17.58,0.29096325719960275,2024,10,Oct,2024-10
3399,2024-05-16,C1065,South,Furniture,Table Lamp,7,59.4,0.0,415.8,279.74,136.06,0.3272246272246272,2024,5,May,2024-05
3400,2024-11-28,C1271,South,Accessories,Keyboard,6,34.48,0.05,196.54,132.82,63.72,0.32420881245547983,2024,11,Nov,2024-11
3401,2025-12-11,C1420,South,Accessories,Keyboard,3,34.14,0.15,87.06,76.8,10.26,0.11784975878704342,2025,12,Dec,2025-12
3402,2025-08-19,C1446,Central,Office Supplies,Printer Paper,1,12.11,0.2,9.69,8.24,1.45,0.1496388028895769,2025,8,Aug,2025-08
3403,2024-05-10,C1001,North,Accessories,Mouse,2,26.68,0.0,53.36,35.11,18.25,0.34201649175412296,2024,5,May,2024-05
3404,2025-09-20,C1128,North,Accessories,USB Hub,6,32.8,0.0,196.8,126.23,70.57,0.3585873983739837,2025,9,Sep,2025-09
3405,2024-03-16,C1403,South,Accessories,Mouse,6,27.38,0.15,139.64,129.64,10.0,0.07161271841879119,2024,3,Mar,2024-03
3406,2024-07-27,C1229,West,Accessories,USB Hub,7,27.33,0.15,162.61,131.9,30.71,0.18885677387614536,2024,7,Jul,2024-07
3407,2024-05-26,C1599,East,Electronics,Laptop,7,635.53,0.15,3781.4,3253.52,527.88,0.1395990902840218,2024,5,May,2024-05
3408,2024-09-27,C1380,West,Accessories,Mouse,5,22.79,0.05,108.25,91.54,16.71,0.15436489607390302,2024,9,Sep,2024-09
3409,2025-11-22,C1465,North,Furniture,Bookshelf,2,142.37,0.15,242.03,191.2,50.83,0.21001528736107095,2025,11,Nov,2025-11
3410,2025-04-07,C1467,North,Office Supplies,Pen Set,4,10.18,0.15,34.61,24.06,10.55,0.30482519503033806,2025,4,Apr,2025-04
3411,2024-09-28,C1534,North,Accessories,Mouse,4,23.98,0.1,86.33,61.28,25.05,0.2901656434611375,2024,9,Sep,2024-09
3412,2024-03-12,C1409,West,Electronics,Monitor,4,240.16,0.1,864.58,690.31,174.27,0.20156607832704898,2024,3,Mar,2024-03
3413,2025-01-01,C1409,East,Furniture,Desk,3,238.22,0.05,678.93,545.8,133.13,0.19608796194011166,2025,1,Jan,2025-01
3414,2024-06-16,C1534,East,Office Supplies,Stapler,2,14.64,0.0,29.28,21.85,7.43,0.2537568306010929,2024,6,Jun,2024-06
3415,2025-01-01,C1023,West,Electronics,Monitor,6,220.54,0.15,1124.75,817.44,307.31,0.2732251611469215,2025,1,Jan,2025-01
3416,2024-04-15,C1155,East,Electronics,Smartphone,1,464.79,0.0,464.79,293.95,170.84,0.36756384603799563,2024,4,Apr,2024-04
3417,2025-01-28,C1220,Central,Electronics,Headphones,5,88.02,0.1,396.09,342.36,53.73,0.1356509884117246,2025,1,Jan,2025-01
3418,2025-03-08,C1530,South,Electronics,Smartphone,4,456.08,0.0,1824.32,1356.83,467.49,0.25625438519557975,2025,3,Mar,2025-03
3419,2025-11-06,C1373,South,Accessories,Keyboard,1,37.71,0.15,32.05,23.44,8.61,0.2686427457098284,2025,11,Nov,2025-11
3420,2025-09-09,C1509,North,Electronics,Laptop,5,631.0,0.2,2524.0,2178.62,345.38,0.13683835182250395,2025,9,Sep,2025-09
3421,2024-07-04,C1561,West,Accessories,Backpack,3,47.17,0.0,141.51,83.94,57.57,0.4068263726945093,2024,7,Jul,2024-07
3422,2024-06-14,C1028,East,Furniture,Office Chair,1,195.51,0.15,166.18,132.92,33.26,0.20014442171139726,2024,6,Jun,2024-06
3423,2024-12-16,C1214,West,Accessories,Backpack,3,40.75,0.0,122.25,97.08,25.17,0.20588957055214727,2024,12,Dec,2024-12
3424,2024-10-30,C1476,North,Electronics,Smartphone,7,443.57,0.15,2639.24,2025.59,613.65,0.23251011654870343,2024,10,Oct,2024-10
3425,2025-05-12,C1443,East,Accessories,Backpack,5,45.09,0.1,202.91,181.78,21.13,0.10413483810556404,2025,5,May,2025-05
3426,2024-07-28,C1463,North,Office Supplies,Printer Paper,2,11.56,0.1,20.81,16.56,4.25,0.2042287361845267,2024,7,Jul,2024-07
3427,2025-07-03,C1596,West,Office Supplies,Notebook,3,8.55,0.2,20.52,18.34,2.18,0.10623781676413256,2025,7,Jul,2025-07
3428,2024-05-18,C1400,North,Electronics,Laptop,7,612.47,0.05,4072.93,2781.86,1291.07,0.3169880159983108,2024,5,May,2024-05
3429,2025-01-08,C1308,South,Furniture,Office Chair,4,164.66,0.0,658.64,419.35,239.29,0.363309243289202,2025,1,Jan,2025-01
3430,2024-10-19,C1393,West,Office Supplies,Pen Set,1,10.63,0.05,10.1,6.73,3.37,0.3336633663366337,2024,10,Oct,2024-10
3431,2025-10-02,C1319,East,Office Supplies,Printer Paper,4,10.94,0.1,39.38,29.88,9.5,0.24123920771965462,2025,10,Oct,2025-10
3432,2024-12-02,C1342,West,Office Supplies,Printer Paper,5,11.45,0.0,57.25,34.5,22.75,0.39737991266375544,2024,12,Dec,2024-12
3433,2025-04-04,C1095,South,Furniture,Desk,7,266.19,0.1,1677.0,1199.14,477.86,0.28494931425163983,2025,4,Apr,2025-04
3434,2025-09-24,C1205,Central,Office Supplies,Pen Set,4,9.72,0.1,34.99,28.99,6.0,0.17147756501857672,2025,9,Sep,2025-09
3435,2024-11-14,C1211,South,Electronics,Laptop,5,641.73,0.05,3048.22,2130.81,917.41,0.3009658095544285,2024,11,Nov,2024-11
3436,2024-05-11,C1127,North,Electronics,Monitor,6,232.41,0.05,1324.74,1046.05,278.69,0.21037335628123255,2024,5,May,2024-05
3437,2024-11-03,C1049,East,Office Supplies,Pen Set,4,10.48,0.1,37.73,24.88,12.85,0.34057778955738144,2024,11,Nov,2024-11
3438,2024-04-16,C1361,East,Electronics,Laptop,2,668.58,0.05,1270.3,1030.39,239.91,0.18886089900023617,2024,4,Apr,2024-04
3439,2025-11-13,C1221,West,Electronics,Laptop,4,664.23,0.1,2391.23,2128.52,262.71,0.10986396122497626,2025,11,Nov,2025-11
3440,2025-06-01,C1416,South,Furniture,Desk,2,266.96,0.05,507.22,367.66,139.56,0.2751468790662829,2025,6,Jun,2025-06
3441,2024-02-02,C1380,West,Electronics,Laptop,4,620.76,0.1,2234.74,1635.25,599.49,0.2682593948289287,2024,2,Feb,2024-02
3442,2025-03-09,C1524,West,Electronics,Smartphone,7,493.29,0.15,2935.08,2640.76,294.32,0.1002766534472655,2025,3,Mar,2025-03
3443,2024-06-16,C1057,West,Electronics,Smartphone,3,497.0,0.15,1267.35,1096.7,170.65,0.13465104351599796,2024,6,Jun,2024-06
3444,2024-05-14,C1163,West,Furniture,Desk,3,283.77,0.2,681.05,668.67,12.38,0.01817781367006828,2024,5,May,2024-05
3445,2025-02-17,C1431,North,Accessories,USB Hub,6,27.23,0.1,147.04,125.0,22.04,0.1498911860718172,2025,2,Feb,2025-02
3446,2025-12-27,C1172,East,Accessories,Backpack,7,44.13,0.0,308.91,182.28,126.63,0.40992522093813727,2025,12,Dec,2025-12
3447,2024-12-04,C1040,Central,Office Supplies,Printer Paper,5,13.14,0.05,62.42,41.64,20.78,0.33290611983338675,2024,12,Dec,2024-12
3448,2024-01-23,C1217,South,Office Supplies,Printer Paper,3,12.04,0.1,32.51,25.5,7.01,0.21562596124269456,2024,1,Jan,2024-01
3449,2025-02-14,C1098,West,Accessories,USB Hub,4,31.43,0.0,125.72,93.0,32.72,0.260260897231944,2025,2,Feb,2025-02
3450,2025-06-24,C1416,North,Accessories,Mouse,4,23.29,0.05,88.5,72.47,16.03,0.18112994350282488,2025,6,Jun,2025-06
3451,2024-11-24,C1308,West,Office Supplies,Pen Set,4,10.47,0.1,37.69,30.21,7.48,0.19846113027328205,2024,11,Nov,2024-11
3452,2025-07-26,C1213,North,Electronics,Laptop,5,663.08,0.1,2983.86,2380.02,603.84,0.20236874384186926,2025,7,Jul,2025-07
3453,2025-09-10,C1331,West,Furniture,Bookshelf,6,145.87,0.0,875.22,570.84,304.38,0.34777541646671695,2025,9,Sep,2025-09
3454,2024-03-08,C1151,West,Electronics,Monitor,4,206.51,0.1,743.44,527.91,215.53,0.2899090713440224,2024,3,Mar,2024-03
3455,2025-09-11,C1220,Central,Furniture,Office Chair,2,183.36,0.0,366.72,277.84,88.88,0.24236474694589874,2025,9,Sep,2025-09
3456,2024-01-07,C1215,South,Office Supplies,Pen Set,5,10.66,0.1,47.97,41.12,6.85,0.14279758182197205,2024,1,Jan,2024-01
3457,2024-04-23,C1274,South,Furniture,Office Chair,5,163.94,0.05,778.72,577.88,200.84,0.2579104170947195,2024,4,Apr,2024-04
3458,2024-04-26,C1245,South,Office Supplies,Notebook,2,8.69,0.05,16.51,13.85,2.66,0.16111447607510598,2024,4,Apr,2024-04
3459,2025-08-15,C1020,North,Electronics,Smartphone,7,436.98,0.15,2600.03,2209.92,390.11,0.15004057645488705,2025,8,Aug,2025-08
3460,2025-07-20,C1504,West,Office Supplies,Printer Paper,3,12.55,0.1,33.89,26.84,7.05,0.20802596636175863,2025,7,Jul,2025-07
3461,2024-09-03,C1207,East,Furniture,Office Chair,3,173.9,0.05,495.62,406.12,89.5,0.18058189742141156,2024,9,Sep,2024-09
3462,2024-11-08,C1364,North,Office Supplies,Printer Paper,7,12.52,0.1,78.88,54.31,24.57,0.31148580121703856,2024,11,Nov,2024-11
3463,2025-10-03,C1349,North,Office Supplies,Notebook,2,7.38,0.05,14.02,11.17,2.85,0.20328102710413695,2025,10,Oct,2025-10
3464,2025-02-03,C1410,South,Electronics,Laptop,3,608.03,0.05,1732.89,1480.09,252.8,0.14588346634812366,2025,2,Feb,2025-02
3465,2024-03-10,C1011,West,Furniture,Office Chair,7,169.68,0.1,1068.98,785.56,283.42,0.2651312466089169,2024,3,Mar,2024-03
3466,2025-02-14,C1019,West,Accessories,Mouse,3,22.69,0.05,64.67,41.88,22.79,0.3524045152311736,2025,2,Feb,2025-02
3467,2024-11-08,C1383,South,Office Supplies,Notebook,2,7.84,0.1,14.11,12.72,1.39,0.09851169383416017,2024,11,Nov,2024-11
3468,2025-05-26,C1496,West,Accessories,Keyboard,7,34.28,0.05,227.96,171.46,56.5,0.24785050008773468,2025,5,May,2025-05
3469,2024-11-09,C1246,South,Electronics,Headphones,5,82.68,0.0,413.4,282.08,131.32,0.31765844218674405,2024,11,Nov,2024-11
3470,2024-05-20,C1078,East,Office Supplies,Pen Set,6,9.2,0.05,52.44,35.57,16.87,0.3217009916094585,2024,5,May,2024-05
3471,2025-04-19,C1297,West,Accessories,Mouse,5,26.0,0.1,117.0,103.73,13.27,0.11341880341880342,2025,4,Apr,2025-04
3472,2024-12-17,C1438,South,Office Supplies,Pen Set,5,10.28,0.2,41.12,32.2,8.92,0.2169260700389105,2024,12,Dec,2024-12
3473,2024-10-11,C1224,Central,Furniture,Desk,7,239.44,0.15,1424.67,1265.6,159.07,0.11165392687429368,2024,10,Oct,2024-10
3474,2025-05-31,C1034,North,Electronics,Monitor,6,218.99,0.1,1182.55,763.43,419.12,0.35442053190139955,2025,5,May,2025-05
3475,2024-10-22,C1350,East,Accessories,Mouse,6,24.15,0.1,130.41,94.14,36.27,0.2781228433402347,2024,10,Oct,2024-10
3476,2025-06-07,C1418,South,Accessories,Backpack,2,46.29,0.0,92.58,74.19,18.39,0.19863901490602723,2025,6,Jun,2025-06
3477,2025-03-23,C1198,Central,Electronics,Laptop,2,622.27,0.0,1244.54,949.14,295.4,0.23735677439053784,2025,3,Mar,2025-03
3478,2024-01-14,C1482,North,Electronics,Smartphone,1,513.15,0.15,436.18,351.84,84.34,0.19336053922692467,2024,1,Jan,2024-01
3479,2024-04-19,C1264,Central,Office Supplies,Stapler,7,14.1,0.05,93.76,74.44,19.32,0.20605802047781568,2024,4,Apr,2024-04
3480,2024-08-20,C1164,South,Electronics,Smartphone,4,494.31,0.1,1779.52,1604.89,174.63,0.09813320445962956,2024,8,Aug,2024-08
3481,2024-09-12,C1558,West,Office Supplies,Stapler,2,14.64,0.15,24.89,21.9,2.99,0.12012856568903174,2024,9,Sep,2024-09
3482,2025-05-28,C1249,North,Electronics,Smartphone,1,458.4,0.05,435.48,331.01,104.47,0.23989620648479837,2025,5,May,2025-05
3483,2025-12-10,C1010,South,Office Supplies,Printer Paper,5,11.6,0.15,49.3,37.77,11.53,0.23387423935091278,2025,12,Dec,2025-12
3484,2025-11-25,C1381,West,Furniture,Table Lamp,1,59.75,0.05,56.76,37.95,18.81,0.3313953488372093,2025,11,Nov,2025-11
3485,2025-10-30,C1105,West,Office Supplies,Pen Set,6,10.03,0.05,57.17,41.66,15.51,0.2712961343361903,2025,10,Oct,2025-10
3486,2025-01-04,C1501,West,Office Supplies,Stapler,7,14.26,0.0,99.82,81.47,18.35,0.1838308956121018,2025,1,Jan,2025-01
3487,2024-12-13,C1361,South,Accessories,USB Hub,7,31.12,0.0,217.84,136.4,81.44,0.37385236871098054,2024,12,Dec,2024-12
3488,2024-10-08,C1030,East,Accessories,USB Hub,5,30.01,0.05,142.55,112.25,30.3,0.21255699754472113,2024,10,Oct,2024-10
3489,2025-06-02,C1325,Central,Office Supplies,Printer Paper,7,11.23,0.2,62.89,62.84,0.05,0.0007950389569088886,2025,6,Jun,2025-06
3490,2025-05-02,C1035,West,Furniture,Desk,4,248.01,0.0,992.04,599.16,392.88,0.3960324180476594,2025,5,May,2025-05
3491,2025-03-11,C1359,West,Office Supplies,Pen Set,6,9.89,0.05,56.37,43.94,12.43,0.22050736207202412,2025,3,Mar,2025-03
3492,2024-01-02,C1545,South,Furniture,Table Lamp,3,51.41,0.05,146.52,103.46,43.06,0.2938847938847939,2024,1,Jan,2024-01
3493,2024-08-01,C1094,West,Electronics,Laptop,2,603.55,0.1,1086.39,786.34,300.05,0.2761899502020453,2024,8,Aug,2024-08
3494,2025-02-18,C1038,North,Electronics,Monitor,3,227.7,0.15,580.63,459.68,120.95,0.20830821693677556,2025,2,Feb,2025-02
3495,2025-03-02,C1522,South,Office Supplies,Stapler,4,13.77,0.15,46.82,41.16,5.66,0.12088850918410936,2025,3,Mar,2025-03
3496,2025-01-08,C1594,North,Accessories,Keyboard,1,31.57,0.0,31.57,20.52,11.05,0.3500158378207159,2025,1,Jan,2025-01
3497,2025-10-04,C1529,West,Accessories,USB Hub,3,27.03,0.1,72.98,54.02,18.96,0.25979720471362017,2025,10,Oct,2025-10
3498,2024-03-29,C1172,East,Office Supplies,Notebook,4,7.37,0.15,25.06,18.98,6.08,0.2426177174780527,2024,3,Mar,2024-03
3499,2025-11-29,C1387,West,Electronics,Headphones,2,89.52,0.1,161.14,112.5,48.64,0.30184932356956684,2025,11,Nov,2025-11
3500,2025-12-13,C1033,East,Furniture,Table Lamp,4,55.53,0.15,188.8,159.71,29.09,0.15407838983050848,2025,12,Dec,2025-12
3501,2025-01-08,C1230,East,Furniture,Table Lamp,2,54.97,0.1,98.95,67.15,31.8,0.3213744315310763,2025,1,Jan,2025-01
3502,2024-12-23,C1595,Central,Electronics,Headphones,5,96.96,0.0,484.8,298.07,186.73,0.3851691419141914,2024,12,Dec,2024-12
3503,2025-01-31,C1244,North,Furniture,Table Lamp,1,56.74,0.1,51.07,42.51,8.56,0.16761308008615627,2025,1,Jan,2025-01
3504,2024-08-28,C1149,South,Furniture,Bookshelf,3,127.04,0.1,343.01,298.16,44.85,0.1307542054167517,2024,8,Aug,2024-08
3505,2024-05-29,C1314,North,Electronics,Smartphone,7,437.28,0.0,3060.96,2100.39,960.57,0.31381331347028385,2024,5,May,2024-05
3506,2025-07-09,C1333,North,Office Supplies,Notebook,7,7.87,0.0,55.09,36.06,19.03,0.3454347431475767,2025,7,Jul,2025-07
3507,2024-12-20,C1543,East,Accessories,Mouse,7,25.52,0.1,160.78,130.07,30.71,0.19100634407264586,2024,12,Dec,2024-12
3508,2025-02-17,C1330,West,Office Supplies,Notebook,6,8.58,0.0,51.48,37.59,13.89,0.26981351981351986,2025,2,Feb,2025-02
3509,2024-01-22,C1302,North,Office Supplies,Pen Set,4,10.36,0.05,39.37,29.66,9.71,0.24663449326898657,2024,1,Jan,2024-01
3510,2024-08-29,C1259,North,Electronics,Laptop,2,601.12,0.0,1202.24,908.7,293.54,0.24416089965397925,2024,8,Aug,2024-08
3511,2025-06-25,C1305,West,Accessories,Mouse,3,26.01,0.05,74.13,57.11,17.02,0.229596654525833,2025,6,Jun,2025-06
3512,2025-06-05,C1489,Central,Electronics,Smartphone,5,484.0,0.05,2299.0,1606.35,692.65,0.30128316659417137,2025,6,Jun,2025-06
3513,2025-04-22,C1290,West,Electronics,Headphones,5,87.76,0.1,394.92,314.31,80.61,0.20411728957763597,2025,4,Apr,2025-04
3514,2024-04-28,C1395,Central,Furniture,Bookshelf,5,136.28,0.0,681.4,487.49,193.91,0.2845758732022307,2024,4,Apr,2024-04
3515,2024-09-03,C1550,South,Office Supplies,Pen Set,1,9.32,0.1,8.39,6.7,1.69,0.20143027413587603,2024,9,Sep,2024-09
3516,2024-07-05,C1496,South,Furniture,Bookshelf,3,146.13,0.1,394.55,258.52,136.03,0.3447725256621467,2024,7,Jul,2024-07
3517,2024-09-01,C1052,North,Electronics,Monitor,6,211.59,0.0,1269.54,950.53,319.01,0.25127999117790695,2024,9,Sep,2024-09
3518,2024-02-09,C1106,East,Office Supplies,Notebook,6,7.98,0.05,45.49,29.92,15.57,0.34227302703890966,2024,2,Feb,2024-02
3519,2024-08-03,C1560,West,Accessories,Keyboard,2,31.5,0.1,56.7,44.86,11.84,0.20881834215167547,2024,8,Aug,2024-08
3520,2025-09-29,C1357,South,Office Supplies,Notebook,6,7.87,0.1,42.5,29.12,13.38,0.3148235294117647,2025,9,Sep,2025-09
3521,2025-08-17,C1537,West,Electronics,Smartphone,2,456.12,0.0,912.24,687.15,225.09,0.2467442778216259,2025,8,Aug,2025-08
3522,2025-07-31,C1219,Central,Electronics,Smartphone,4,521.18,0.05,1980.48,1224.65,755.83,0.3816398044918404,2025,7,Jul,2025-07
3523,2024-07-15,C1294,South,Furniture,Office Chair,4,190.05,0.1,684.18,512.55,171.63,0.2508550381478558,2024,7,Jul,2024-07
3524,2025-03-22,C1388,Central,Electronics,Smartphone,7,436.22,0.15,2595.51,2309.51,286.0,0.11019029015492138,2025,3,Mar,2025-03
3525,2025-07-10,C1154,North,Electronics,Headphones,1,87.36,0.0,87.36,65.01,22.35,0.2558379120879121,2025,7,Jul,2025-07
3526,2025-08-12,C1035,North,Furniture,Bookshelf,1,135.14,0.1,121.63,99.93,21.7,0.17840993176025652,2025,8,Aug,2025-08
3527,2025-11-01,C1178,East,Office Supplies,Printer Paper,6,12.65,0.0,75.9,48.02,27.88,0.36732542819499336,2025,11,Nov,2025-11
3528,2024-10-02,C1422,West,Furniture,Table Lamp,5,58.59,0.1,263.66,173.35,90.31,0.34252446332397785,2024,10,Oct,2024-10
3529,2024-01-14,C1498,West,Office Supplies,Notebook,4,7.58,0.0,30.32,22.09,8.23,0.27143799472295516,2024,1,Jan,2024-01
3530,2025-05-12,C1105,North,Accessories,Backpack,4,44.98,0.05,170.92,117.39,53.53,0.3131874561198222,2025,5,May,2025-05
3531,2025-05-02,C1066,East,Office Supplies,Printer Paper,3,11.0,0.0,33.0,25.3,7.7,0.23333333333333334,2025,5,May,2025-05
3532,2025-09-15,C1258,West,Office Supplies,Pen Set,2,9.48,0.1,17.06,13.71,3.35,0.19636576787807739,2025,9,Sep,2025-09
3533,2025-09-19,C1371,West,Electronics,Headphones,3,97.05,0.05,276.59,209.06,67.53,0.2441519939260277,2025,9,Sep,2025-09
3534,2025-10-26,C1463,East,Office Supplies,Notebook,6,7.84,0.15,39.98,33.59,6.39,0.15982991495747875,2025,10,Oct,2025-10
3535,2024-02-17,C1290,Central,Office Supplies,Pen Set,4,9.14,0.0,36.56,24.16,12.4,0.33916849015317285,2024,2,Feb,2024-02
3536,2024-08-08,C1496,West,Accessories,Mouse,2,22.68,0.1,40.82,27.24,13.58,0.33268005879470847,2024,8,Aug,2024-08
3537,2024-01-22,C1212,West,Office Supplies,Stapler,7,14.84,0.1,93.49,77.26,16.23,0.17360145470103755,2024,1,Jan,2024-01
3538,2024-07-18,C1337,South,Electronics,Laptop,5,590.84,0.0,2954.2,1789.1,1165.1,0.39438765147924987,2024,7,Jul,2024-07
3539,2025-08-08,C1006,Central,Furniture,Table Lamp,4,57.93,0.1,208.55,179.75,28.8,0.13809637976504435,2025,8,Aug,2025-08
3540,2025-11-23,C1081,South,Electronics,Monitor,4,234.32,0.1,843.55,583.42,260.13,0.3083753185940371,2025,11,Nov,2025-11
3541,2024-04-24,C1542,Central,Electronics,Laptop,1,612.11,0.1,550.9,441.93,108.97,0.19780359411871484,2024,4,Apr,2024-04
3542,2024-03-03,C1425,West,Office Supplies,Notebook,5,8.61,0.05,40.9,25.19,15.71,0.3841075794621027,2024,3,Mar,2024-03
3543,2024-05-21,C1176,East,Accessories,Backpack,2,47.18,0.1,84.92,69.69,15.23,0.1793452661328309,2024,5,May,2024-05
3544,2025-10-05,C1345,North,Office Supplies,Pen Set,5,9.47,0.1,42.62,31.1,11.52,0.2702956358517128,2025,10,Oct,2025-10
3545,2025-07-29,C1259,South,Electronics,Headphones,5,86.5,0.15,367.62,303.6,64.02,0.1741472172351885,2025,7,Jul,2025-07
3546,2024-03-27,C1016,South,Electronics,Laptop,5,683.56,0.0,3417.8,2499.44,918.36,0.26869916320440046,2024,3,Mar,2024-03
3547,2025-06-08,C1425,West,Furniture,Table Lamp,1,56.08,0.05,53.28,45.04,8.24,0.15465465465465467,2025,6,Jun,2025-06
3548,2025-08-28,C1546,West,Accessories,USB Hub,4,29.45,0.1,106.02,81.99,24.03,0.22665534804753823,2025,8,Aug,2025-08
3549,2024-03-20,C1600,West,Electronics,Laptop,3,609.47,0.05,1736.99,1458.25,278.74,0.1604730021473929,2024,3,Mar,2024-03
3550,2025-02-13,C1312,North,Electronics,Headphones,7,95.35,0.2,533.96,495.02,38.94,0.07292681099707843,2025,2,Feb,2025-02
3551,2025-11-15,C1092,South,Electronics,Monitor,4,213.62,0.0,854.48,503.17,351.31,0.41113893830165715,2025,11,Nov,2025-11
3552,2024-12-26,C1595,South,Accessories,Backpack,3,46.77,0.05,133.29,91.14,42.15,0.31622777402655866,2024,12,Dec,2024-12
3553,2024-12-17,C1010,South,Furniture,Bookshelf,2,146.25,0.05,277.88,209.0,68.88,0.24787678134446522,2024,12,Dec,2024-12
3554,2025-11-08,C1052,East,Furniture,Table Lamp,1,53.75,0.0,53.75,39.24,14.51,0.26995348837209304,2025,11,Nov,2025-11
3555,2025-02-07,C1221,East,Accessories,USB Hub,3,30.04,0.05,85.61,53.49,32.12,0.37518981427403336,2025,2,Feb,2025-02
3556,2024-03-27,C1583,North,Furniture,Table Lamp,6,57.66,0.1,311.36,223.84,87.52,0.2810894141829393,2024,3,Mar,2024-03
3557,2024-06-06,C1509,North,Accessories,Keyboard,2,37.79,0.1,68.02,59.3,8.72,0.12819758894442812,2024,6,Jun,2024-06
3558,2025-04-26,C1178,South,Electronics,Laptop,4,657.85,0.1,2368.26,1846.18,522.08,0.22044876829402177,2025,4,Apr,2025-04
3559,2025-06-06,C1053,West,Office Supplies,Stapler,7,14.45,0.0,101.15,81.47,19.68,0.19456253089471082,2025,6,Jun,2025-06
3560,2025-08-30,C1509,Central,Accessories,Backpack,4,44.16,0.15,150.14,109.19,40.95,0.2727454375915812,2025,8,Aug,2025-08
3561,2025-06-13,C1088,East,Electronics,Monitor,3,210.49,0.1,568.32,386.71,181.61,0.31955588400900903,2025,6,Jun,2025-06
3562,2024-09-25,C1421,West,Accessories,Backpack,1,42.74,0.0,42.74,28.33,14.41,0.33715489003275617,2024,9,Sep,2024-09
3563,2024-11-08,C1445,East,Furniture,Desk,2,257.65,0.0,515.3,355.19,160.11,0.3107122064816612,2024,11,Nov,2024-11
3564,2025-01-08,C1593,Central,Office Supplies,Notebook,6,8.2,0.1,44.28,29.36,14.92,0.3369467028003613,2025,1,Jan,2025-01
3565,2025-02-19,C1341,East,Furniture,Office Chair,3,193.76,0.1,523.15,472.79,50.36,0.09626302207779795,2025,2,Feb,2025-02
3566,2025-08-26,C1384,South,Office Supplies,Printer Paper,3,12.47,0.1,33.67,22.05,11.62,0.3451143451143451,2025,8,Aug,2025-08
3567,2025-08-04,C1361,Central,Electronics,Smartphone,5,444.92,0.0,2224.6,1611.11,613.49,0.27577542030027874,2025,8,Aug,2025-08
3568,2024-04-18,C1176,South,Electronics,Monitor,1,218.14,0.0,218.14,159.64,58.5,0.26817640047675806,2024,4,Apr,2024-04
3569,2024-08-26,C1295,North,Office Supplies,Printer Paper,1,12.12,0.0,12.12,7.09,5.03,0.41501650165016507,2024,8,Aug,2024-08
3570,2025-03-17,C1486,Central,Office Supplies,Pen Set,7,10.55,0.05,70.16,45.12,25.04,0.35689851767388825,2025,3,Mar,2025-03
3571,2025-07-08,C1085,West,Furniture,Desk,7,260.17,0.1,1639.07,1061.23,577.84,0.352541380172903,2025,7,Jul,2025-07
3572,2025-10-22,C1494,Central,Furniture,Office Chair,4,169.5,0.1,610.2,460.36,149.84,0.24555883316945262,2025,10,Oct,2025-10
3573,2024-09-23,C1061,North,Accessories,Keyboard,6,36.52,0.2,175.3,179.29,-3.99,-0.022760981175128352,2024,9,Sep,2024-09
3574,2024-12-11,C1039,North,Office Supplies,Printer Paper,3,11.52,0.15,29.38,24.28,5.1,0.17358747447243023,2024,12,Dec,2024-12
3575,2025-06-26,C1370,Central,Electronics,Laptop,4,595.83,0.1,2144.99,1914.36,230.63,0.10752031478002229,2025,6,Jun,2025-06
3576,2024-12-08,C1294,South,Furniture,Table Lamp,5,54.94,0.15,233.49,161.53,71.96,0.30819307036703925,2024,12,Dec,2024-12
3577,2024-08-30,C1576,East,Furniture,Office Chair,5,188.16,0.1,846.72,721.07,125.65,0.148396164021164,2024,8,Aug,2024-08
3578,2024-07-14,C1585,West,Electronics,Laptop,3,653.74,0.05,1863.16,1341.68,521.48,0.27989007922024944,2024,7,Jul,2024-07
3579,2024-02-24,C1333,South,Electronics,Smartphone,1,455.52,0.0,455.52,278.81,176.71,0.38793027748507203,2024,2,Feb,2024-02
3580,2024-06-22,C1388,West,Accessories,Mouse,7,25.28,0.15,150.42,122.28,28.14,0.18707618667730358,2024,6,Jun,2024-06
3581,2024-04-03,C1009,South,Furniture,Table Lamp,7,58.05,0.0,406.35,274.26,132.09,0.3250645994832041,2024,4,Apr,2024-04
3582,2025-01-14,C1278,North,Accessories,USB Hub,6,32.27,0.1,174.26,116.01,58.25,0.33427063009296454,2025,1,Jan,2025-01
3583,2024-05-23,C1247,West,Accessories,Mouse,6,26.0,0.0,156.0,116.9,39.1,0.25064102564102564,2024,5,May,2024-05
3584,2025-06-06,C1292,North,Electronics,Monitor,5,218.5,0.2,874.0,885.51,-11.51,-0.013169336384439359,2025,6,Jun,2025-06
3585,2024-09-08,C1461,Central,Accessories,USB Hub,6,28.65,0.15,146.11,126.89,19.22,0.13154472657586747,2024,9,Sep,2024-09
3586,2024-04-11,C1388,East,Electronics,Smartphone,3,478.63,0.0,1435.89,946.01,489.88,0.34116819533529724,2024,4,Apr,2024-04
3587,2025-09-12,C1443,West,Accessories,Keyboard,3,32.22,0.2,77.33,65.7,11.63,0.15039441355230831,2025,9,Sep,2025-09
3588,2024-09-26,C1142,East,Accessories,Keyboard,5,32.51,0.0,162.55,122.54,40.01,0.246139649338665,2024,9,Sep,2024-09
3589,2025-10-07,C1449,South,Furniture,Office Chair,5,183.79,0.05,873.0,710.67,162.33,0.1859450171821306,2025,10,Oct,2025-10
3590,2024-09-22,C1144,North,Electronics,Headphones,7,88.64,0.05,589.46,417.83,171.63,0.29116479489702435,2024,9,Sep,2024-09
3591,2024-04-29,C1567,East,Office Supplies,Printer Paper,6,12.87,0.1,69.5,56.36,13.14,0.18906474820143887,2024,4,Apr,2024-04
3592,2025-11-21,C1037,South,Electronics,Headphones,7,92.72,0.05,616.59,491.29,125.3,0.20321445368883698,2025,11,Nov,2025-11
3593,2025-05-31,C1249,East,Accessories,USB Hub,4,31.58,0.1,113.69,100.48,13.21,0.11619315682997626,2025,5,May,2025-05
3594,2024-09-29,C1109,North,Furniture,Office Chair,6,196.21,0.0,1177.26,873.78,303.48,0.257785026247388,2024,9,Sep,2024-09
3595,2025-10-13,C1132,North,Accessories,Backpack,4,48.35,0.05,183.73,151.01,32.72,0.17808741087465302,2025,10,Oct,2025-10
3596,2024-04-02,C1532,South,Furniture,Desk,4,251.13,0.15,853.84,680.06,173.78,0.2035275929916612,2024,4,Apr,2024-04
3597,2024-01-05,C1588,East,Furniture,Desk,6,281.75,0.05,1605.98,1207.17,398.81,0.24832812363790333,2024,1,Jan,2024-01
3598,2024-09-15,C1515,North,Electronics,Monitor,3,224.83,0.0,674.49,475.93,198.56,0.2943853874779463,2024,9,Sep,2024-09
3599,2024-05-27,C1232,East,Office Supplies,Printer Paper,4,12.81,0.1,46.12,37.02,9.1,0.19731136166522117,2024,5,May,2024-05
3600,2024-05-25,C1482,East,Office Supplies,Printer Paper,6,11.69,0.15,59.62,41.4,18.22,0.3056021469305602,2024,5,May,2024-05
3601,2025-10-28,C1208,West,Furniture,Bookshelf,5,129.13,0.0,645.65,499.24,146.41,0.22676372647719353,2025,10,Oct,2025-10
3602,2025-12-14,C1242,West,Furniture,Desk,1,242.61,0.05,230.48,183.64,46.84,0.20322804581742454,2025,12,Dec,2025-12
3603,2024-02-22,C1329,North,Electronics,Laptop,7,674.98,0.1,4252.37,2847.29,1405.08,0.3304227995212082,2024,2,Feb,2024-02
3604,2024-04-07,C1442,North,Accessories,Mouse,1,22.89,0.0,22.89,15.93,6.96,0.3040629095674967,2024,4,Apr,2024-04
3605,2024-06-02,C1101,West,Office Supplies,Pen Set,1,10.32,0.0,10.32,7.66,2.66,0.25775193798449614,2024,6,Jun,2024-06
3606,2024-07-14,C1458,Central,Accessories,Backpack,7,41.69,0.15,248.06,237.55,10.51,0.04236878174635169,2024,7,Jul,2024-07
3607,2025-11-27,C1444,West,Accessories,Backpack,3,43.51,0.0,130.53,95.32,35.21,0.2697464184478664,2025,11,Nov,2025-11
3608,2024-04-27,C1295,West,Electronics,Headphones,1,83.43,0.0,83.43,58.92,24.51,0.2937792161093132,2024,4,Apr,2024-04
3609,2025-12-20,C1087,South,Electronics,Smartphone,7,465.4,0.05,3094.91,2656.81,438.1,0.14155500483051206,2025,12,Dec,2025-12
3610,2025-02-09,C1293,Central,Electronics,Monitor,7,198.56,0.05,1320.42,936.68,383.74,0.2906196513230639,2025,2,Feb,2025-02
3611,2025-11-20,C1240,North,Furniture,Table Lamp,7,53.38,0.05,354.98,247.11,107.87,0.3038762747197025,2025,11,Nov,2025-11
3612,2024-11-06,C1119,South,Furniture,Table Lamp,6,55.96,0.0,335.76,222.61,113.15,0.3369966642840124,2024,11,Nov,2024-11
3613,2024-10-12,C1461,South,Office Supplies,Notebook,6,8.01,0.15,40.85,33.51,7.34,0.17968176254589963,2024,10,Oct,2024-10
3614,2025-09-01,C1029,North,Electronics,Monitor,7,200.81,0.05,1335.39,1048.26,287.13,0.21501583806977734,2025,9,Sep,2025-09
3615,2024-12-23,C1371,East,Electronics,Headphones,6,84.88,0.15,432.89,361.69,71.2,0.1644759638707293,2024,12,Dec,2024-12
3616,2024-11-09,C1334,East,Furniture,Office Chair,6,170.47,0.1,920.54,782.3,138.24,0.15017272470506443,2024,11,Nov,2024-11
3617,2024-02-09,C1327,West,Electronics,Laptop,2,641.84,0.1,1155.31,957.32,197.99,0.17137391695735346,2024,2,Feb,2024-02
3618,2025-05-17,C1433,South,Furniture,Table Lamp,5,59.96,0.0,299.8,234.5,65.3,0.21781187458305534,2025,5,May,2025-05
3619,2024-04-21,C1496,Central,Electronics,Monitor,1,225.27,0.0,225.27,180.94,44.33,0.19678607892750918,2024,4,Apr,2024-04
3620,2025-06-04,C1412,South,Furniture,Table Lamp,4,58.18,0.15,197.81,145.89,51.92,0.2624740912997321,2025,6,Jun,2025-06
3621,2024-06-04,C1169,West,Accessories,Keyboard,6,37.55,0.15,191.5,184.45,7.05,0.03681462140992167,2024,6,Jun,2024-06
3622,2025-10-07,C1427,East,Furniture,Table Lamp,7,58.76,0.0,411.32,333.42,77.9,0.1893902557619372,2025,10,Oct,2025-10
3623,2024-11-02,C1432,East,Office Supplies,Pen Set,6,9.19,0.05,52.38,44.27,8.11,0.15483008781977853,2024,11,Nov,2024-11
3624,2024-06-04,C1339,West,Accessories,Keyboard,4,33.61,0.1,121.0,84.85,36.15,0.29876033057851237,2024,6,Jun,2024-06
3625,2025-08-27,C1305,North,Electronics,Headphones,2,82.32,0.1,148.18,106.85,41.33,0.27891753273046294,2025,8,Aug,2025-08
3626,2025-05-31,C1382,North,Accessories,Backpack,7,45.19,0.1,284.7,190.39,94.31,0.3312609764664559,2025,5,May,2025-05
3627,2024-08-03,C1332,Central,Electronics,Headphones,2,85.95,0.05,163.3,138.64,24.66,0.15101041028781384,2024,8,Aug,2024-08
3628,2025-07-15,C1090,South,Electronics,Laptop,1,654.27,0.05,621.56,381.16,240.4,0.38676877533946846,2025,7,Jul,2025-07
3629,2025-03-14,C1146,East,Electronics,Monitor,5,209.34,0.0,1046.7,732.51,314.19,0.3001719690455718,2025,3,Mar,2025-03
3630,2024-01-03,C1135,Central,Accessories,Backpack,1,49.39,0.05,46.92,36.72,10.2,0.21739130434782605,2024,1,Jan,2024-01
3631,2024-07-20,C1155,South,Electronics,Headphones,5,81.93,0.1,368.69,264.41,104.28,0.28283924163931756,2024,7,Jul,2024-07
3632,2024-05-02,C1328,West,Electronics,Smartphone,2,437.61,0.15,743.94,542.81,201.13,0.2703578245557437,2024,5,May,2024-05
3633,2025-05-12,C1085,South,Furniture,Bookshelf,5,140.26,0.0,701.3,562.96,138.34,0.1972622272921717,2025,5,May,2025-05
3634,2025-06-04,C1425,North,Office Supplies,Notebook,2,7.72,0.0,15.44,11.64,3.8,0.24611398963730569,2025,6,Jun,2025-06
3635,2025-07-28,C1415,South,Electronics,Headphones,7,92.49,0.15,550.32,379.7,170.62,0.31003779619130684,2025,7,Jul,2025-07
3636,2025-03-25,C1591,Central,Accessories,Backpack,2,44.87,0.1,80.77,56.08,24.69,0.30568280302092365,2025,3,Mar,2025-03
3637,2025-12-07,C1399,East,Electronics,Headphones,6,83.59,0.1,451.39,332.9,118.49,0.26250027692239525,2025,12,Dec,2025-12
3638,2025-09-13,C1558,North,Accessories,USB Hub,2,27.7,0.0,55.4,39.15,16.25,0.2933212996389892,2025,9,Sep,2025-09
3639,2025-10-15,C1323,East,Office Supplies,Printer Paper,1,12.67,0.1,11.4,7.7,3.7,0.32456140350877194,2025,10,Oct,2025-10
3640,2025-11-05,C1029,East,Electronics,Smartphone,6,453.87,0.05,2587.06,2134.29,452.77,0.17501333560102975,2025,11,Nov,2025-11
3641,2025-06-27,C1506,East,Furniture,Desk,2,263.62,0.15,448.15,417.18,30.97,0.06910632600691732,2025,6,Jun,2025-06
3642,2024-07-01,C1052,Central,Office Supplies,Printer Paper,4,11.99,0.1,43.16,30.11,13.05,0.3023632993512512,2024,7,Jul,2024-07
3643,2024-12-04,C1261,Central,Electronics,Headphones,2,81.55,0.05,154.94,127.01,27.93,0.18026332773977025,2024,12,Dec,2024-12
3644,2024-09-03,C1007,East,Electronics,Laptop,5,690.76,0.1,3108.42,2414.46,693.96,0.22325168413534852,2024,9,Sep,2024-09
3645,2024-09-02,C1237,North,Office Supplies,Pen Set,1,10.66,0.05,10.13,7.47,2.66,0.26258637709772953,2024,9,Sep,2024-09
3646,2024-06-05,C1547,East,Accessories,Mouse,3,25.91,0.1,69.96,58.12,11.84,0.16923956546598057,2024,6,Jun,2024-06
3647,2024-07-01,C1352,East,Electronics,Headphones,5,85.86,0.2,343.44,327.55,15.89,0.046267179128814354,2024,7,Jul,2024-07
3648,2025-06-13,C1018,East,Electronics,Smartphone,4,490.88,0.0,1963.52,1415.23,548.29,0.279238306714472,2025,6,Jun,2025-06
3649,2024-03-12,C1403,East,Accessories,Keyboard,3,33.36,0.0,100.08,58.68,41.4,0.4136690647482014,2024,3,Mar,2024-03
3650,2025-12-20,C1133,East,Accessories,Keyboard,2,33.38,0.1,60.08,41.17,18.91,0.31474700399467376,2025,12,Dec,2025-12
3651,2024-09-20,C1069,Central,Accessories,Backpack,3,43.09,0.1,116.34,76.7,39.64,0.34072545985903385,2024,9,Sep,2024-09
3652,2024-12-23,C1367,North,Electronics,Laptop,3,698.88,0.05,1991.81,1261.1,730.71,0.36685728056390926,2024,12,Dec,2024-12
3653,2025-07-30,C1437,Central,Office Supplies,Notebook,1,8.05,0.1,7.25,5.83,1.42,0.19586206896551722,2025,7,Jul,2025-07
3654,2025-01-12,C1043,North,Electronics,Headphones,3,98.37,0.0,295.11,207.08,88.03,0.2982955508115618,2025,1,Jan,2025-01
3655,2025-12-10,C1442,South,Electronics,Laptop,3,674.76,0.0,2024.28,1218.45,805.83,0.3980822811073567,2025,12,Dec,2025-12
3656,2024-09-06,C1130,East,Office Supplies,Stapler,5,13.71,0.1,61.7,46.83,14.87,0.24100486223662881,2024,9,Sep,2024-09
3657,2024-09-04,C1080,East,Accessories,USB Hub,2,32.75,0.0,65.5,52.92,12.58,0.1920610687022901,2024,9,Sep,2024-09
3658,2024-06-17,C1521,South,Furniture,Office Chair,5,165.91,0.15,705.12,584.44,120.68,0.17114817336056276,2024,6,Jun,2024-06
3659,2025-12-11,C1088,North,Furniture,Desk,2,284.28,0.2,454.85,355.65,99.2,0.21809387710234143,2025,12,Dec,2025-12
3660,2025-05-14,C1141,West,Furniture,Table Lamp,7,51.48,0.15,306.31,225.96,80.35,0.26231595442525546,2025,5,May,2025-05
3661,2025-08-27,C1282,North,Furniture,Bookshelf,2,135.52,0.0,271.04,175.95,95.09,0.35083382526564344,2025,8,Aug,2025-08
3662,2025-06-21,C1046,South,Office Supplies,Pen Set,3,10.49,0.05,29.9,19.36,10.54,0.35250836120401335,2025,6,Jun,2025-06
3663,2025-06-03,C1446,North,Electronics,Monitor,7,241.47,0.1,1521.26,1302.21,219.05,0.14399247991796274,2025,6,Jun,2025-06
3664,2025-12-24,C1230,East,Office Supplies,Pen Set,2,10.14,0.1,18.25,15.02,3.23,0.176986301369863,2025,12,Dec,2025-12
3665,2025-11-24,C1463,North,Office Supplies,Notebook,2,8.38,0.1,15.08,12.82,2.26,0.14986737400530503,2025,11,Nov,2025-11
3666,2025-03-31,C1308,Central,Accessories,USB Hub,6,30.55,0.0,183.3,130.86,52.44,0.28608837970540096,2025,3,Mar,2025-03
3667,2024-11-23,C1539,South,Accessories,Keyboard,1,36.79,0.0,36.79,23.59,13.2,0.3587931503125849,2024,11,Nov,2024-11
3668,2024-02-07,C1040,West,Electronics,Laptop,2,670.93,0.2,1073.49,1075.29,-1.8,-0.0016767738870413324,2024,2,Feb,2024-02
3669,2025-02-26,C1089,North,Electronics,Smartphone,2,463.71,0.05,881.05,697.98,183.07,0.20778616423585494,2025,2,Feb,2025-02
3670,2024-12-10,C1576,South,Furniture,Table Lamp,7,54.18,0.1,341.33,221.44,119.89,0.35124366448891103,2024,12,Dec,2024-12
3671,2024-02-02,C1092,East,Electronics,Monitor,5,226.79,0.05,1077.25,916.88,160.37,0.14886980737990255,2024,2,Feb,2024-02
3672,2025-08-30,C1342,West,Office Supplies,Printer Paper,4,12.79,0.0,51.16,40.79,10.37,0.20269741985926504,2025,8,Aug,2025-08
3673,2025-07-26,C1010,South,Accessories,Keyboard,6,36.2,0.2,173.76,142.14,31.62,0.18197513812154698,2025,7,Jul,2025-07
3674,2025-03-05,C1218,East,Accessories,Mouse,2,24.06,0.15,40.9,34.55,6.35,0.1552567237163814,2025,3,Mar,2025-03
3675,2025-03-31,C1004,South,Accessories,Keyboard,5,33.48,0.15,142.29,98.48,43.81,0.30789233256026427,2025,3,Mar,2025-03
3676,2025-08-21,C1282,West,Electronics,Laptop,2,629.87,0.1,1133.77,874.24,259.53,0.22890886158568313,2025,8,Aug,2025-08
3677,2025-12-01,C1543,Central,Furniture,Desk,2,241.0,0.1,433.8,382.78,51.02,0.11761180267404334,2025,12,Dec,2025-12
3678,2025-01-01,C1318,West,Electronics,Laptop,4,640.86,0.1,2307.1,2093.86,213.24,0.09242772311559967,2025,1,Jan,2025-01
3679,2025-02-13,C1219,South,Furniture,Table Lamp,3,52.18,0.15,133.06,103.0,30.06,0.22591312189989476,2025,2,Feb,2025-02
3680,2025-06-17,C1071,Central,Accessories,Keyboard,4,31.57,0.05,119.97,94.38,25.59,0.21330332583145786,2025,6,Jun,2025-06
3681,2025-12-09,C1075,West,Office Supplies,Printer Paper,1,10.86,0.15,9.23,8.15,1.08,0.11700975081256772,2025,12,Dec,2025-12
3682,2024-05-17,C1540,East,Accessories,Keyboard,3,33.36,0.1,90.07,79.64,10.43,0.11579882313755968,2024,5,May,2024-05
3683,2024-06-11,C1388,West,Electronics,Smartphone,7,432.52,0.05,2876.26,1920.44,955.82,0.3323134904354961,2024,6,Jun,2024-06
3684,2025-11-13,C1047,West,Furniture,Desk,4,260.21,0.0,1040.84,608.59,432.25,0.4152895738057723,2025,11,Nov,2025-11
3685,2025-11-04,C1054,North,Electronics,Smartphone,1,502.07,0.1,451.86,322.44,129.42,0.28641614659407777,2025,11,Nov,2025-11
3686,2024-08-10,C1292,Central,Furniture,Office Chair,6,164.5,0.1,888.3,649.71,238.59,0.26859169199594735,2024,8,Aug,2024-08
3687,2024-07-28,C1124,West,Electronics,Headphones,3,95.13,0.0,285.39,173.12,112.27,0.39339149935176426,2024,7,Jul,2024-07
3688,2024-03-08,C1498,North,Furniture,Desk,2,281.01,0.0,562.02,386.15,175.87,0.31292480694637204,2024,3,Mar,2024-03
3689,2024-11-23,C1487,North,Electronics,Headphones,1,81.36,0.1,73.22,66.57,6.65,0.09082217973231359,2024,11,Nov,2024-11
3690,2025-11-08,C1026,East,Office Supplies,Notebook,3,7.85,0.05,22.37,14.97,7.4,0.33080017881090745,2025,11,Nov,2025-11
3691,2024-06-10,C1050,West,Electronics,Smartphone,4,470.13,0.1,1692.47,1211.78,480.69,0.284016851111098,2024,6,Jun,2024-06
3692,2025-06-05,C1512,West,Electronics,Monitor,2,219.0,0.05,416.1,290.42,125.68,0.30204277817832254,2025,6,Jun,2025-06
3693,2024-08-17,C1468,North,Office Supplies,Notebook,3,7.49,0.05,21.35,16.97,4.38,0.20515222482435597,2024,8,Aug,2024-08
3694,2024-10-19,C1020,Central,Furniture,Office Chair,4,170.51,0.1,613.84,412.86,200.98,0.3274143099178939,2024,10,Oct,2024-10
3695,2024-12-24,C1264,East,Furniture,Desk,2,240.72,0.1,433.3,385.0,48.3,0.11147011308562196,2024,12,Dec,2024-12
3696,2024-03-30,C1435,North,Accessories,Backpack,2,41.54,0.1,74.77,61.13,13.64,0.18242610672729706,2024,3,Mar,2024-03
3697,2024-04-28,C1303,North,Office Supplies,Stapler,3,15.0,0.0,45.0,34.77,10.23,0.22733333333333333,2024,4,Apr,2024-04
3698,2024-07-20,C1122,Central,Electronics,Smartphone,4,517.95,0.0,2071.8,1348.58,723.22,0.3490780963413457,2024,7,Jul,2024-07
3699,2025-05-11,C1476,North,Electronics,Smartphone,7,462.02,0.2,2587.31,2062.62,524.69,0.2027936350881804,2025,5,May,2025-05
3700,2024-05-20,C1509,Central,Electronics,Smartphone,5,497.35,0.2,1989.4,1995.32,-5.92,-0.0029757715894239466,2024,5,May,2024-05
3701,2025-02-25,C1425,West,Office Supplies,Notebook,3,7.37,0.2,17.69,16.17,1.52,0.08592425098925946,2025,2,Feb,2025-02
3702,2025-06-14,C1044,West,Office Supplies,Pen Set,2,9.37,0.05,17.8,10.97,6.83,0.38370786516853933,2025,6,Jun,2025-06
3703,2025-12-24,C1057,Central,Furniture,Table Lamp,3,59.24,0.15,151.06,125.59,25.47,0.16860849993380111,2025,12,Dec,2025-12
3704,2024-11-25,C1054,South,Furniture,Table Lamp,1,56.57,0.1,50.91,44.76,6.15,0.12080141426045965,2024,11,Nov,2024-11
3705,2025-11-28,C1588,Central,Accessories,Keyboard,5,34.4,0.0,172.0,125.25,46.75,0.27180232558139533,2025,11,Nov,2025-11
3706,2024-03-29,C1516,South,Accessories,USB Hub,7,29.83,0.15,177.49,121.63,55.86,0.3147219561665446,2024,3,Mar,2024-03
3707,2024-03-06,C1470,North,Electronics,Monitor,4,209.64,0.15,712.78,492.87,219.91,0.3085243693706333,2024,3,Mar,2024-03
3708,2025-02-14,C1266,Central,Electronics,Smartphone,2,515.07,0.05,978.63,615.82,362.81,0.37073255469380667,2025,2,Feb,2025-02
3709,2025-07-03,C1447,North,Accessories,Keyboard,1,37.38,0.15,31.77,23.99,7.78,0.24488511174063582,2025,7,Jul,2025-07
3710,2025-05-20,C1202,East,Electronics,Headphones,6,97.19,0.2,466.51,377.21,89.3,0.1914214057576472,2025,5,May,2025-05
3711,2024-02-04,C1475,North,Electronics,Laptop,4,610.84,0.15,2076.86,1861.0,215.86,0.1039357491597893,2024,2,Feb,2024-02
3712,2025-08-19,C1266,South,Accessories,Mouse,1,26.45,0.1,23.8,20.51,3.29,0.13823529411764707,2025,8,Aug,2025-08
3713,2024-10-05,C1498,East,Office Supplies,Pen Set,6,9.76,0.1,52.7,38.9,13.8,0.2618595825426945,2024,10,Oct,2024-10
3714,2025-06-20,C1597,North,Furniture,Desk,4,283.8,0.0,1135.2,839.75,295.45,0.2602625088090204,2025,6,Jun,2025-06
3715,2024-05-19,C1180,West,Accessories,USB Hub,6,30.77,0.1,166.16,149.09,17.07,0.10273230621088109,2024,5,May,2024-05
3716,2025-02-18,C1011,North,Electronics,Laptop,1,637.4,0.15,541.79,483.79,58.0,0.1070525480352166,2025,2,Feb,2025-02
3717,2025-04-12,C1435,Central,Electronics,Smartphone,6,433.73,0.1,2342.14,1881.02,461.12,0.1968797766145491,2025,4,Apr,2025-04
3718,2025-07-26,C1211,South,Office Supplies,Stapler,6,15.05,0.1,81.27,57.76,23.51,0.28928263811984745,2025,7,Jul,2025-07
3719,2024-08-15,C1490,Central,Office Supplies,Stapler,2,15.43,0.05,29.32,21.89,7.43,0.2534106412005457,2024,8,Aug,2024-08
3720,2025-01-10,C1297,East,Accessories,Mouse,1,25.58,0.1,23.02,17.15,5.87,0.25499565595134666,2025,1,Jan,2025-01
3721,2025-09-01,C1298,North,Furniture,Bookshelf,4,136.02,0.1,489.67,330.2,159.47,0.3256683072273163,2025,9,Sep,2025-09
3722,2025-03-05,C1445,South,Electronics,Monitor,1,233.57,0.1,210.21,190.53,19.68,0.09362066504923647,2025,3,Mar,2025-03
3723,2025-11-07,C1019,South,Office Supplies,Pen Set,6,9.82,0.0,58.92,39.95,18.97,0.3219619823489477,2025,11,Nov,2025-11
3724,2025-02-28,C1580,North,Accessories,USB Hub,3,32.73,0.1,88.37,62.38,25.99,0.29410433405001696,2025,2,Feb,2025-02
3725,2024-03-06,C1098,West,Furniture,Desk,5,250.41,0.05,1189.45,873.77,315.68,0.26539997477825883,2024,3,Mar,2024-03
3726,2024-01-09,C1238,Central,Electronics,Monitor,3,203.81,0.1,550.29,394.44,155.85,0.28321430518453905,2024,1,Jan,2024-01
3727,2025-01-15,C1564,North,Accessories,Keyboard,4,36.56,0.1,131.62,85.92,45.7,0.3472116699589728,2025,1,Jan,2025-01
3728,2024-06-29,C1579,South,Electronics,Monitor,6,211.02,0.15,1076.2,760.6,315.6,0.29325404199962835,2024,6,Jun,2024-06
3729,2025-12-04,C1508,West,Furniture,Table Lamp,3,55.7,0.05,158.74,108.72,50.02,0.31510646339926923,2025,12,Dec,2025-12
3730,2025-08-06,C1002,South,Accessories,Backpack,1,47.78,0.0,47.78,37.28,10.5,0.21975722059439096,2025,8,Aug,2025-08
3731,2024-06-09,C1407,South,Furniture,Desk,5,249.14,0.0,1245.7,895.93,349.77,0.28078188970056994,2024,6,Jun,2024-06
3732,2025-04-13,C1380,East,Furniture,Bookshelf,5,128.0,0.0,640.0,378.22,261.78,0.40903124999999996,2025,4,Apr,2025-04
3733,2025-10-23,C1102,West,Electronics,Smartphone,2,517.38,0.05,983.02,742.54,240.48,0.24463388333909789,2025,10,Oct,2025-10
3734,2024-01-11,C1359,South,Furniture,Office Chair,7,197.9,0.05,1316.04,877.9,438.14,0.3329230114586183,2024,1,Jan,2024-01
3735,2025-07-07,C1441,South,Accessories,USB Hub,4,30.56,0.05,116.13,88.15,27.98,0.24093688108154657,2025,7,Jul,2025-07
3736,2024-12-21,C1541,North,Office Supplies,Pen Set,4,10.75,0.05,40.85,25.83,15.02,0.36768665850673193,2024,12,Dec,2024-12
3737,2024-10-01,C1396,West,Electronics,Laptop,6,628.75,0.05,3583.88,2632.89,950.99,0.2653520765204192,2024,10,Oct,2024-10
3738,2024-09-26,C1237,North,Furniture,Table Lamp,1,57.18,0.1,51.46,43.61,7.85,0.1525456665371162,2024,9,Sep,2024-09
3739,2024-05-05,C1228,East,Office Supplies,Printer Paper,4,10.96,0.0,43.84,35.58,8.26,0.18841240875912407,2024,5,May,2024-05
3740,2024-08-27,C1104,South,Office Supplies,Stapler,3,15.9,0.05,45.32,32.49,12.83,0.28309796999117387,2024,8,Aug,2024-08
3741,2024-08-09,C1502,East,Furniture,Table Lamp,4,58.91,0.05,223.86,175.75,48.11,0.21491110515500758,2024,8,Aug,2024-08
3742,2024-02-21,C1539,West,Furniture,Table Lamp,4,50.75,0.1,182.7,162.45,20.25,0.11083743842364532,2024,2,Feb,2024-02
3743,2024-09-01,C1525,North,Electronics,Laptop,2,688.72,0.0,1377.44,962.73,414.71,0.3010730049947729,2024,9,Sep,2024-09
3744,2024-06-22,C1462,South,Electronics,Headphones,6,89.98,0.0,539.88,350.9,188.98,0.350040749796251,2024,6,Jun,2024-06
3745,2024-05-06,C1513,West,Office Supplies,Notebook,1,7.39,0.0,7.39,5.25,2.14,0.28958051420838976,2024,5,May,2024-05
3746,2024-03-19,C1438,North,Furniture,Bookshelf,2,134.8,0.1,242.64,219.69,22.95,0.09458456973293769,2024,3,Mar,2024-03
3747,2024-04-12,C1327,East,Office Supplies,Stapler,4,14.6,0.05,55.48,37.68,17.8,0.3208363374188897,2024,4,Apr,2024-04
3748,2024-08-01,C1450,South,Electronics,Headphones,7,95.02,0.1,598.63,514.89,83.74,0.13988607320047441,2024,8,Aug,2024-08
3749,2024-09-17,C1053,Central,Accessories,USB Hub,2,31.99,0.15,54.38,37.94,16.44,0.302317028319235,2024,9,Sep,2024-09
3750,2025-04-12,C1481,North,Electronics,Laptop,2,669.79,0.0,1339.58,952.68,386.9,0.2888218695411995,2025,4,Apr,2025-04
3751,2025-02-17,C1181,West,Furniture,Bookshelf,3,136.82,0.0,410.46,310.36,100.1,0.24387272815865127,2025,2,Feb,2025-02
3752,2024-01-30,C1278,East,Electronics,Headphones,3,92.01,0.15,234.63,184.79,49.84,0.2124195541917061,2024,1,Jan,2024-01
3753,2024-11-14,C1539,South,Office Supplies,Notebook,2,8.21,0.1,14.78,9.96,4.82,0.3261163734776726,2024,11,Nov,2024-11
3754,2025-01-10,C1415,Central,Accessories,Backpack,1,41.79,0.15,35.52,30.84,4.68,0.13175675675675674,2025,1,Jan,2025-01
3755,2025-05-14,C1468,West,Electronics,Laptop,2,611.13,0.1,1100.03,895.85,204.18,0.1856131196421916,2025,5,May,2025-05
3756,2025-04-01,C1470,South,Accessories,Backpack,1,47.36,0.0,47.36,33.99,13.37,0.28230574324324326,2025,4,Apr,2025-04
3757,2024-08-11,C1500,Central,Office Supplies,Printer Paper,7,10.98,0.0,76.86,47.53,29.33,0.3816029143897996,2024,8,Aug,2024-08
3758,2025-06-05,C1190,East,Office Supplies,Pen Set,2,10.77,0.15,18.31,12.91,5.4,0.29492080830147466,2025,6,Jun,2025-06
3759,2025-07-15,C1085,West,Accessories,USB Hub,4,29.6,0.1,106.56,79.55,27.01,0.2534722222222222,2025,7,Jul,2025-07
3760,2024-03-09,C1317,North,Accessories,Backpack,4,47.96,0.05,182.25,114.99,67.26,0.36905349794238684,2024,3,Mar,2024-03
3761,2024-06-12,C1100,West,Furniture,Table Lamp,6,58.74,0.05,334.82,249.31,85.51,0.25539095633474707,2024,6,Jun,2024-06
3762,2024-04-29,C1182,South,Furniture,Office Chair,7,166.2,0.1,1047.06,678.79,368.27,0.3517181441369167,2024,4,Apr,2024-04
3763,2025-06-08,C1241,North,Accessories,Keyboard,2,35.18,0.1,63.32,47.01,16.31,0.2575805432722678,2025,6,Jun,2025-06
3764,2024-05-31,C1310,East,Electronics,Smartphone,1,449.51,0.15,382.08,339.45,42.63,0.11157349246231157,2024,5,May,2024-05
3765,2024-01-02,C1063,North,Electronics,Monitor,3,220.04,0.2,528.1,464.7,63.4,0.12005302026131413,2024,1,Jan,2024-01
3766,2024-10-06,C1317,Central,Electronics,Smartphone,4,463.25,0.0,1853.0,1389.33,463.67,0.25022665947112793,2024,10,Oct,2024-10
3767,2024-12-26,C1047,South,Furniture,Desk,7,253.06,0.1,1594.28,1232.17,362.11,0.22713074240409464,2024,12,Dec,2024-12
3768,2024-02-27,C1239,East,Furniture,Table Lamp,3,59.22,0.0,177.66,140.21,37.45,0.21079590228526401,2024,2,Feb,2024-02
3769,2024-10-09,C1007,West,Furniture,Bookshelf,6,142.23,0.15,725.37,523.42,201.95,0.2784096392186057,2024,10,Oct,2024-10
3770,2024-02-12,C1521,Central,Furniture,Office Chair,1,164.82,0.1,148.34,117.67,30.67,0.20675475259538897,2024,2,Feb,2024-02
3771,2024-12-04,C1512,West,Accessories,USB Hub,2,27.48,0.0,54.96,42.02,12.94,0.23544395924308587,2024,12,Dec,2024-12
3772,2025-12-31,C1571,West,Electronics,Laptop,5,619.05,0.05,2940.49,1803.13,1137.36,0.3867926774109077,2025,12,Dec,2025-12
3773,2024-01-30,C1183,South,Electronics,Smartphone,2,450.44,0.15,765.75,644.23,121.52,0.15869409076069213,2024,1,Jan,2024-01
3774,2024-07-07,C1305,South,Electronics,Headphones,2,88.84,0.2,142.14,134.99,7.15,0.05030251864359083,2024,7,Jul,2024-07
3775,2025-03-23,C1083,South,Office Supplies,Printer Paper,3,11.77,0.2,28.25,22.28,5.97,0.21132743362831857,2025,3,Mar,2025-03
3776,2024-04-02,C1370,South,Furniture,Table Lamp,6,58.26,0.05,332.08,220.92,111.16,0.33473861720067455,2024,4,Apr,2024-04
3777,2025-10-12,C1131,East,Accessories,Mouse,6,24.05,0.15,122.66,103.27,19.39,0.15807924343714333,2025,10,Oct,2025-10
3778,2025-01-18,C1301,North,Furniture,Table Lamp,1,57.63,0.1,51.87,43.44,8.43,0.1625216888374783,2025,1,Jan,2025-01
3779,2025-08-31,C1338,West,Office Supplies,Printer Paper,5,11.33,0.05,53.82,41.45,12.37,0.22984020810107766,2025,8,Aug,2025-08
3780,2024-10-26,C1319,West,Electronics,Laptop,7,626.49,0.05,4166.16,3539.2,626.96,0.1504886994258502,2024,10,Oct,2024-10
3781,2025-08-11,C1493,South,Electronics,Laptop,1,645.81,0.0,645.81,440.45,205.36,0.3179882628017529,2025,8,Aug,2025-08
3782,2024-01-06,C1225,North,Electronics,Laptop,3,639.96,0.0,1919.88,1377.39,542.49,0.2825645352834552,2024,1,Jan,2024-01
3783,2025-03-12,C1289,East,Furniture,Office Chair,5,194.65,0.15,827.26,652.11,175.15,0.2117230374972802,2025,3,Mar,2025-03
3784,2025-09-01,C1276,East,Furniture,Office Chair,3,170.43,0.15,434.6,367.43,67.17,0.15455591348366313,2025,9,Sep,2025-09
3785,2024-01-07,C1103,West,Furniture,Bookshelf,1,132.18,0.0,132.18,100.98,31.2,0.23604176123467996,2024,1,Jan,2024-01
3786,2025-09-16,C1570,North,Accessories,Mouse,4,24.63,0.1,88.67,57.18,31.49,0.355137024923875,2025,9,Sep,2025-09
3787,2024-06-17,C1508,Central,Electronics,Headphones,7,93.77,0.0,656.39,391.47,264.92,0.40360151739057576,2024,6,Jun,2024-06
3788,2024-06-03,C1096,South,Electronics,Smartphone,6,464.18,0.1,2506.57,1845.06,661.51,0.2639104433548634,2024,6,Jun,2024-06
3789,2025-11-23,C1452,North,Accessories,Backpack,2,46.42,0.0,92.84,75.62,17.22,0.1854803963808703,2025,11,Nov,2025-11
3790,2025-01-14,C1325,South,Furniture,Office Chair,7,196.01,0.05,1303.47,1068.24,235.23,0.18046445257658403,2025,1,Jan,2025-01
3791,2025-01-05,C1375,Central,Office Supplies,Stapler,5,15.67,0.0,78.35,56.73,21.62,0.27594128908742827,2025,1,Jan,2025-01
3792,2025-01-16,C1309,West,Furniture,Desk,5,271.3,0.05,1288.68,1072.16,216.52,0.16801688549523544,2025,1,Jan,2025-01
3793,2025-08-21,C1583,West,Electronics,Headphones,7,96.98,0.0,678.86,425.83,253.03,0.37272780838464487,2025,8,Aug,2025-08
3794,2025-01-16,C1279,East,Electronics,Laptop,6,588.27,0.0,3529.62,2558.61,971.01,0.2751032689071345,2025,1,Jan,2025-01
3795,2025-01-14,C1177,Central,Office Supplies,Printer Paper,4,12.59,0.2,40.29,39.7,0.59,0.014643832216430876,2025,1,Jan,2025-01
3796,2024-02-18,C1583,Central,Accessories,Mouse,1,24.46,0.05,23.24,14.38,8.86,0.3812392426850258,2024,2,Feb,2024-02
3797,2025-09-28,C1281,West,Furniture,Office Chair,4,171.87,0.0,687.48,408.95,278.53,0.40514633152964447,2025,9,Sep,2025-09
3798,2024-11-17,C1168,East,Office Supplies,Stapler,6,15.75,0.1,85.05,72.31,12.74,0.14979423868312758,2024,11,Nov,2024-11
3799,2024-12-20,C1274,South,Accessories,Mouse,2,24.6,0.0,49.2,35.79,13.41,0.27256097560975606,2024,12,Dec,2024-12
3800,2025-08-20,C1250,East,Electronics,Monitor,6,205.12,0.05,1169.18,745.93,423.25,0.36200585025402415,2025,8,Aug,2025-08
3801,2024-08-12,C1243,North,Office Supplies,Stapler,6,15.42,0.15,78.64,71.85,6.79,0.08634282807731435,2024,8,Aug,2024-08
3802,2024-07-27,C1380,West,Electronics,Headphones,7,95.28,0.1,600.26,446.34,153.92,0.256422217039283,2024,7,Jul,2024-07
3803,2025-05-01,C1125,East,Accessories,Backpack,4,47.49,0.0,189.96,138.63,51.33,0.2702147820593809,2025,5,May,2025-05
3804,2025-09-11,C1222,Central,Office Supplies,Pen Set,4,10.73,0.1,38.63,27.59,11.04,0.28578824747605486,2025,9,Sep,2025-09
3805,2025-06-14,C1370,West,Electronics,Smartphone,6,488.92,0.0,2933.52,2125.94,807.58,0.2752938449371404,2025,6,Jun,2025-06
3806,2024-11-15,C1092,South,Furniture,Office Chair,2,193.22,0.05,367.12,259.03,108.09,0.2944268903900632,2024,11,Nov,2024-11
3807,2024-09-22,C1132,North,Furniture,Office Chair,4,192.53,0.05,731.61,548.71,182.9,0.24999658287885623,2024,9,Sep,2024-09
3808,2024-09-01,C1145,North,Accessories,Backpack,2,41.58,0.2,66.53,67.09,-0.56,-0.008417255373515708,2024,9,Sep,2024-09
3809,2025-03-26,C1462,Central,Electronics,Laptop,6,607.86,0.15,3100.09,2415.9,684.19,0.22070004419226538,2025,3,Mar,2025-03
3810,2024-02-18,C1568,West,Accessories,Mouse,7,23.45,0.1,147.74,117.98,29.76,0.2014349532963314,2024,2,Feb,2024-02
3811,2025-04-02,C1592,North,Electronics,Laptop,4,616.73,0.05,2343.57,1867.68,475.89,0.20306199516122836,2025,4,Apr,2025-04
3812,2025-02-12,C1378,South,Furniture,Table Lamp,5,60.07,0.1,270.32,198.19,72.13,0.2668319029298609,2025,2,Feb,2025-02
3813,2024-04-12,C1285,East,Office Supplies,Pen Set,1,9.82,0.0,9.82,6.95,2.87,0.29226069246435843,2024,4,Apr,2024-04
3814,2024-11-08,C1461,West,Furniture,Table Lamp,7,51.77,0.0,362.39,239.87,122.52,0.33808879935980574,2024,11,Nov,2024-11
3815,2025-04-26,C1280,West,Furniture,Table Lamp,1,51.4,0.0,51.4,33.46,17.94,0.34902723735408564,2025,4,Apr,2025-04
3816,2025-10-26,C1343,East,Office Supplies,Printer Paper,4,11.93,0.1,42.95,31.4,11.55,0.2689173457508731,2025,10,Oct,2025-10
3817,2024-08-05,C1515,Central,Furniture,Table Lamp,3,56.77,0.1,153.28,119.09,34.19,0.22305584551148225,2024,8,Aug,2024-08
3818,2025-09-24,C1090,East,Office Supplies,Printer Paper,2,12.58,0.15,21.39,18.65,2.74,0.12809724170172979,2025,9,Sep,2025-09
3819,2025-06-01,C1206,North,Electronics,Laptop,4,708.83,0.0,2835.32,1923.35,911.97,0.32164623393479397,2025,6,Jun,2025-06
3820,2025-12-13,C1518,West,Electronics,Headphones,2,98.47,0.05,187.09,155.67,31.42,0.1679405633652253,2025,12,Dec,2025-12
3821,2025-12-10,C1153,East,Electronics,Headphones,2,96.55,0.15,164.14,138.39,25.75,0.15687827464359694,2025,12,Dec,2025-12
3822,2024-11-27,C1445,East,Office Supplies,Printer Paper,4,10.98,0.05,41.72,29.16,12.56,0.30105465004793863,2024,11,Nov,2024-11
3823,2024-03-10,C1313,North,Electronics,Laptop,4,618.63,0.1,2227.07,1509.0,718.07,0.32242812304956736,2024,3,Mar,2024-03
3824,2024-11-30,C1386,West,Electronics,Monitor,2,209.7,0.15,356.49,332.76,23.73,0.06656568206681815,2024,11,Nov,2024-11
3825,2025-06-29,C1219,North,Furniture,Bookshelf,7,149.4,0.0,1045.8,711.29,334.51,0.3198603939567795,2025,6,Jun,2025-06
3826,2024-07-29,C1417,West,Accessories,USB Hub,3,32.03,0.1,86.48,66.66,19.82,0.2291859389454209,2024,7,Jul,2024-07
3827,2025-11-26,C1012,East,Furniture,Office Chair,2,176.75,0.15,300.47,240.55,59.92,0.19942090724531567,2025,11,Nov,2025-11
3828,2024-09-29,C1588,South,Accessories,Keyboard,7,38.13,0.05,253.56,212.53,41.03,0.16181574380817165,2024,9,Sep,2024-09
3829,2025-03-22,C1516,South,Furniture,Desk,2,269.73,0.1,485.51,366.74,118.77,0.24462935881856193,2025,3,Mar,2025-03
3830,2024-08-02,C1581,East,Accessories,USB Hub,5,28.48,0.05,135.28,90.29,44.99,0.33256948551153165,2024,8,Aug,2024-08
3831,2024-01-01,C1424,West,Electronics,Monitor,5,221.51,0.15,941.42,678.16,263.26,0.2796413927896157,2024,1,Jan,2024-01
3832,2024-09-08,C1542,North,Furniture,Desk,6,241.51,0.1,1304.15,1060.77,243.38,0.18661963731165893,2024,9,Sep,2024-09
3833,2024-01-30,C1527,East,Accessories,USB Hub,3,27.61,0.0,82.83,66.57,16.26,0.196305686345527,2024,1,Jan,2024-01
3834,2025-06-06,C1139,South,Furniture,Table Lamp,1,59.41,0.15,50.5,39.11,11.39,0.22554455445544555,2025,6,Jun,2025-06
3835,2024-01-10,C1218,North,Furniture,Office Chair,2,189.31,0.05,359.69,257.82,101.87,0.2832161027551503,2024,1,Jan,2024-01
3836,2024-02-27,C1108,South,Office Supplies,Stapler,5,14.78,0.0,73.9,50.93,22.97,0.31082543978349114,2024,2,Feb,2024-02
3837,2024-05-31,C1329,West,Office Supplies,Pen Set,7,10.58,0.1,66.65,50.29,16.36,0.2454613653413353,2024,5,May,2024-05
3838,2025-06-12,C1409,North,Electronics,Headphones,4,89.36,0.1,321.7,259.46,62.24,0.19347217904880323,2025,6,Jun,2025-06
3839,2024-03-21,C1399,East,Furniture,Bookshelf,5,140.02,0.0,700.1,431.27,268.83,0.3839880017140408,2024,3,Mar,2024-03
3840,2024-01-08,C1234,South,Office Supplies,Printer Paper,1,11.2,0.1,10.08,8.34,1.74,0.17261904761904762,2024,1,Jan,2024-01
3841,2024-03-06,C1173,North,Electronics,Laptop,3,588.61,0.2,1412.66,1327.64,85.02,0.060184333102091085,2024,3,Mar,2024-03
3842,2025-05-07,C1021,East,Electronics,Laptop,2,706.98,0.2,1131.17,913.13,218.04,0.19275617281222096,2025,5,May,2025-05
3843,2024-08-02,C1093,West,Furniture,Office Chair,5,194.27,0.0,971.35,654.77,316.58,0.32591753744788177,2024,8,Aug,2024-08
3844,2025-01-02,C1329,East,Furniture,Desk,5,261.3,0.1,1175.85,972.49,203.36,0.1729472296636476,2025,1,Jan,2025-01
3845,2024-12-08,C1015,South,Accessories,Keyboard,6,35.77,0.0,214.62,166.56,48.06,0.22393066815767404,2024,12,Dec,2024-12
3846,2024-06-01,C1486,West,Furniture,Bookshelf,5,148.79,0.1,669.56,608.69,60.87,0.09091044865284664,2024,6,Jun,2024-06
3847,2025-10-02,C1121,South,Electronics,Smartphone,5,514.3,0.0,2571.5,1817.64,753.86,0.2931596344545985,2025,10,Oct,2025-10
3848,2024-02-19,C1454,East,Electronics,Laptop,4,699.7,0.0,2798.8,2069.38,729.42,0.2606188366442761,2024,2,Feb,2024-02
3849,2025-01-05,C1575,West,Furniture,Desk,4,235.47,0.1,847.69,629.91,217.78,0.2569099552902594,2025,1,Jan,2025-01
3850,2025-09-06,C1186,North,Furniture,Office Chair,2,166.08,0.1,298.94,271.62,27.32,0.09138957650364622,2025,9,Sep,2025-09
3851,2024-06-01,C1402,Central,Electronics,Monitor,3,217.31,0.1,586.74,445.21,141.53,0.2412141664110168,2024,6,Jun,2024-06
3852,2025-11-24,C1428,West,Furniture,Table Lamp,5,58.89,0.05,279.73,222.95,56.78,0.20298144639473778,2025,11,Nov,2025-11
3853,2025-03-25,C1171,Central,Electronics,Monitor,4,230.83,0.05,877.15,580.15,297.0,0.3385965912329704,2025,3,Mar,2025-03
3854,2025-01-28,C1496,South,Accessories,USB Hub,2,31.04,0.05,58.98,38.77,20.21,0.34265852831468296,2025,1,Jan,2025-01
3855,2025-10-12,C1379,West,Office Supplies,Stapler,3,14.85,0.05,42.32,29.69,12.63,0.29844045368620037,2025,10,Oct,2025-10
3856,2024-03-20,C1110,North,Furniture,Table Lamp,5,59.39,0.1,267.26,190.78,76.48,0.28616328668712115,2024,3,Mar,2024-03
3857,2024-11-26,C1397,North,Electronics,Headphones,4,98.39,0.1,354.2,236.04,118.16,0.33359683794466405,2024,11,Nov,2024-11
3858,2024-07-02,C1090,Central,Accessories,USB Hub,6,29.01,0.05,165.36,130.85,34.51,0.20869617803580065,2024,7,Jul,2024-07
3859,2025-03-16,C1426,West,Furniture,Bookshelf,1,147.26,0.0,147.26,114.17,33.09,0.22470460410158907,2025,3,Mar,2025-03
3860,2025-06-18,C1537,Central,Accessories,Keyboard,3,33.5,0.05,95.48,82.34,13.14,0.13762044407205698,2025,6,Jun,2025-06
3861,2024-03-02,C1427,East,Electronics,Monitor,5,230.73,0.0,1153.65,824.45,329.2,0.2853551770467646,2024,3,Mar,2024-03
3862,2024-02-13,C1111,West,Electronics,Headphones,5,97.34,0.1,438.03,309.69,128.34,0.29299363057324845,2024,2,Feb,2024-02
3863,2025-07-02,C1561,East,Accessories,Mouse,7,24.04,0.05,159.87,125.47,34.4,0.21517482954900854,2025,7,Jul,2025-07
3864,2024-07-05,C1359,Central,Electronics,Smartphone,5,442.87,0.1,1992.92,1593.58,399.34,0.20037934287377313,2024,7,Jul,2024-07
3865,2025-02-02,C1077,East,Office Supplies,Stapler,5,16.27,0.05,77.28,65.51,11.77,0.15230331262939958,2025,2,Feb,2025-02
3866,2024-02-18,C1363,North,Furniture,Table Lamp,4,52.35,0.0,209.4,155.54,53.86,0.2572110792741165,2024,2,Feb,2024-02
3867,2024-03-06,C1248,South,Office Supplies,Pen Set,6,9.34,0.05,53.24,33.06,20.18,0.379038317054846,2024,3,Mar,2024-03
3868,2025-09-01,C1045,North,Office Supplies,Printer Paper,4,10.86,0.0,43.44,33.46,9.98,0.22974217311233888,2025,9,Sep,2025-09
3869,2025-02-22,C1360,East,Accessories,Backpack,3,42.72,0.1,115.34,96.48,18.86,0.16351655973643142,2025,2,Feb,2025-02
3870,2025-04-12,C1417,East,Office Supplies,Pen Set,7,10.57,0.0,73.99,58.18,15.81,0.21367752398972836,2025,4,Apr,2025-04
3871,2024-02-04,C1075,North,Electronics,Laptop,4,639.57,0.05,2430.37,1686.91,743.46,0.30590403930265764,2024,2,Feb,2024-02
3872,2025-10-07,C1307,Central,Office Supplies,Printer Paper,2,12.5,0.05,23.75,17.29,6.46,0.272,2025,10,Oct,2025-10
3873,2024-03-02,C1036,South,Furniture,Table Lamp,1,53.14,0.05,50.48,39.74,10.74,0.21275752773375595,2024,3,Mar,2024-03
3874,2025-04-22,C1529,East,Office Supplies,Pen Set,5,10.7,0.05,50.82,38.69,12.13,0.23868555686737505,2025,4,Apr,2025-04
3875,2025-01-03,C1472,North,Furniture,Bookshelf,1,152.27,0.1,137.04,118.04,19.0,0.13864565090484532,2025,1,Jan,2025-01
3876,2025-07-14,C1360,East,Accessories,Backpack,4,47.43,0.15,161.26,140.21,21.05,0.13053454049361282,2025,7,Jul,2025-07
3877,2025-03-05,C1111,West,Furniture,Desk,1,278.6,0.05,264.67,221.42,43.25,0.1634110401632221,2025,3,Mar,2025-03
3878,2024-08-14,C1199,East,Office Supplies,Pen Set,2,9.81,0.0,19.62,13.77,5.85,0.2981651376146789,2024,8,Aug,2024-08
3879,2025-07-13,C1284,South,Electronics,Laptop,5,624.13,0.0,3120.65,2033.96,1086.69,0.34822552993767325,2025,7,Jul,2025-07
3880,2025-11-18,C1188,South,Accessories,Keyboard,3,33.46,0.0,100.38,75.8,24.58,0.244869495915521,2025,11,Nov,2025-11
3881,2025-05-07,C1532,Central,Furniture,Office Chair,1,180.12,0.2,144.1,145.44,-1.34,-0.00929909784871617,2025,5,May,2025-05
3882,2025-08-30,C1283,Central,Accessories,Keyboard,5,34.05,0.05,161.74,138.75,22.99,0.14214170891554345,2025,8,Aug,2025-08
3883,2024-01-29,C1433,North,Office Supplies,Stapler,7,16.27,0.1,102.5,81.79,20.71,0.2020487804878049,2024,1,Jan,2024-01
3884,2025-02-02,C1221,West,Office Supplies,Stapler,6,13.52,0.05,77.06,59.24,17.82,0.2312483778873605,2025,2,Feb,2025-02
3885,2024-01-26,C1127,North,Electronics,Smartphone,3,439.14,0.05,1251.55,1034.99,216.56,0.1730334385362151,2024,1,Jan,2024-01
3886,2025-11-28,C1419,East,Office Supplies,Pen Set,6,10.04,0.1,54.22,42.32,11.9,0.21947620804131318,2025,11,Nov,2025-11
3887,2024-07-12,C1021,South,Furniture,Office Chair,4,169.2,0.05,642.96,534.17,108.79,0.16920181659823316,2024,7,Jul,2024-07
3888,2025-04-21,C1342,West,Accessories,USB Hub,6,32.45,0.1,175.23,129.71,45.52,0.2597728699423615,2025,4,Apr,2025-04
3889,2025-03-15,C1167,North,Office Supplies,Notebook,7,8.04,0.1,50.65,45.7,4.95,0.09772951628825272,2025,3,Mar,2025-03
3890,2024-01-18,C1181,South,Office Supplies,Stapler,6,14.13,0.0,84.78,57.49,27.29,0.3218919556499174,2024,1,Jan,2024-01
3891,2024-10-22,C1061,North,Accessories,USB Hub,1,29.84,0.1,26.86,21.38,5.48,0.2040208488458675,2024,10,Oct,2024-10
3892,2024-09-19,C1093,North,Accessories,Mouse,1,23.07,0.15,19.61,14.12,5.49,0.2799592044875064,2024,9,Sep,2024-09
3893,2024-05-13,C1224,East,Electronics,Smartphone,6,486.96,0.15,2483.5,1763.83,719.67,0.28978055164082944,2024,5,May,2024-05
3894,2024-06-16,C1581,South,Office Supplies,Notebook,3,8.53,0.0,25.59,16.49,9.1,0.35560765924189136,2024,6,Jun,2024-06
3895,2024-08-09,C1486,North,Furniture,Office Chair,1,166.44,0.1,149.8,106.59,43.21,0.2884512683578104,2024,8,Aug,2024-08
3896,2025-05-24,C1157,South,Office Supplies,Notebook,6,8.24,0.05,46.97,31.82,15.15,0.32254630615286356,2025,5,May,2025-05
3897,2024-03-21,C1542,West,Office Supplies,Pen Set,1,10.17,0.0,10.17,7.95,2.22,0.21828908554572274,2024,3,Mar,2024-03
3898,2024-07-12,C1152,Central,Office Supplies,Printer Paper,1,11.76,0.1,10.58,9.19,1.39,0.1313799621928166,2024,7,Jul,2024-07
3899,2024-04-03,C1177,South,Accessories,Backpack,6,44.95,0.0,269.7,215.53,54.17,0.20085279940674824,2024,4,Apr,2024-04
3900,2025-07-21,C1389,Central,Accessories,Backpack,5,45.91,0.0,229.55,161.69,67.86,0.29562186887388364,2025,7,Jul,2025-07
3901,2024-01-12,C1098,North,Furniture,Office Chair,1,191.05,0.15,162.39,146.82,15.57,0.09588028819508591,2024,1,Jan,2024-01
3902,2025-09-22,C1336,North,Office Supplies,Stapler,3,14.82,0.1,40.01,32.54,7.47,0.18670332416895777,2025,9,Sep,2025-09
3903,2025-09-09,C1008,Central,Furniture,Table Lamp,3,55.53,0.1,149.93,128.76,21.17,0.1411992263056093,2025,9,Sep,2025-09
3904,2025-03-21,C1556,South,Accessories,Backpack,3,40.93,0.05,116.65,80.25,36.4,0.3120445777968281,2025,3,Mar,2025-03
3905,2025-06-03,C1365,East,Electronics,Monitor,3,226.36,0.0,679.08,502.13,176.95,0.2605731283501207,2025,6,Jun,2025-06
3906,2024-09-25,C1302,South,Electronics,Smartphone,3,496.79,0.05,1415.85,1110.3,305.55,0.21580675919059225,2024,9,Sep,2024-09
3907,2025-11-01,C1567,East,Electronics,Smartphone,4,481.65,0.05,1830.27,1491.01,339.26,0.18536062985242613,2025,11,Nov,2025-11
3908,2024-03-12,C1088,North,Office Supplies,Stapler,5,15.53,0.1,69.88,55.55,14.33,0.20506582713222668,2024,3,Mar,2024-03
3909,2025-08-16,C1310,West,Accessories,USB Hub,7,27.31,0.05,181.61,125.62,55.99,0.308298001211387,2025,8,Aug,2025-08
3910,2025-05-06,C1555,North,Furniture,Office Chair,4,189.14,0.05,718.73,524.87,193.86,0.2697257662821922,2025,5,May,2025-05
3911,2025-11-21,C1119,West,Accessories,USB Hub,3,31.43,0.1,84.86,71.49,13.37,0.15755361772330898,2025,11,Nov,2025-11
3912,2024-04-17,C1278,East,Accessories,Mouse,3,26.9,0.15,68.59,60.96,7.63,0.1112407056422219,2024,4,Apr,2024-04
3913,2024-07-08,C1168,South,Electronics,Laptop,2,594.72,0.05,1129.97,759.25,370.72,0.3280795065355718,2024,7,Jul,2024-07
3914,2024-07-11,C1093,South,Furniture,Bookshelf,7,145.01,0.15,862.81,656.94,205.87,0.2386040959191479,2024,7,Jul,2024-07
3915,2024-08-02,C1177,North,Furniture,Table Lamp,4,57.21,0.0,228.84,155.34,73.5,0.32118510749868906,2024,8,Aug,2024-08
3916,2025-11-09,C1053,Central,Electronics,Monitor,6,208.61,0.05,1189.08,791.29,397.79,0.3345359437548357,2025,11,Nov,2025-11
3917,2024-08-20,C1092,North,Electronics,Smartphone,7,451.23,0.0,3158.61,2516.28,642.33,0.2033584393134955,2024,8,Aug,2024-08
3918,2025-12-31,C1224,East,Electronics,Smartphone,4,467.24,0.0,1868.96,1260.42,608.54,0.3256035442171047,2025,12,Dec,2025-12
3919,2025-02-22,C1501,North,Office Supplies,Stapler,2,14.72,0.15,25.02,20.23,4.79,0.1914468425259792,2025,2,Feb,2025-02
3920,2025-04-06,C1166,North,Electronics,Laptop,5,693.6,0.2,2774.4,2024.14,750.26,0.2704224336793541,2025,4,Apr,2025-04
3921,2025-08-07,C1581,South,Electronics,Monitor,7,217.52,0.0,1522.64,1114.15,408.49,0.2682774654547365,2025,8,Aug,2025-08
3922,2025-10-10,C1288,Central,Office Supplies,Pen Set,6,9.02,0.05,51.41,40.93,10.48,0.20385139078000392,2025,10,Oct,2025-10
3923,2025-01-03,C1567,West,Accessories,Mouse,6,26.93,0.0,161.58,112.58,49.0,0.30325535338531995,2025,1,Jan,2025-01
3924,2025-10-09,C1411,Central,Electronics,Monitor,4,228.51,0.1,822.64,688.15,134.49,0.1634858504327531,2025,10,Oct,2025-10
3925,2024-07-30,C1442,North,Furniture,Desk,2,243.48,0.1,438.26,328.47,109.79,0.25051339387578153,2024,7,Jul,2024-07
3926,2025-05-29,C1568,North,Office Supplies,Printer Paper,7,12.25,0.0,85.75,58.87,26.88,0.313469387755102,2025,5,May,2025-05
3927,2025-01-08,C1190,West,Furniture,Bookshelf,3,147.55,0.05,420.52,270.51,150.01,0.35672500713402455,2025,1,Jan,2025-01
3928,2025-06-11,C1322,North,Electronics,Smartphone,3,503.29,0.15,1283.39,939.35,344.04,0.2680712799694559,2025,6,Jun,2025-06
3929,2024-04-24,C1584,Central,Furniture,Table Lamp,2,59.97,0.05,113.94,96.21,17.73,0.15560821484992102,2024,4,Apr,2024-04
3930,2024-12-07,C1358,South,Furniture,Table Lamp,4,58.12,0.0,232.48,172.02,60.46,0.2600653819683414,2024,12,Dec,2024-12
3931,2025-01-28,C1197,East,Electronics,Laptop,4,587.9,0.0,2351.6,1565.46,786.14,0.3343000510290866,2025,1,Jan,2025-01
3932,2025-12-11,C1406,East,Electronics,Headphones,6,95.57,0.05,544.75,433.8,110.95,0.2036714089031666,2025,12,Dec,2025-12
3933,2024-04-30,C1584,Central,Electronics,Laptop,7,595.6,0.0,4169.2,2427.72,1741.48,0.4177012376475103,2024,4,Apr,2024-04
3934,2025-12-12,C1148,West,Electronics,Smartphone,5,441.73,0.15,1877.35,1395.8,481.55,0.2565051801741817,2025,12,Dec,2025-12
3935,2025-10-23,C1254,East,Electronics,Smartphone,7,521.31,0.05,3466.71,2385.01,1081.7,0.3120249458420231,2025,10,Oct,2025-10
3936,2024-07-05,C1320,West,Electronics,Headphones,1,94.3,0.15,80.16,58.19,21.97,0.2740768463073852,2024,7,Jul,2024-07
3937,2024-09-04,C1325,North,Furniture,Desk,7,274.41,0.05,1824.83,1187.06,637.77,0.34949556945030497,2024,9,Sep,2024-09
3938,2024-06-25,C1333,South,Accessories,Mouse,3,24.51,0.0,73.53,47.19,26.34,0.35822113423092616,2024,6,Jun,2024-06
3939,2025-08-25,C1227,East,Accessories,Backpack,5,46.8,0.1,210.6,182.08,28.52,0.13542260208926876,2025,8,Aug,2025-08
3940,2024-11-10,C1502,West,Office Supplies,Pen Set,7,9.27,0.1,58.4,40.0,18.4,0.3150684931506849,2024,11,Nov,2024-11
3941,2025-11-09,C1585,South,Accessories,Keyboard,2,38.16,0.05,72.5,52.25,20.25,0.2793103448275862,2025,11,Nov,2025-11
3942,2024-07-27,C1310,West,Office Supplies,Pen Set,7,10.55,0.0,73.85,48.51,25.34,0.3431279620853081,2024,7,Jul,2024-07
3943,2024-06-28,C1183,West,Electronics,Smartphone,6,464.01,0.15,2366.45,1719.56,646.89,0.2733588286251558,2024,6,Jun,2024-06
3944,2024-08-22,C1261,Central,Office Supplies,Notebook,2,8.43,0.15,14.33,11.8,2.53,0.1765526866713189,2024,8,Aug,2024-08
3945,2024-12-20,C1377,East,Accessories,Backpack,5,43.47,0.1,195.62,158.96,36.66,0.18740415090481544,2024,12,Dec,2024-12
3946,2024-07-21,C1070,East,Accessories,Backpack,2,47.05,0.1,84.69,74.57,10.12,0.11949462746487188,2024,7,Jul,2024-07
3947,2024-03-11,C1419,North,Office Supplies,Stapler,6,13.63,0.15,69.51,50.13,19.38,0.27880880448856277,2024,3,Mar,2024-03
3948,2025-05-25,C1106,East,Electronics,Headphones,1,91.29,0.0,91.29,70.03,21.26,0.23288421513856938,2025,5,May,2025-05
3949,2025-10-27,C1477,North,Electronics,Laptop,7,643.63,0.05,4280.14,2634.86,1645.28,0.38439864116594313,2025,10,Oct,2025-10
3950,2025-11-04,C1098,Central,Accessories,Mouse,4,25.76,0.0,103.04,72.02,31.02,0.3010481366459627,2025,11,Nov,2025-11
3951,2025-10-20,C1085,West,Office Supplies,Printer Paper,5,13.02,0.1,58.59,52.11,6.48,0.11059907834101383,2025,10,Oct,2025-10
3952,2024-09-10,C1450,Central,Furniture,Bookshelf,5,139.34,0.0,696.7,484.37,212.33,0.304765322233386,2024,9,Sep,2024-09
3953,2024-09-07,C1037,East,Accessories,USB Hub,3,27.6,0.15,70.38,59.99,10.39,0.1476271668087525,2024,9,Sep,2024-09
3954,2025-03-13,C1221,West,Furniture,Bookshelf,2,133.62,0.05,253.88,181.88,72.0,0.28359855049629745,2025,3,Mar,2025-03
3955,2024-05-24,C1560,West,Accessories,Backpack,4,41.3,0.05,156.94,127.42,29.52,0.18809736204919078,2024,5,May,2024-05
3956,2024-06-11,C1345,South,Accessories,Backpack,4,40.9,0.0,163.6,131.77,31.83,0.194559902200489,2024,6,Jun,2024-06
3957,2024-11-25,C1352,Central,Electronics,Smartphone,2,520.67,0.15,885.14,727.98,157.16,0.17755383329190863,2024,11,Nov,2024-11
3958,2024-07-19,C1377,East,Furniture,Office Chair,1,192.75,0.15,163.84,148.23,15.61,0.09527587890625,2024,7,Jul,2024-07
3959,2024-12-05,C1180,South,Accessories,Keyboard,5,37.06,0.15,157.5,129.66,27.84,0.17676190476190476,2024,12,Dec,2024-12
3960,2024-08-28,C1198,South,Accessories,Mouse,3,23.27,0.2,55.85,50.1,5.75,0.10295434198746642,2024,8,Aug,2024-08
3961,2025-06-21,C1141,Central,Accessories,Backpack,7,48.52,0.05,322.66,273.72,48.94,0.1516766875348664,2025,6,Jun,2025-06
3962,2025-11-21,C1556,South,Furniture,Desk,3,263.25,0.1,710.78,619.49,91.29,0.12843636568277106,2025,11,Nov,2025-11
3963,2025-12-08,C1263,North,Electronics,Laptop,3,595.86,0.0,1787.58,1227.86,559.72,0.3131160563443315,2025,12,Dec,2025-12
3964,2025-03-06,C1411,South,Furniture,Office Chair,4,190.25,0.05,722.95,618.06,104.89,0.1450861055398022,2025,3,Mar,2025-03
3965,2024-11-11,C1416,East,Office Supplies,Printer Paper,5,11.85,0.1,53.32,46.41,6.91,0.12959489872468116,2024,11,Nov,2024-11
3966,2024-01-24,C1468,Central,Electronics,Laptop,6,607.65,0.15,3099.01,2693.7,405.31,0.13078692872885211,2024,1,Jan,2024-01
3967,2024-07-24,C1340,North,Furniture,Table Lamp,1,50.59,0.0,50.59,30.56,20.03,0.39592804902154577,2024,7,Jul,2024-07
3968,2025-10-31,C1197,South,Office Supplies,Pen Set,1,9.14,0.1,8.23,6.37,1.86,0.22600243013365734,2025,10,Oct,2025-10
3969,2025-05-12,C1002,West,Accessories,Mouse,3,25.2,0.1,68.04,58.82,9.22,0.1355085243974133,2025,5,May,2025-05
3970,2024-04-30,C1475,North,Electronics,Laptop,6,648.73,0.1,3503.14,2263.49,1239.65,0.35386824391831334,2024,4,Apr,2024-04
3971,2024-12-29,C1159,East,Office Supplies,Notebook,2,8.04,0.2,12.86,12.59,0.27,0.02099533437013997,2024,12,Dec,2024-12
3972,2025-06-22,C1105,West,Furniture,Office Chair,6,175.92,0.0,1055.52,776.27,279.25,0.2645615431256632,2025,6,Jun,2025-06
3973,2024-07-21,C1438,East,Furniture,Office Chair,4,162.75,0.15,553.35,424.17,129.18,0.2334507996747086,2024,7,Jul,2024-07
3974,2024-09-22,C1480,South,Electronics,Headphones,2,90.09,0.15,153.15,114.89,38.26,0.24982043747959515,2024,9,Sep,2024-09
3975,2024-06-07,C1392,Central,Furniture,Bookshelf,1,149.42,0.05,141.95,95.86,46.09,0.32469179288481864,2024,6,Jun,2024-06
3976,2024-12-08,C1327,North,Office Supplies,Printer Paper,1,12.76,0.05,12.12,8.16,3.96,0.32673267326732675,2024,12,Dec,2024-12
3977,2024-02-06,C1075,West,Furniture,Table Lamp,1,53.88,0.05,51.19,33.41,17.78,0.347333463567103,2024,2,Feb,2024-02
3978,2025-12-24,C1184,Central,Accessories,USB Hub,6,27.54,0.1,148.72,107.03,41.69,0.2803254437869822,2025,12,Dec,2025-12
3979,2024-10-19,C1446,South,Electronics,Laptop,4,631.56,0.05,2399.93,2070.8,329.13,0.13714149996041552,2024,10,Oct,2024-10
3980,2024-08-19,C1494,West,Accessories,Keyboard,3,31.75,0.1,85.72,67.28,18.44,0.21511899206719554,2024,8,Aug,2024-08
3981,2025-05-03,C1072,North,Accessories,Keyboard,7,36.94,0.05,245.65,191.27,54.38,0.22137187054752697,2025,5,May,2025-05
3982,2025-07-09,C1094,East,Accessories,USB Hub,2,32.69,0.05,62.11,53.0,9.11,0.1466752535823539,2025,7,Jul,2025-07
3983,2025-05-19,C1448,East,Office Supplies,Pen Set,1,10.42,0.0,10.42,7.19,3.23,0.30998080614203455,2025,5,May,2025-05
3984,2024-02-21,C1282,South,Electronics,Smartphone,3,468.06,0.05,1333.97,977.95,356.02,0.266887561189532,2024,2,Feb,2024-02
3985,2025-02-01,C1476,South,Office Supplies,Printer Paper,7,11.96,0.1,75.35,68.48,6.87,0.0911745189117452,2025,2,Feb,2025-02
3986,2025-03-27,C1204,North,Accessories,USB Hub,6,28.07,0.1,151.58,98.37,53.21,0.351035756696134,2025,3,Mar,2025-03
3987,2024-03-26,C1290,North,Electronics,Laptop,6,691.27,0.1,3732.86,3242.93,489.93,0.13124789035752746,2024,3,Mar,2024-03
3988,2024-01-21,C1386,South,Furniture,Desk,4,253.62,0.1,913.03,632.16,280.87,0.30762406492667277,2024,1,Jan,2024-01
3989,2025-11-19,C1337,South,Accessories,Keyboard,5,32.15,0.0,160.75,104.2,56.55,0.3517884914463452,2025,11,Nov,2025-11
3990,2024-08-01,C1591,North,Accessories,Mouse,2,25.27,0.15,42.96,37.69,5.27,0.12267225325884543,2024,8,Aug,2024-08
3991,2025-02-22,C1106,West,Electronics,Headphones,4,90.85,0.1,327.06,282.39,44.67,0.13658044395523758,2025,2,Feb,2025-02
3992,2025-01-01,C1269,North,Accessories,Mouse,5,23.65,0.0,118.25,85.62,32.63,0.27594080338266386,2025,1,Jan,2025-01
3993,2024-03-13,C1032,East,Office Supplies,Stapler,1,13.9,0.0,13.9,10.2,3.7,0.26618705035971224,2024,3,Mar,2024-03
3994,2025-09-11,C1218,West,Office Supplies,Pen Set,7,10.9,0.1,68.67,57.08,11.59,0.16877821464977427,2025,9,Sep,2025-09
3995,2024-02-10,C1065,West,Electronics,Headphones,3,98.54,0.15,251.28,229.62,21.66,0.08619866284622732,2024,2,Feb,2024-02
3996,2025-07-06,C1364,South,Accessories,USB Hub,2,30.73,0.0,61.46,42.36,19.1,0.3107712333224862,2025,7,Jul,2025-07
3997,2024-03-13,C1187,Central,Electronics,Monitor,7,229.68,0.1,1446.98,1069.53,377.45,0.2608536399950241,2024,3,Mar,2024-03
3998,2024-02-26,C1106,East,Office Supplies,Printer Paper,2,10.95,0.0,21.9,14.63,7.27,0.3319634703196347,2024,2,Feb,2024-02
3999,2025-01-25,C1360,West,Furniture,Desk,3,260.11,0.0,780.33,589.06,191.27,0.24511424653672165,2025,1,Jan,2025-01
4000,2025-08-16,C1596,South,Electronics,Laptop,1,655.9,0.15,557.52,430.81,126.71,0.22727435787056965,2025,8,Aug,2025-08
4001,2024-08-17,C1009,North,Office Supplies,Printer Paper,7,11.45,0.0,80.15,48.26,31.89,0.3978789769182782,2024,8,Aug,2024-08
4002,2024-08-14,C1296,North,Accessories,Mouse,7,23.34,0.1,147.04,112.33,34.71,0.23605821545157782,2024,8,Aug,2024-08
4003,2024-07-16,C1084,Central,Accessories,Backpack,7,42.61,0.0,298.27,204.64,93.63,0.3139102155764911,2024,7,Jul,2024-07
4004,2025-09-15,C1503,West,Accessories,Backpack,5,42.86,0.1,192.87,138.98,53.89,0.279411002229481,2025,9,Sep,2025-09
4005,2025-07-19,C1379,South,Electronics,Monitor,5,230.05,0.0,1150.25,894.5,255.75,0.22234296891980004,2025,7,Jul,2025-07
4006,2025-08-05,C1060,North,Electronics,Laptop,1,655.57,0.05,622.79,529.15,93.64,0.15035565760529232,2025,8,Aug,2025-08
4007,2024-11-07,C1351,West,Electronics,Smartphone,7,464.86,0.15,2765.92,2513.01,252.91,0.09143793023659397,2024,11,Nov,2024-11
4008,2024-11-01,C1536,South,Office Supplies,Printer Paper,7,12.18,0.1,76.73,54.96,21.77,0.28372214257787043,2024,11,Nov,2024-11
4009,2025-01-10,C1378,North,Electronics,Monitor,6,207.34,0.1,1119.64,999.63,120.01,0.10718623843378228,2025,1,Jan,2025-01
4010,2024-02-08,C1322,Central,Electronics,Monitor,2,209.12,0.05,397.33,334.09,63.24,0.1591624090806131,2024,2,Feb,2024-02
4011,2025-08-12,C1187,Central,Furniture,Table Lamp,1,57.83,0.1,52.05,33.64,18.41,0.35369836695485113,2025,8,Aug,2025-08
4012,2024-02-24,C1230,East,Electronics,Laptop,3,596.35,0.0,1789.05,1400.39,388.66,0.21724378860288981,2024,2,Feb,2024-02
4013,2024-06-02,C1251,South,Furniture,Bookshelf,4,142.56,0.0,570.24,432.48,137.76,0.24158249158249157,2024,6,Jun,2024-06
4014,2025-02-06,C1059,West,Office Supplies,Pen Set,2,10.57,0.1,19.03,12.74,6.29,0.3305307409353652,2025,2,Feb,2025-02
4015,2025-12-07,C1220,West,Office Supplies,Printer Paper,6,12.13,0.1,65.5,52.73,12.77,0.1949618320610687,2025,12,Dec,2025-12
4016,2025-11-25,C1009,Central,Furniture,Table Lamp,3,51.19,0.1,138.21,97.69,40.52,0.293177049417553,2025,11,Nov,2025-11
4017,2025-01-01,C1058,West,Accessories,USB Hub,5,31.96,0.1,143.82,104.67,39.15,0.27221526908635796,2025,1,Jan,2025-01
4018,2024-05-19,C1072,East,Accessories,Keyboard,3,31.95,0.05,91.06,70.24,20.82,0.22864045684164286,2024,5,May,2024-05
4019,2025-03-07,C1188,West,Office Supplies,Stapler,7,14.17,0.0,99.19,76.96,22.23,0.22411533420707733,2025,3,Mar,2025-03
4020,2024-05-30,C1370,South,Furniture,Bookshelf,2,136.32,0.1,245.38,204.85,40.53,0.1651723856875051,2024,5,May,2024-05
4021,2024-01-20,C1282,East,Furniture,Office Chair,6,194.66,0.05,1109.56,900.9,208.66,0.18805652691156854,2024,1,Jan,2024-01
4022,2025-04-20,C1390,Central,Electronics,Monitor,6,230.64,0.0,1383.84,1067.42,316.42,0.22865360157243614,2025,4,Apr,2025-04
4023,2024-12-02,C1006,West,Furniture,Office Chair,4,183.03,0.0,732.12,567.47,164.65,0.22489482598481125,2024,12,Dec,2024-12
4024,2025-02-17,C1258,North,Electronics,Smartphone,6,469.76,0.0,2818.56,1698.5,1120.06,0.3973873183469573,2025,2,Feb,2025-02
4025,2025-03-26,C1550,South,Electronics,Smartphone,4,451.49,0.05,1715.66,1350.01,365.65,0.21312497814252238,2025,3,Mar,2025-03
4026,2025-08-09,C1134,North,Electronics,Headphones,1,85.51,0.15,72.68,59.05,13.63,0.18753439735828287,2025,8,Aug,2025-08
4027,2025-10-16,C1211,North,Accessories,Backpack,6,48.43,0.05,276.05,181.29,94.76,0.3432711465314255,2025,10,Oct,2025-10
4028,2025-03-28,C1319,Central,Furniture,Desk,7,274.82,0.05,1827.55,1149.0,678.55,0.37128943120571256,2025,3,Mar,2025-03
4029,2024-04-26,C1231,East,Electronics,Laptop,2,668.45,0.15,1136.36,781.34,355.02,0.3124185997395192,2024,4,Apr,2024-04
4030,2025-05-30,C1222,South,Furniture,Table Lamp,3,57.69,0.1,155.76,111.72,44.04,0.2827426810477658,2025,5,May,2025-05
4031,2025-08-28,C1210,South,Accessories,Keyboard,2,37.51,0.1,67.52,43.85,23.67,0.35056279620853087,2025,8,Aug,2025-08
4032,2025-08-07,C1390,South,Office Supplies,Pen Set,5,9.96,0.1,44.82,39.17,5.65,0.12605979473449352,2025,8,Aug,2025-08
4033,2024-04-29,C1564,West,Electronics,Monitor,1,231.51,0.2,185.21,166.1,19.11,0.1031801738567032,2024,4,Apr,2024-04
4034,2024-06-28,C1494,East,Office Supplies,Stapler,6,15.49,0.0,92.94,56.02,36.92,0.3972455347536045,2024,6,Jun,2024-06
4035,2024-06-30,C1531,East,Electronics,Monitor,7,219.91,0.1,1385.43,1187.02,198.41,0.1432118548032019,2024,6,Jun,2024-06
4036,2025-12-27,C1171,Central,Electronics,Headphones,3,90.79,0.05,258.75,158.31,100.44,0.38817391304347826,2025,12,Dec,2025-12
4037,2024-09-08,C1068,West,Electronics,Laptop,5,664.78,0.05,3157.7,1999.48,1158.22,0.366792285524274,2024,9,Sep,2024-09
4038,2024-04-13,C1193,East,Accessories,Mouse,4,24.88,0.2,79.62,59.74,19.88,0.24968600854056766,2024,4,Apr,2024-04
4039,2025-01-15,C1278,North,Electronics,Headphones,3,96.45,0.1,260.42,219.48,40.94,0.15720758774287688,2025,1,Jan,2025-01
4040,2024-06-24,C1121,West,Accessories,Keyboard,7,31.53,0.2,176.57,171.38,5.19,0.029393441694512096,2024,6,Jun,2024-06
4041,2025-07-28,C1352,West,Electronics,Laptop,3,605.41,0.0,1816.23,1442.32,373.91,0.20587150305853336,2025,7,Jul,2025-07
4042,2025-06-15,C1543,North,Accessories,Keyboard,3,32.75,0.15,83.51,76.3,7.21,0.08633696563285834,2025,6,Jun,2025-06
4043,2025-01-14,C1449,South,Office Supplies,Printer Paper,3,12.68,0.0,38.04,30.74,7.3,0.19190325972660358,2025,1,Jan,2025-01
4044,2024-03-23,C1494,North,Furniture,Table Lamp,4,56.42,0.05,214.4,131.55,82.85,0.38642723880597013,2024,3,Mar,2024-03
4045,2024-08-23,C1439,West,Office Supplies,Notebook,5,7.62,0.0,38.1,31.2,6.9,0.18110236220472442,2024,8,Aug,2024-08
4046,2024-02-07,C1570,West,Office Supplies,Notebook,5,8.27,0.0,41.35,25.83,15.52,0.37533252720677146,2024,2,Feb,2024-02
4047,2024-11-28,C1260,Central,Electronics,Smartphone,5,465.93,0.0,2329.65,1487.49,842.16,0.36149636211448066,2024,11,Nov,2024-11
4048,2024-12-26,C1295,West,Electronics,Monitor,3,206.24,0.05,587.78,461.77,126.01,0.21438293238966963,2024,12,Dec,2024-12
4049,2024-06-10,C1385,West,Electronics,Monitor,4,238.24,0.0,952.96,615.92,337.04,0.3536769644056414,2024,6,Jun,2024-06
4050,2025-05-01,C1022,South,Furniture,Desk,3,254.84,0.05,726.29,535.5,190.79,0.2626912114995388,2025,5,May,2025-05
4051,2025-12-14,C1560,East,Electronics,Headphones,5,87.33,0.0,436.65,290.43,146.22,0.33486774304362765,2025,12,Dec,2025-12
4052,2025-04-06,C1456,East,Office Supplies,Stapler,3,16.37,0.1,44.2,28.59,15.61,0.3531674208144796,2025,4,Apr,2025-04
4053,2025-04-21,C1337,North,Office Supplies,Printer Paper,5,10.8,0.05,51.3,34.82,16.48,0.32124756335282656,2025,4,Apr,2025-04
4054,2025-11-02,C1580,East,Electronics,Monitor,3,207.28,0.05,590.75,369.14,221.61,0.37513330512060944,2025,11,Nov,2025-11
4055,2024-03-10,C1421,North,Electronics,Laptop,7,630.48,0.15,3751.36,3134.43,616.93,0.1644550243111831,2024,3,Mar,2024-03
4056,2025-07-10,C1011,North,Office Supplies,Printer Paper,7,12.83,0.05,85.32,63.62,21.7,0.2543366150961088,2025,7,Jul,2025-07
4057,2024-09-08,C1226,South,Furniture,Desk,6,240.27,0.1,1297.46,905.51,391.95,0.30209023784933636,2024,9,Sep,2024-09
4058,2025-10-14,C1515,Central,Furniture,Desk,4,270.2,0.1,972.72,674.19,298.53,0.30690229459659507,2025,10,Oct,2025-10
4059,2025-01-12,C1358,South,Electronics,Monitor,5,229.27,0.1,1031.72,809.69,222.03,0.21520373744814483,2025,1,Jan,2025-01
4060,2024-09-29,C1329,West,Office Supplies,Printer Paper,1,12.49,0.05,11.87,9.64,2.23,0.18786857624262848,2024,9,Sep,2024-09
4061,2024-02-16,C1439,East,Furniture,Office Chair,7,166.65,0.15,991.57,688.16,303.41,0.3059894914126083,2024,2,Feb,2024-02
4062,2024-02-06,C1330,North,Electronics,Smartphone,3,473.76,0.05,1350.22,1001.51,348.71,0.2582616166254388,2024,2,Feb,2024-02
4063,2024-05-04,C1008,South,Electronics,Laptop,2,707.27,0.0,1414.54,908.45,506.09,0.3577770865440355,2024,5,May,2024-05
4064,2025-11-26,C1540,South,Furniture,Bookshelf,6,144.18,0.0,865.08,641.56,223.52,0.25838072779396126,2025,11,Nov,2025-11
4065,2024-02-16,C1260,West,Office Supplies,Printer Paper,7,12.75,0.0,89.25,56.75,32.5,0.3641456582633053,2024,2,Feb,2024-02
4066,2025-11-06,C1567,West,Office Supplies,Stapler,6,13.78,0.2,66.14,63.21,2.93,0.04429996976111279,2025,11,Nov,2025-11
4067,2024-12-04,C1475,West,Electronics,Headphones,3,89.23,0.1,240.92,159.53,81.39,0.33782998505728046,2024,12,Dec,2024-12
4068,2025-06-07,C1552,West,Accessories,Backpack,7,44.44,0.1,279.97,204.24,75.73,0.27049326713576455,2025,6,Jun,2025-06
4069,2025-07-09,C1469,West,Accessories,Mouse,3,26.44,0.1,71.39,54.34,17.05,0.23882896764252698,2025,7,Jul,2025-07
4070,2025-01-02,C1297,Central,Furniture,Table Lamp,6,55.8,0.1,301.32,259.66,41.66,0.13825833001460242,2025,1,Jan,2025-01
4071,2024-04-04,C1147,East,Furniture,Table Lamp,7,52.09,0.0,364.63,240.63,124.0,0.3400707566574336,2024,4,Apr,2024-04
4072,2024-01-17,C1587,North,Electronics,Monitor,6,221.47,0.1,1195.94,1085.05,110.89,0.09272204291185177,2024,1,Jan,2024-01
4073,2025-01-29,C1505,West,Electronics,Headphones,6,91.37,0.0,548.22,361.49,186.73,0.34061143336616684,2025,1,Jan,2025-01
4074,2025-08-17,C1172,West,Electronics,Headphones,2,89.37,0.0,178.74,134.84,43.9,0.2456081459102607,2025,8,Aug,2025-08
4075,2025-05-03,C1591,East,Electronics,Headphones,1,97.61,0.05,92.73,77.89,14.84,0.16003450878895717,2025,5,May,2025-05
4076,2024-07-31,C1221,North,Furniture,Bookshelf,4,135.75,0.0,543.0,438.19,104.81,0.19302025782688767,2024,7,Jul,2024-07
4077,2024-06-24,C1427,Central,Electronics,Laptop,2,656.52,0.0,1313.04,883.29,429.75,0.32729391336135993,2024,6,Jun,2024-06
4078,2024-09-24,C1425,East,Accessories,Keyboard,4,37.34,0.0,149.36,100.33,49.03,0.3282672737011248,2024,9,Sep,2024-09
4079,2024-01-21,C1124,South,Furniture,Bookshelf,1,141.31,0.1,127.18,88.38,38.8,0.3050794150023588,2024,1,Jan,2024-01
4080,2024-04-10,C1299,West,Office Supplies,Notebook,6,8.51,0.0,51.06,36.48,14.58,0.28554641598119856,2024,4,Apr,2024-04
4081,2024-10-08,C1209,South,Office Supplies,Notebook,1,8.38,0.1,7.54,5.14,2.4,0.3183023872679045,2024,10,Oct,2024-10
4082,2024-08-02,C1233,East,Furniture,Bookshelf,2,134.99,0.05,256.48,175.58,80.9,0.31542420461634435,2024,8,Aug,2024-08
4083,2024-02-10,C1074,North,Furniture,Bookshelf,2,151.33,0.05,287.53,217.32,70.21,0.24418321566445242,2024,2,Feb,2024-02
4084,2025-10-18,C1020,Central,Furniture,Desk,2,245.52,0.15,417.38,386.35,31.03,0.0743447218362164,2025,10,Oct,2025-10
4085,2025-02-26,C1014,West,Electronics,Headphones,1,95.49,0.05,90.72,67.05,23.67,0.26091269841269843,2025,2,Feb,2025-02
4086,2024-11-01,C1324,Central,Office Supplies,Notebook,6,8.24,0.05,46.97,35.93,11.04,0.23504364487971044,2024,11,Nov,2024-11
4087,2025-06-07,C1204,Central,Electronics,Monitor,5,231.14,0.0,1155.7,829.34,326.36,0.2823916241239076,2025,6,Jun,2025-06
4088,2024-02-13,C1095,East,Accessories,Keyboard,1,33.61,0.0,33.61,25.74,7.87,0.23415650104135674,2024,2,Feb,2024-02
4089,2025-06-23,C1471,East,Accessories,Backpack,1,45.45,0.0,45.45,27.74,17.71,0.38965896589658966,2025,6,Jun,2025-06
4090,2024-10-10,C1578,West,Accessories,Mouse,1,24.52,0.05,23.29,16.55,6.74,0.28939458995276945,2024,10,Oct,2024-10
4091,2024-06-25,C1273,Central,Furniture,Table Lamp,6,58.61,0.15,298.91,253.62,45.29,0.1515171790840052,2024,6,Jun,2024-06
4092,2024-07-16,C1140,South,Office Supplies,Notebook,5,8.28,0.0,41.4,32.84,8.56,0.2067632850241546,2024,7,Jul,2024-07
4093,2025-01-28,C1169,Central,Office Supplies,Stapler,5,14.04,0.0,70.2,48.93,21.27,0.30299145299145297,2025,1,Jan,2025-01
4094,2025-06-21,C1302,West,Accessories,Keyboard,1,34.62,0.0,34.62,22.92,11.7,0.3379549393414211,2025,6,Jun,2025-06
4095,2025-10-14,C1064,West,Electronics,Headphones,7,84.93,0.1,535.06,397.76,137.3,0.2566067356931933,2025,10,Oct,2025-10
4096,2024-08-06,C1038,North,Office Supplies,Stapler,1,13.78,0.05,13.09,10.01,3.08,0.23529411764705882,2024,8,Aug,2024-08
4097,2024-06-30,C1508,Central,Accessories,Keyboard,7,33.33,0.15,198.31,158.62,39.69,0.200141193081539,2024,6,Jun,2024-06
4098,2025-09-01,C1208,North,Electronics,Monitor,1,235.22,0.1,211.7,158.99,52.71,0.24898441190363724,2025,9,Sep,2025-09
4099,2024-10-26,C1030,West,Office Supplies,Printer Paper,3,12.63,0.05,36.0,26.84,9.16,0.2544444444444445,2024,10,Oct,2024-10
4100,2025-01-11,C1172,North,Furniture,Bookshelf,6,137.98,0.15,703.7,617.36,86.34,0.12269432997015774,2025,1,Jan,2025-01
4101,2025-12-02,C1128,North,Accessories,Backpack,5,43.2,0.0,216.0,142.68,73.32,0.33944444444444444,2025,12,Dec,2025-12
4102,2025-11-26,C1571,South,Office Supplies,Stapler,2,14.01,0.2,22.42,20.69,1.73,0.07716324710080284,2025,11,Nov,2025-11
4103,2025-08-26,C1091,West,Office Supplies,Pen Set,1,10.31,0.1,9.28,7.86,1.42,0.15301724137931036,2025,8,Aug,2025-08
4104,2025-03-11,C1490,Central,Electronics,Monitor,5,227.12,0.05,1078.82,859.56,219.26,0.20324057766819303,2025,3,Mar,2025-03
4105,2024-05-12,C1384,North,Accessories,Mouse,2,25.57,0.0,51.14,32.26,18.88,0.369182635901447,2024,5,May,2024-05
4106,2024-11-14,C1022,North,Furniture,Bookshelf,7,131.77,0.1,830.15,720.54,109.61,0.13203637896765644,2024,11,Nov,2024-11
4107,2025-07-01,C1538,South,Accessories,USB Hub,5,29.06,0.2,116.24,110.64,5.6,0.04817618719889883,2025,7,Jul,2025-07
4108,2025-06-18,C1558,West,Office Supplies,Pen Set,1,10.7,0.0,10.7,7.29,3.41,0.3186915887850468,2025,6,Jun,2025-06
4109,2025-06-28,C1305,East,Accessories,Backpack,4,40.68,0.15,138.31,95.53,42.78,0.30930518400694096,2025,6,Jun,2025-06
4110,2024-07-18,C1070,West,Furniture,Bookshelf,3,138.74,0.15,353.79,245.79,108.0,0.30526583566522514,2024,7,Jul,2024-07
4111,2025-08-10,C1099,North,Electronics,Smartphone,6,477.37,0.05,2721.01,2227.11,493.9,0.18151348212612226,2025,8,Aug,2025-08
4112,2024-12-26,C1396,South,Accessories,Mouse,7,26.23,0.1,165.25,109.84,55.41,0.33531013615733735,2024,12,Dec,2024-12
4113,2024-06-29,C1366,North,Electronics,Headphones,4,96.38,0.0,385.52,277.09,108.43,0.281256484747873,2024,6,Jun,2024-06
4114,2024-04-20,C1490,North,Office Supplies,Notebook,2,8.48,0.1,15.26,12.05,3.21,0.21035386631716907,2024,4,Apr,2024-04
4115,2024-12-05,C1385,East,Accessories,Mouse,3,25.65,0.0,76.95,61.74,15.21,0.1976608187134503,2024,12,Dec,2024-12
4116,2025-08-04,C1239,West,Electronics,Headphones,6,86.98,0.0,521.88,337.82,184.06,0.35268644132750826,2025,8,Aug,2025-08
4117,2025-06-12,C1425,North,Electronics,Laptop,2,688.36,0.1,1239.05,876.71,362.34,0.2924337193817844,2025,6,Jun,2025-06
4118,2024-03-02,C1103,East,Accessories,Keyboard,5,38.25,0.0,191.25,123.04,68.21,0.3566535947712418,2024,3,Mar,2024-03
4119,2024-01-28,C1168,Central,Office Supplies,Printer Paper,6,12.04,0.0,72.24,56.66,15.58,0.21566998892580289,2024,1,Jan,2024-01
4120,2025-07-31,C1300,North,Electronics,Headphones,4,81.76,0.15,277.98,206.35,71.63,0.2576804086624937,2025,7,Jul,2025-07
4121,2024-11-13,C1578,Central,Furniture,Bookshelf,5,147.19,0.05,699.15,480.79,218.36,0.3123221054137167,2024,11,Nov,2024-11
4122,2025-09-13,C1004,West,Office Supplies,Stapler,2,15.61,0.05,29.66,19.76,9.9,0.3337828725556305,2025,9,Sep,2025-09
4123,2024-11-15,C1028,Central,Furniture,Desk,2,283.76,0.05,539.14,412.94,126.2,0.23407649219126758,2024,11,Nov,2024-11
4124,2025-06-11,C1344,Central,Furniture,Table Lamp,4,50.62,0.1,182.23,147.35,34.88,0.19140646435822864,2025,6,Jun,2025-06
4125,2024-02-22,C1397,South,Furniture,Desk,7,237.76,0.05,1581.1,1284.43,296.67,0.18763519069002596,2024,2,Feb,2024-02
4126,2024-07-12,C1082,North,Electronics,Monitor,1,216.12,0.1,194.51,154.93,39.58,0.20348568197007866,2024,7,Jul,2024-07
4127,2025-02-01,C1414,West,Electronics,Monitor,6,199.6,0.0,1197.6,837.17,360.43,0.3009602538410154,2025,2,Feb,2025-02
4128,2025-12-20,C1257,North,Office Supplies,Notebook,6,7.79,0.2,37.39,29.3,8.09,0.2163680128376571,2025,12,Dec,2025-12
4129,2024-07-11,C1281,East,Office Supplies,Printer Paper,6,12.83,0.0,76.98,61.44,15.54,0.20187061574434917,2024,7,Jul,2024-07
4130,2024-11-28,C1488,West,Electronics,Laptop,7,654.55,0.0,4581.85,3442.07,1139.78,0.24875978043803265,2024,11,Nov,2024-11
4131,2025-07-09,C1578,West,Furniture,Office Chair,4,177.16,0.0,708.64,417.1,291.54,0.4114077669902913,2025,7,Jul,2025-07
4132,2025-07-12,C1552,East,Electronics,Headphones,6,89.97,0.1,485.84,419.63,66.21,0.13627943355837313,2025,7,Jul,2025-07
4133,2024-04-06,C1084,South,Accessories,Backpack,6,49.04,0.1,264.82,221.68,43.14,0.16290310399516653,2024,4,Apr,2024-04
4134,2025-12-19,C1452,East,Electronics,Smartphone,1,454.15,0.0,454.15,331.41,122.74,0.2702631289221623,2025,12,Dec,2025-12
4135,2025-09-05,C1002,East,Accessories,Backpack,4,43.98,0.0,175.92,133.81,42.11,0.23937016825829924,2025,9,Sep,2025-09
4136,2025-07-27,C1010,Central,Office Supplies,Printer Paper,4,11.81,0.05,44.88,37.04,7.84,0.1746880570409982,2025,7,Jul,2025-07
4137,2025-11-29,C1256,North,Office Supplies,Stapler,5,16.05,0.05,76.24,57.63,18.61,0.24409758656873035,2025,11,Nov,2025-11
4138,2025-01-15,C1576,North,Accessories,Keyboard,3,35.56,0.05,101.35,79.94,21.41,0.211248149975333,2025,1,Jan,2025-01
4139,2025-07-01,C1585,West,Electronics,Headphones,2,97.01,0.15,164.92,139.52,25.4,0.1540140674266311,2025,7,Jul,2025-07
4140,2025-05-05,C1506,North,Furniture,Desk,4,283.53,0.0,1134.12,901.98,232.14,0.20468733467357952,2025,5,May,2025-05
4141,2025-10-11,C1467,East,Office Supplies,Notebook,4,7.85,0.1,28.26,19.69,8.57,0.3032554847841472,2025,10,Oct,2025-10
4142,2025-09-21,C1039,Central,Furniture,Table Lamp,4,59.15,0.05,224.77,186.32,38.45,0.17106375405970548,2025,9,Sep,2025-09
4143,2024-06-24,C1212,North,Accessories,Backpack,3,43.34,0.1,117.02,94.5,22.52,0.19244573577166296,2024,6,Jun,2024-06
4144,2025-04-22,C1457,North,Electronics,Headphones,6,97.84,0.05,557.69,443.32,114.37,0.20507808997830335,2025,4,Apr,2025-04
4145,2024-05-25,C1243,North,Accessories,USB Hub,4,31.09,0.0,124.36,74.88,49.48,0.3978771309102605,2024,5,May,2024-05
4146,2024-07-25,C1301,North,Electronics,Laptop,3,653.1,0.0,1959.3,1459.44,499.86,0.2551217271474506,2024,7,Jul,2024-07
4147,2025-09-28,C1288,West,Furniture,Table Lamp,2,53.76,0.15,91.39,68.87,22.52,0.24641645694277273,2025,9,Sep,2025-09
4148,2024-09-14,C1281,East,Accessories,Keyboard,7,37.77,0.15,224.73,201.0,23.73,0.10559337872113203,2024,9,Sep,2024-09
4149,2025-07-18,C1464,West,Furniture,Desk,4,277.63,0.1,999.47,813.41,186.06,0.18615866409196874,2025,7,Jul,2025-07
4150,2025-09-30,C1043,North,Electronics,Smartphone,7,519.64,0.15,3091.86,2440.49,651.37,0.21067254015382325,2025,9,Sep,2025-09
4151,2025-09-02,C1136,East,Furniture,Office Chair,4,162.73,0.05,618.37,446.12,172.25,0.27855491049048303,2025,9,Sep,2025-09
4152,2025-05-24,C1155,North,Electronics,Headphones,5,98.84,0.1,444.78,351.54,93.24,0.2096317280453258,2025,5,May,2025-05
4153,2024-04-22,C1357,South,Electronics,Monitor,1,226.38,0.05,215.06,131.55,83.51,0.38831023900306894,2024,4,Apr,2024-04
4154,2024-09-24,C1257,North,Office Supplies,Printer Paper,1,12.59,0.05,11.96,8.5,3.46,0.28929765886287623,2024,9,Sep,2024-09
4155,2024-10-30,C1212,West,Accessories,Keyboard,1,34.79,0.1,31.31,22.35,8.96,0.28617055253912493,2024,10,Oct,2024-10
4156,2025-10-13,C1006,West,Office Supplies,Printer Paper,4,11.09,0.15,37.71,31.29,6.42,0.17024661893396975,2025,10,Oct,2025-10
4157,2024-05-31,C1313,North,Office Supplies,Printer Paper,7,12.37,0.1,77.93,53.8,24.13,0.309636853586552,2024,5,May,2024-05
4158,2025-01-29,C1595,West,Accessories,Backpack,6,49.08,0.05,279.76,208.65,71.11,0.254182156133829,2025,1,Jan,2025-01
4159,2024-07-25,C1420,North,Accessories,Backpack,4,49.25,0.0,197.0,159.89,37.11,0.18837563451776648,2024,7,Jul,2024-07
4160,2025-05-12,C1542,Central,Electronics,Laptop,7,617.06,0.0,4319.42,3313.17,1006.25,0.23295951771302628,2025,5,May,2025-05
4161,2024-11-19,C1008,North,Furniture,Office Chair,5,172.32,0.05,818.52,703.77,114.75,0.14019205395103357,2024,11,Nov,2024-11
4162,2024-07-25,C1206,South,Office Supplies,Printer Paper,6,11.8,0.1,63.72,52.47,11.25,0.1765536723163842,2024,7,Jul,2024-07
4163,2024-11-28,C1141,East,Office Supplies,Notebook,1,7.23,0.05,6.87,5.67,1.2,0.17467248908296942,2024,11,Nov,2024-11
4164,2025-01-08,C1308,North,Furniture,Desk,1,275.51,0.05,261.73,207.76,53.97,0.20620486761166085,2025,1,Jan,2025-01
4165,2025-10-18,C1059,East,Office Supplies,Stapler,7,16.11,0.1,101.49,86.25,15.24,0.15016257759385163,2025,10,Oct,2025-10
4166,2024-09-25,C1333,North,Office Supplies,Stapler,3,14.78,0.15,37.69,27.54,10.15,0.26930220217564343,2024,9,Sep,2024-09
4167,2025-12-21,C1518,North,Furniture,Desk,6,283.48,0.05,1615.84,1330.99,284.85,0.17628601841766514,2025,12,Dec,2025-12
4168,2025-01-09,C1507,East,Accessories,Mouse,2,23.54,0.0,47.08,36.47,10.61,0.22536108751062023,2025,1,Jan,2025-01
4169,2025-10-07,C1406,Central,Office Supplies,Pen Set,1,9.07,0.0,9.07,5.95,3.12,0.3439911797133407,2025,10,Oct,2025-10
4170,2024-01-28,C1188,South,Furniture,Table Lamp,2,51.96,0.0,103.92,77.88,26.04,0.2505773672055427,2024,1,Jan,2024-01
4171,2025-06-15,C1581,South,Accessories,USB Hub,2,28.64,0.15,48.69,45.77,2.92,0.05997124666255905,2025,6,Jun,2025-06
4172,2025-10-19,C1531,North,Office Supplies,Pen Set,6,10.47,0.1,56.54,48.34,8.2,0.14503006720905554,2025,10,Oct,2025-10
4173,2024-04-12,C1348,West,Electronics,Smartphone,7,441.15,0.1,2779.24,1929.68,849.56,0.3056806896849498,2024,4,Apr,2024-04
4174,2025-11-07,C1393,East,Office Supplies,Notebook,1,7.48,0.1,6.73,5.31,1.42,0.21099554234769685,2025,11,Nov,2025-11
4175,2024-01-20,C1213,West,Office Supplies,Notebook,4,8.02,0.05,30.48,25.8,4.68,0.15354330708661415,2024,1,Jan,2024-01
4176,2024-03-19,C1206,East,Office Supplies,Notebook,5,7.37,0.05,35.01,29.19,5.82,0.16623821765209942,2024,3,Mar,2024-03
4177,2025-04-19,C1301,East,Furniture,Desk,6,265.44,0.1,1433.38,1102.02,331.36,0.23117386875776136,2025,4,Apr,2025-04
4178,2024-10-14,C1438,East,Electronics,Monitor,5,206.3,0.0,1031.5,796.62,234.88,0.2277072224915172,2024,10,Oct,2024-10
4179,2025-02-01,C1279,Central,Office Supplies,Pen Set,5,10.09,0.0,50.45,30.77,19.68,0.3900891972249752,2025,2,Feb,2025-02
4180,2025-08-07,C1383,West,Electronics,Smartphone,2,456.07,0.2,729.71,543.83,185.88,0.2547313316248921,2025,8,Aug,2025-08
4181,2024-10-05,C1525,South,Office Supplies,Pen Set,5,10.59,0.05,50.3,36.84,13.46,0.2675944333996024,2024,10,Oct,2024-10
4182,2025-01-06,C1361,West,Electronics,Smartphone,3,461.01,0.2,1106.42,827.79,278.63,0.25183022721931997,2025,1,Jan,2025-01
4183,2025-03-19,C1317,South,Office Supplies,Stapler,5,16.2,0.1,72.9,65.82,7.08,0.097119341563786,2025,3,Mar,2025-03
4184,2024-09-20,C1036,West,Accessories,Keyboard,1,31.57,0.0,31.57,20.45,11.12,0.3522331327209376,2024,9,Sep,2024-09
4185,2024-09-15,C1193,East,Electronics,Laptop,4,647.87,0.1,2332.33,1802.82,529.51,0.22703048024936437,2024,9,Sep,2024-09
4186,2025-09-11,C1386,West,Furniture,Desk,2,250.49,0.15,425.83,291.09,134.74,0.3164173496465726,2025,9,Sep,2025-09
4187,2024-08-21,C1556,North,Office Supplies,Printer Paper,5,12.06,0.0,60.3,36.36,23.94,0.3970149253731344,2024,8,Aug,2024-08
4188,2024-03-12,C1006,Central,Office Supplies,Pen Set,4,9.74,0.05,37.01,27.09,9.92,0.26803566603620643,2024,3,Mar,2024-03
4189,2024-02-16,C1265,East,Furniture,Office Chair,3,182.36,0.15,465.02,401.91,63.11,0.1357145929207346,2024,2,Feb,2024-02
4190,2025-11-14,C1132,South,Accessories,Backpack,4,48.91,0.1,176.08,129.68,46.4,0.2635165833711949,2025,11,Nov,2025-11
4191,2025-02-01,C1404,South,Office Supplies,Stapler,2,16.04,0.15,27.27,21.71,5.56,0.20388705537220386,2025,2,Feb,2025-02
4192,2024-05-23,C1229,East,Electronics,Monitor,2,202.36,0.05,384.48,327.74,56.74,0.1475759467332501,2024,5,May,2024-05
4193,2025-09-22,C1478,North,Office Supplies,Stapler,4,14.1,0.15,47.94,39.81,8.13,0.1695869837296621,2025,9,Sep,2025-09
4194,2025-12-03,C1104,West,Electronics,Monitor,1,236.59,0.05,224.76,156.54,68.22,0.30352375867592096,2025,12,Dec,2025-12
4195,2025-10-25,C1432,Central,Accessories,Backpack,1,41.05,0.05,39.0,26.86,12.14,0.3112820512820513,2025,10,Oct,2025-10
4196,2024-03-01,C1308,West,Furniture,Table Lamp,3,58.53,0.0,175.59,109.36,66.23,0.3771854889230594,2024,3,Mar,2024-03
4197,2025-09-04,C1337,West,Electronics,Smartphone,3,514.82,0.05,1467.24,1138.8,328.44,0.22384885908235871,2025,9,Sep,2025-09
4198,2024-06-06,C1584,North,Office Supplies,Printer Paper,4,11.35,0.05,43.13,36.64,6.49,0.15047530721075816,2024,6,Jun,2024-06
4199,2025-08-29,C1510,West,Electronics,Monitor,5,202.43,0.2,809.72,801.14,8.58,0.010596255495726918,2025,8,Aug,2025-08
4200,2025-07-01,C1068,North,Furniture,Desk,7,278.46,0.1,1754.3,1475.62,278.68,0.1588553839138118,2025,7,Jul,2025-07
4201,2024-11-10,C1425,East,Furniture,Bookshelf,3,149.0,0.2,357.6,314.98,42.62,0.11918344519015658,2024,11,Nov,2024-11
4202,2025-07-07,C1079,West,Office Supplies,Stapler,6,14.79,0.05,84.3,63.36,20.94,0.24839857651245553,2025,7,Jul,2025-07
4203,2024-06-13,C1155,East,Electronics,Monitor,4,237.81,0.1,856.12,641.16,214.96,0.2510862963136009,2024,6,Jun,2024-06
4204,2024-02-28,C1349,West,Accessories,Keyboard,1,33.24,0.0,33.24,19.67,13.57,0.4082430806257521,2024,2,Feb,2024-02
4205,2025-03-07,C1116,West,Electronics,Monitor,3,241.93,0.05,689.5,421.03,268.47,0.38936910804931113,2025,3,Mar,2025-03
4206,2025-06-03,C1511,South,Electronics,Smartphone,4,503.9,0.0,2015.6,1194.48,821.12,0.4073824171462592,2025,6,Jun,2025-06
4207,2024-08-09,C1570,Central,Office Supplies,Notebook,6,7.67,0.15,39.12,29.63,9.49,0.2425869120654397,2024,8,Aug,2024-08
4208,2025-12-28,C1118,East,Office Supplies,Stapler,5,15.76,0.1,70.92,47.62,23.3,0.32853919909757473,2025,12,Dec,2025-12
4209,2024-05-14,C1240,South,Office Supplies,Notebook,2,7.86,0.1,14.15,11.56,2.59,0.18303886925795051,2024,5,May,2024-05
4210,2025-08-27,C1058,West,Accessories,Mouse,3,26.25,0.1,70.88,62.8,8.08,0.11399548532731378,2025,8,Aug,2025-08
4211,2024-02-28,C1011,North,Accessories,Backpack,4,46.03,0.0,184.12,132.33,51.79,0.2812839452530958,2024,2,Feb,2024-02
4212,2025-07-25,C1419,South,Electronics,Monitor,6,210.64,0.2,1011.07,880.9,130.17,0.12874479511804324,2025,7,Jul,2025-07
4213,2025-04-04,C1029,East,Electronics,Monitor,5,206.37,0.1,928.66,789.91,138.75,0.1494088256197101,2025,4,Apr,2025-04
4214,2025-06-21,C1465,Central,Furniture,Desk,1,262.84,0.1,236.56,195.48,41.08,0.17365573216097396,2025,6,Jun,2025-06
4215,2024-04-05,C1370,West,Office Supplies,Stapler,4,14.19,0.0,56.76,43.8,12.96,0.2283298097251586,2024,4,Apr,2024-04
4216,2025-09-13,C1371,West,Furniture,Desk,4,249.63,0.05,948.59,721.0,227.59,0.23992451955006905,2025,9,Sep,2025-09
4217,2025-01-27,C1375,South,Accessories,Backpack,7,48.12,0.05,320.0,202.57,117.43,0.36696875,2025,1,Jan,2025-01
4218,2025-03-09,C1475,East,Furniture,Desk,5,255.65,0.0,1278.25,751.52,526.73,0.4120711910815568,2025,3,Mar,2025-03
4219,2025-07-27,C1587,East,Electronics,Laptop,4,676.88,0.15,2301.39,2101.95,199.44,0.08666067029056353,2025,7,Jul,2025-07
4220,2024-04-03,C1231,East,Electronics,Monitor,5,199.67,0.05,948.43,797.82,150.61,0.15879927880813557,2024,4,Apr,2024-04
4221,2024-08-23,C1289,North,Furniture,Table Lamp,3,56.13,0.1,151.55,102.69,48.86,0.3224018475750577,2024,8,Aug,2024-08
4222,2024-09-04,C1576,West,Furniture,Office Chair,4,192.58,0.2,616.26,554.95,61.31,0.09948722941615552,2024,9,Sep,2024-09
4223,2024-08-28,C1159,West,Electronics,Monitor,5,240.21,0.15,1020.89,833.31,187.58,0.18374163719891468,2024,8,Aug,2024-08
4224,2024-02-29,C1227,East,Accessories,Backpack,4,47.59,0.05,180.84,122.64,58.2,0.3218314532183145,2024,2,Feb,2024-02
4225,2024-06-17,C1583,North,Office Supplies,Stapler,4,15.5,0.0,62.0,49.82,12.18,0.1964516129032258,2024,6,Jun,2024-06
4226,2025-02-20,C1481,South,Furniture,Office Chair,3,182.05,0.1,491.54,394.51,97.03,0.1974000081376897,2025,2,Feb,2025-02
4227,2024-09-14,C1356,North,Office Supplies,Pen Set,6,9.44,0.05,53.81,38.13,15.68,0.2913956513659171,2024,9,Sep,2024-09
4228,2025-06-15,C1164,East,Accessories,USB Hub,5,29.18,0.1,131.31,87.94,43.37,0.330287106846394,2025,6,Jun,2025-06
4229,2025-01-23,C1301,East,Furniture,Desk,2,235.54,0.15,400.42,306.65,93.77,0.23417911193247087,2025,1,Jan,2025-01
4230,2024-03-28,C1100,East,Accessories,Keyboard,1,37.42,0.0,37.42,29.82,7.6,0.20309994655264563,2024,3,Mar,2024-03
4231,2024-12-10,C1477,North,Electronics,Headphones,6,90.18,0.1,486.97,372.99,113.98,0.2340595929934082,2024,12,Dec,2024-12
4232,2025-11-15,C1586,Central,Electronics,Headphones,6,84.84,0.15,432.68,397.59,35.09,0.08109919571045578,2025,11,Nov,2025-11
4233,2025-03-27,C1361,North,Furniture,Office Chair,1,174.35,0.0,174.35,128.1,46.25,0.2652710065959277,2025,3,Mar,2025-03
4234,2025-10-11,C1497,East,Furniture,Bookshelf,3,143.33,0.1,386.99,349.13,37.86,0.09783198532261815,2025,10,Oct,2025-10
4235,2024-02-25,C1559,East,Furniture,Bookshelf,7,138.4,0.05,920.36,620.58,299.78,0.32572037028988654,2024,2,Feb,2024-02
4236,2024-03-21,C1327,West,Accessories,USB Hub,5,28.89,0.0,144.45,84.83,59.62,0.4127379716164763,2024,3,Mar,2024-03
4237,2024-06-24,C1527,West,Electronics,Smartphone,2,445.53,0.1,801.95,591.16,210.79,0.26284681089843503,2024,6,Jun,2024-06
4238,2024-03-07,C1221,East,Electronics,Headphones,4,83.81,0.1,301.72,208.29,93.43,0.30965796102346543,2024,3,Mar,2024-03
4239,2025-12-29,C1017,West,Office Supplies,Pen Set,3,10.2,0.1,27.54,24.86,2.68,0.09731299927378359,2025,12,Dec,2025-12
4240,2025-05-24,C1194,North,Office Supplies,Printer Paper,2,11.67,0.0,23.34,14.54,8.8,0.37703513281919454,2025,5,May,2025-05
4241,2025-04-16,C1208,Central,Office Supplies,Printer Paper,6,10.82,0.0,64.92,48.79,16.13,0.24845964263709178,2025,4,Apr,2025-04
4242,2025-10-22,C1470,East,Accessories,USB Hub,7,30.18,0.0,211.26,150.72,60.54,0.28656631638738994,2025,10,Oct,2025-10
4243,2024-12-15,C1108,West,Office Supplies,Notebook,7,8.66,0.15,51.53,37.78,13.75,0.26683485348340774,2024,12,Dec,2024-12
4244,2025-08-17,C1316,West,Furniture,Bookshelf,3,137.55,0.05,392.02,250.99,141.03,0.3597520534666599,2025,8,Aug,2025-08
4245,2025-04-07,C1365,Central,Electronics,Monitor,6,217.98,0.0,1307.88,914.09,393.79,0.30109031409609444,2025,4,Apr,2025-04
4246,2024-01-06,C1316,West,Electronics,Monitor,3,214.16,0.0,642.48,468.58,173.9,0.2706699041215291,2024,1,Jan,2024-01
4247,2024-04-25,C1308,North,Accessories,USB Hub,4,32.21,0.15,109.51,91.61,17.9,0.1634553922016254,2024,4,Apr,2024-04
4248,2025-10-03,C1205,West,Accessories,USB Hub,1,28.98,0.0,28.98,18.13,10.85,0.3743961352657005,2025,10,Oct,2025-10
4249,2024-07-13,C1207,North,Electronics,Smartphone,7,462.97,0.1,2916.71,2586.09,330.62,0.11335374445865376,2024,7,Jul,2024-07
4250,2025-05-14,C1226,West,Accessories,Keyboard,3,34.65,0.05,98.75,83.46,15.29,0.15483544303797467,2025,5,May,2025-05
4251,2024-04-10,C1276,North,Furniture,Bookshelf,4,138.71,0.15,471.61,332.4,139.21,0.2951803396874536,2024,4,Apr,2024-04
4252,2025-07-25,C1370,South,Electronics,Smartphone,1,443.76,0.1,399.38,352.1,47.28,0.11838349441634534,2025,7,Jul,2025-07
4253,2024-12-05,C1552,South,Electronics,Smartphone,2,455.05,0.05,864.6,640.68,223.92,0.2589868147120055,2024,12,Dec,2024-12
4254,2025-12-24,C1220,South,Office Supplies,Notebook,5,7.93,0.1,35.68,29.55,6.13,0.17180493273542602,2025,12,Dec,2025-12
4255,2024-10-11,C1135,Central,Electronics,Headphones,2,93.31,0.0,186.62,128.58,58.04,0.31100632300932374,2024,10,Oct,2024-10
4256,2025-07-29,C1433,West,Electronics,Smartphone,4,434.47,0.0,1737.88,1098.79,639.09,0.3677411558910857,2025,7,Jul,2025-07
4257,2025-07-01,C1204,West,Electronics,Headphones,7,98.71,0.1,621.87,500.41,121.46,0.1953141331789602,2025,7,Jul,2025-07
4258,2024-07-29,C1098,Central,Furniture,Bookshelf,6,153.15,0.15,781.06,561.45,219.61,0.2811691803446599,2024,7,Jul,2024-07
4259,2025-07-21,C1103,East,Furniture,Desk,1,252.15,0.0,252.15,206.3,45.85,0.1818362086059885,2025,7,Jul,2025-07
4260,2025-04-21,C1426,West,Furniture,Office Chair,7,191.99,0.05,1276.73,853.99,422.74,0.3311115114393803,2025,4,Apr,2025-04
4261,2024-01-06,C1057,West,Electronics,Smartphone,5,525.36,0.1,2364.12,2125.02,239.1,0.10113699812192274,2024,1,Jan,2024-01
4262,2025-03-01,C1219,South,Electronics,Laptop,7,704.05,0.15,4189.1,3138.17,1050.93,0.2508725024468263,2025,3,Mar,2025-03
4263,2024-09-19,C1073,West,Furniture,Table Lamp,3,53.22,0.15,135.71,109.68,26.03,0.19180605703338,2024,9,Sep,2024-09
4264,2025-12-18,C1198,South,Electronics,Headphones,3,83.64,0.2,200.74,147.41,53.33,0.2656670319816678,2025,12,Dec,2025-12
4265,2025-03-02,C1296,South,Office Supplies,Printer Paper,3,12.16,0.0,36.48,21.44,15.04,0.41228070175438597,2025,3,Mar,2025-03
4266,2025-08-02,C1175,West,Furniture,Office Chair,2,192.73,0.0,385.46,306.02,79.44,0.20609142323457688,2025,8,Aug,2025-08
4267,2025-10-04,C1286,East,Office Supplies,Stapler,6,16.27,0.0,97.62,58.17,39.45,0.40411800860479413,2025,10,Oct,2025-10
4268,2025-07-09,C1538,North,Office Supplies,Printer Paper,1,10.97,0.05,10.42,6.99,3.43,0.32917466410748564,2025,7,Jul,2025-07
4269,2025-09-03,C1503,North,Accessories,Mouse,4,22.78,0.0,91.12,67.41,23.71,0.26020632133450394,2025,9,Sep,2025-09
4270,2025-08-29,C1138,North,Electronics,Monitor,1,236.1,0.0,236.1,154.58,81.52,0.3452774248199915,2025,8,Aug,2025-08
4271,2025-02-25,C1036,West,Furniture,Bookshelf,1,126.6,0.05,120.27,93.56,26.71,0.22208364513178683,2025,2,Feb,2025-02
4272,2025-09-21,C1170,West,Office Supplies,Pen Set,7,10.26,0.1,64.64,48.87,15.77,0.24396658415841582,2025,9,Sep,2025-09
4273,2024-09-05,C1017,South,Electronics,Monitor,5,235.51,0.05,1118.67,790.01,328.66,0.29379531050265045,2024,9,Sep,2024-09
4274,2024-01-16,C1285,Central,Office Supplies,Notebook,6,7.27,0.1,39.26,35.32,3.94,0.10035659704533877,2024,1,Jan,2024-01
4275,2024-12-20,C1095,West,Electronics,Laptop,7,652.55,0.0,4567.85,2877.17,1690.68,0.3701259892509605,2024,12,Dec,2024-12
4276,2024-05-12,C1508,East,Electronics,Smartphone,7,511.19,0.0,3578.33,2380.34,1197.99,0.33479025131835244,2024,5,May,2024-05
4277,2025-10-12,C1208,Central,Office Supplies,Pen Set,6,10.4,0.0,62.4,40.43,21.97,0.3520833333333333,2025,10,Oct,2025-10
4278,2024-05-19,C1226,Central,Office Supplies,Notebook,7,7.65,0.0,53.55,34.31,19.24,0.3592903828197946,2024,5,May,2024-05
4279,2025-12-12,C1192,North,Accessories,USB Hub,3,27.11,0.05,77.26,47.29,29.97,0.38791095003882986,2025,12,Dec,2025-12
4280,2025-10-17,C1373,East,Furniture,Desk,4,253.62,0.1,913.03,627.44,285.59,0.3127936650493412,2025,10,Oct,2025-10
4281,2025-01-28,C1580,South,Electronics,Headphones,1,89.63,0.0,89.63,54.77,34.86,0.3889322771393507,2025,1,Jan,2025-01
4282,2024-07-25,C1130,East,Accessories,Keyboard,6,38.27,0.15,195.18,171.63,23.55,0.12065785428834921,2024,7,Jul,2024-07
4283,2025-04-29,C1003,West,Furniture,Office Chair,2,193.11,0.0,386.22,272.86,113.36,0.2935114701465486,2025,4,Apr,2025-04
4284,2025-10-31,C1450,West,Electronics,Monitor,7,205.59,0.1,1295.22,876.74,418.48,0.3230956903074381,2025,10,Oct,2025-10
4285,2025-03-14,C1540,South,Accessories,Mouse,1,24.97,0.05,23.72,14.68,9.04,0.3811129848229342,2025,3,Mar,2025-03
4286,2024-12-10,C1096,West,Electronics,Laptop,2,659.92,0.05,1253.85,868.71,385.14,0.3071659289388683,2024,12,Dec,2024-12
4287,2024-08-02,C1587,East,Furniture,Office Chair,2,193.17,0.1,347.71,250.54,97.17,0.27945701878001783,2024,8,Aug,2024-08
4288,2024-03-28,C1335,North,Accessories,USB Hub,7,28.38,0.1,178.79,132.47,46.32,0.25907489233178593,2024,3,Mar,2024-03
4289,2025-03-16,C1317,East,Office Supplies,Stapler,3,13.59,0.1,36.69,33.33,3.36,0.09157808667211774,2025,3,Mar,2025-03
4290,2024-10-12,C1413,North,Office Supplies,Stapler,7,15.28,0.05,101.61,79.28,22.33,0.2197618344651117,2024,10,Oct,2024-10
4291,2025-03-14,C1039,Central,Electronics,Monitor,4,223.69,0.1,805.28,565.4,239.88,0.2978839658255514,2025,3,Mar,2025-03
4292,2025-12-09,C1566,West,Electronics,Smartphone,4,480.39,0.15,1633.33,1448.92,184.41,0.11290431204961643,2025,12,Dec,2025-12
4293,2024-05-30,C1437,North,Electronics,Smartphone,6,437.78,0.1,2364.01,1726.78,637.23,0.2695546973151552,2024,5,May,2024-05
4294,2025-09-18,C1190,West,Furniture,Desk,5,274.6,0.2,1098.4,1015.93,82.47,0.07508193736343773,2025,9,Sep,2025-09
4295,2025-02-16,C1598,South,Furniture,Desk,4,273.11,0.05,1037.82,738.01,299.81,0.28888439228382573,2025,2,Feb,2025-02
4296,2024-04-06,C1493,West,Electronics,Smartphone,7,443.88,0.15,2641.09,1991.53,649.56,0.24594390952220482,2024,4,Apr,2024-04
4297,2024-09-17,C1258,East,Furniture,Table Lamp,6,50.59,0.1,273.19,220.23,52.96,0.19385775467623267,2024,9,Sep,2024-09
4298,2024-04-11,C1223,East,Electronics,Smartphone,2,471.47,0.05,895.79,681.89,213.9,0.23878364348787107,2024,4,Apr,2024-04
4299,2024-10-25,C1086,North,Electronics,Monitor,2,233.87,0.1,420.97,383.45,37.52,0.08912749127016177,2024,10,Oct,2024-10
4300,2025-08-09,C1574,South,Accessories,USB Hub,1,28.17,0.05,26.76,22.52,4.24,0.15844544095665172,2025,8,Aug,2025-08
4301,2024-09-11,C1171,South,Accessories,USB Hub,3,29.07,0.1,78.49,67.48,11.01,0.14027264619696778,2024,9,Sep,2024-09
4302,2024-05-24,C1192,North,Furniture,Table Lamp,1,54.1,0.05,51.4,35.34,16.06,0.3124513618677043,2024,5,May,2024-05
4303,2025-05-02,C1029,East,Accessories,Backpack,1,48.65,0.05,46.22,37.04,9.18,0.19861531804413673,2025,5,May,2025-05
4304,2024-07-03,C1124,South,Furniture,Office Chair,6,193.72,0.15,987.97,882.76,105.21,0.10649108778606636,2024,7,Jul,2024-07
4305,2024-06-04,C1117,South,Electronics,Monitor,2,215.2,0.1,387.36,327.53,59.83,0.15445580338703013,2024,6,Jun,2024-06
4306,2024-05-01,C1061,North,Furniture,Desk,7,277.35,0.05,1844.38,1299.15,545.23,0.29561695529120896,2024,5,May,2024-05
4307,2024-02-23,C1090,North,Electronics,Smartphone,5,468.37,0.0,2341.85,1582.85,759.0,0.3241027392873156,2024,2,Feb,2024-02
4308,2024-02-05,C1235,South,Furniture,Office Chair,2,164.81,0.05,313.14,206.84,106.3,0.3394647761384684,2024,2,Feb,2024-02
4309,2024-05-01,C1162,West,Electronics,Laptop,2,657.42,0.0,1314.84,955.49,359.35,0.2733032156003773,2024,5,May,2024-05
4310,2025-09-12,C1139,West,Electronics,Laptop,3,710.97,0.0,2132.91,1581.71,551.2,0.2584262814652283,2025,9,Sep,2025-09
4311,2024-06-14,C1226,North,Accessories,Keyboard,2,31.7,0.0,63.4,44.68,18.72,0.2952681388012618,2024,6,Jun,2024-06
4312,2025-09-03,C1378,West,Furniture,Table Lamp,5,51.14,0.15,217.34,181.77,35.57,0.16366062390724212,2025,9,Sep,2025-09
4313,2024-07-09,C1192,North,Office Supplies,Notebook,4,7.38,0.1,26.57,23.54,3.03,0.11403838916070756,2024,7,Jul,2024-07
4314,2025-08-25,C1425,North,Furniture,Table Lamp,7,50.2,0.15,298.69,235.71,62.98,0.2108540627406341,2025,8,Aug,2025-08
4315,2025-06-11,C1404,East,Accessories,Mouse,5,24.41,0.05,115.95,89.95,26.0,0.22423458387235878,2025,6,Jun,2025-06
4316,2025-09-26,C1358,North,Electronics,Smartphone,3,469.15,0.05,1337.08,935.12,401.96,0.3006252430669818,2025,9,Sep,2025-09
4317,2025-01-19,C1056,North,Accessories,Backpack,4,46.5,0.0,186.0,141.26,44.74,0.24053763440860215,2025,1,Jan,2025-01
4318,2024-03-13,C1323,South,Furniture,Desk,3,251.07,0.0,753.21,589.94,163.27,0.21676557666520627,2024,3,Mar,2024-03
4319,2024-08-28,C1322,Central,Electronics,Headphones,5,82.86,0.1,372.87,331.98,40.89,0.10966288518786708,2024,8,Aug,2024-08
4320,2024-12-23,C1350,West,Accessories,Backpack,1,48.23,0.05,45.82,32.99,12.83,0.280008729812309,2024,12,Dec,2024-12
4321,2025-08-01,C1395,East,Office Supplies,Pen Set,3,9.03,0.05,25.74,18.82,6.92,0.26884226884226886,2025,8,Aug,2025-08
4322,2025-07-09,C1106,South,Office Supplies,Printer Paper,7,12.4,0.1,78.12,60.94,17.18,0.2199180747567844,2025,7,Jul,2025-07
4323,2024-06-13,C1143,West,Office Supplies,Printer Paper,7,11.02,0.1,69.43,47.98,21.45,0.30894426040616446,2024,6,Jun,2024-06
4324,2025-12-07,C1258,West,Office Supplies,Notebook,5,7.36,0.05,34.96,26.57,8.39,0.23998855835240276,2025,12,Dec,2025-12
4325,2025-06-05,C1444,East,Accessories,Keyboard,7,36.51,0.05,242.79,198.81,43.98,0.1811441986902261,2025,6,Jun,2025-06
4326,2024-09-25,C1058,West,Accessories,Backpack,1,46.82,0.05,44.48,37.32,7.16,0.16097122302158276,2024,9,Sep,2024-09
4327,2024-03-26,C1522,North,Office Supplies,Stapler,5,15.64,0.1,70.38,46.13,24.25,0.3445581131003126,2024,3,Mar,2024-03
4328,2024-06-10,C1537,West,Furniture,Desk,5,273.13,0.15,1160.8,994.92,165.88,0.14290144727773949,2024,6,Jun,2024-06
4329,2024-02-05,C1101,West,Office Supplies,Notebook,1,7.89,0.1,7.1,6.46,0.64,0.09014084507042254,2024,2,Feb,2024-02
4330,2025-05-21,C1544,Central,Accessories,USB Hub,1,30.16,0.1,27.14,19.87,7.27,0.26787030213706703,2025,5,May,2025-05
4331,2025-10-11,C1101,East,Furniture,Bookshelf,4,141.6,0.15,481.44,400.08,81.36,0.16899302093718843,2025,10,Oct,2025-10
4332,2025-11-29,C1111,South,Electronics,Monitor,1,206.62,0.05,196.29,156.98,39.31,0.20026491415762393,2025,11,Nov,2025-11
4333,2024-07-21,C1584,East,Electronics,Smartphone,5,482.68,0.15,2051.39,1416.2,635.19,0.3096388302565578,2024,7,Jul,2024-07
4334,2024-06-04,C1143,South,Office Supplies,Notebook,4,8.24,0.05,31.31,23.74,7.57,0.24177579048227404,2024,6,Jun,2024-06
4335,2024-01-07,C1034,South,Office Supplies,Pen Set,4,10.26,0.0,41.04,32.83,8.21,0.2000487329434698,2024,1,Jan,2024-01
4336,2025-02-09,C1084,West,Accessories,Backpack,7,49.07,0.1,309.14,238.8,70.34,0.22753445041081713,2025,2,Feb,2025-02
4337,2025-08-29,C1039,North,Electronics,Monitor,4,220.14,0.05,836.53,712.55,123.98,0.14820747612159757,2025,8,Aug,2025-08
4338,2024-10-05,C1569,South,Furniture,Bookshelf,1,147.71,0.05,140.32,112.23,28.09,0.20018529076396807,2024,10,Oct,2024-10
4339,2025-07-27,C1232,South,Electronics,Headphones,2,91.99,0.05,174.78,113.08,61.7,0.3530152191326239,2025,7,Jul,2025-07
4340,2025-06-12,C1146,West,Electronics,Headphones,6,81.27,0.2,390.1,320.9,69.2,0.17739041271468853,2025,6,Jun,2025-06
4341,2025-12-27,C1031,East,Electronics,Monitor,4,219.81,0.0,879.24,651.22,228.02,0.2593376097538784,2025,12,Dec,2025-12
4342,2025-06-09,C1035,East,Office Supplies,Printer Paper,1,11.43,0.15,9.72,8.35,1.37,0.14094650205761317,2025,6,Jun,2025-06
4343,2024-10-23,C1420,South,Electronics,Headphones,5,84.21,0.05,400.0,289.67,110.33,0.275825,2024,10,Oct,2024-10
4344,2025-10-14,C1536,West,Office Supplies,Printer Paper,4,11.08,0.0,44.32,26.26,18.06,0.40749097472924184,2025,10,Oct,2025-10
4345,2024-02-01,C1308,Central,Electronics,Monitor,1,213.89,0.05,203.2,174.1,29.1,0.14320866141732286,2024,2,Feb,2024-02
4346,2024-10-30,C1050,Central,Electronics,Smartphone,2,455.6,0.05,865.64,561.82,303.82,0.3509773115844924,2024,10,Oct,2024-10
4347,2025-10-30,C1356,West,Accessories,Backpack,2,40.82,0.1,73.48,63.81,9.67,0.13160043549265105,2025,10,Oct,2025-10
4348,2025-04-12,C1171,Central,Furniture,Desk,6,285.74,0.05,1628.72,1119.91,508.81,0.31239869345252713,2025,4,Apr,2025-04
4349,2025-09-08,C1146,North,Furniture,Desk,6,266.12,0.2,1277.38,1054.93,222.45,0.1741455166042994,2025,9,Sep,2025-09
4350,2024-02-07,C1557,East,Electronics,Monitor,1,229.9,0.05,218.4,146.24,72.16,0.3304029304029304,2024,2,Feb,2024-02
4351,2025-03-12,C1057,West,Electronics,Headphones,3,97.87,0.0,293.61,198.86,94.75,0.3227069922686557,2025,3,Mar,2025-03
4352,2025-07-12,C1575,West,Office Supplies,Pen Set,4,10.37,0.05,39.41,29.52,9.89,0.25095153514336466,2025,7,Jul,2025-07
4353,2024-09-24,C1246,North,Electronics,Smartphone,6,474.05,0.05,2702.08,1777.12,924.96,0.34231406916153484,2024,9,Sep,2024-09
4354,2024-06-26,C1425,North,Furniture,Desk,7,250.82,0.05,1667.95,1256.05,411.9,0.24694984861656522,2024,6,Jun,2024-06
4355,2025-11-20,C1326,East,Accessories,Mouse,5,25.52,0.15,108.46,104.45,4.01,0.03697215563341324,2025,11,Nov,2025-11
4356,2024-02-02,C1395,North,Electronics,Smartphone,6,505.16,0.05,2879.41,1801.39,1078.02,0.37438919778704666,2024,2,Feb,2024-02
4357,2024-09-12,C1391,East,Electronics,Smartphone,7,484.1,0.0,3388.7,2044.29,1344.41,0.39673326054239094,2024,9,Sep,2024-09
4358,2024-04-24,C1410,East,Electronics,Smartphone,4,504.62,0.05,1917.56,1481.32,436.24,0.22749744466926722,2024,4,Apr,2024-04
4359,2025-07-27,C1100,North,Office Supplies,Printer Paper,7,11.69,0.1,73.65,66.88,6.77,0.0919212491513917,2025,7,Jul,2025-07
4360,2025-11-20,C1436,East,Office Supplies,Pen Set,2,9.92,0.0,19.84,16.09,3.75,0.18901209677419356,2025,11,Nov,2025-11
4361,2025-02-21,C1215,West,Accessories,Backpack,7,48.28,0.15,287.27,223.52,63.75,0.22191666376579525,2025,2,Feb,2025-02
4362,2025-05-25,C1504,West,Office Supplies,Printer Paper,6,11.24,0.15,57.32,54.81,2.51,0.04378925331472435,2025,5,May,2025-05
4363,2025-02-27,C1380,North,Accessories,Keyboard,3,35.06,0.0,105.18,79.34,25.84,0.24567408252519488,2025,2,Feb,2025-02
4364,2024-02-29,C1225,West,Office Supplies,Printer Paper,1,11.88,0.15,10.1,7.77,2.33,0.2306930693069307,2024,2,Feb,2024-02
4365,2025-05-22,C1171,East,Electronics,Smartphone,4,508.8,0.1,1831.68,1278.69,552.99,0.30190317085953877,2025,5,May,2025-05
4366,2024-02-01,C1443,North,Electronics,Laptop,3,669.9,0.2,1607.76,1543.23,64.53,0.04013658755038065,2024,2,Feb,2024-02
4367,2025-09-01,C1249,North,Electronics,Smartphone,2,464.78,0.1,836.6,730.43,106.17,0.12690652641644753,2025,9,Sep,2025-09
4368,2024-01-05,C1541,West,Office Supplies,Stapler,1,14.1,0.15,11.98,10.67,1.31,0.10934891485809684,2024,1,Jan,2024-01
4369,2024-06-27,C1537,South,Furniture,Table Lamp,6,50.1,0.0,300.6,203.35,97.25,0.323519627411843,2024,6,Jun,2024-06
4370,2024-05-24,C1011,South,Electronics,Laptop,2,599.44,0.0,1198.88,854.11,344.77,0.28757673828906977,2024,5,May,2024-05
4371,2025-02-01,C1421,North,Electronics,Smartphone,2,488.05,0.0,976.1,789.52,186.58,0.19114844790492777,2025,2,Feb,2025-02
4372,2024-12-29,C1018,North,Electronics,Monitor,3,227.4,0.15,579.87,546.22,33.65,0.05803024815907013,2024,12,Dec,2024-12
4373,2024-10-17,C1539,Central,Furniture,Office Chair,2,174.02,0.2,278.43,215.23,63.2,0.22698703444312754,2024,10,Oct,2024-10
4374,2024-10-30,C1526,South,Accessories,Mouse,5,27.11,0.1,122.0,95.3,26.7,0.21885245901639344,2024,10,Oct,2024-10
4375,2024-02-08,C1187,South,Accessories,Backpack,7,46.45,0.1,292.64,203.54,89.1,0.3044696555494806,2024,2,Feb,2024-02
4376,2025-03-05,C1394,South,Electronics,Headphones,4,97.34,0.0,389.36,307.21,82.15,0.21098726114649682,2025,3,Mar,2025-03
4377,2024-08-09,C1011,East,Accessories,Keyboard,4,35.3,0.05,134.14,100.63,33.51,0.24981362755330253,2024,8,Aug,2024-08
4378,2024-03-09,C1343,North,Electronics,Smartphone,2,450.12,0.05,855.23,581.73,273.5,0.3197970136688376,2024,3,Mar,2024-03
4379,2024-10-17,C1182,North,Office Supplies,Pen Set,6,10.31,0.05,58.77,43.95,14.82,0.25216947422154157,2024,10,Oct,2024-10
4380,2025-09-03,C1002,East,Electronics,Laptop,4,590.55,0.05,2244.09,1758.31,485.78,0.21647081890655007,2025,9,Sep,2025-09
4381,2025-12-29,C1450,North,Furniture,Bookshelf,6,130.38,0.15,664.94,638.73,26.21,0.0394170902637832,2025,12,Dec,2025-12
4382,2025-01-29,C1216,North,Office Supplies,Notebook,4,8.18,0.0,32.72,25.34,7.38,0.22555012224938875,2025,1,Jan,2025-01
4383,2024-10-03,C1557,South,Electronics,Laptop,2,626.38,0.15,1064.85,974.36,90.49,0.0849791050382683,2024,10,Oct,2024-10
4384,2025-02-22,C1159,South,Office Supplies,Stapler,4,15.98,0.15,54.33,43.0,11.33,0.20854040125161052,2025,2,Feb,2025-02
4385,2025-06-07,C1288,East,Furniture,Table Lamp,6,58.42,0.2,280.42,225.84,54.58,0.1946366165038157,2025,6,Jun,2025-06
4386,2025-02-02,C1312,North,Furniture,Table Lamp,3,58.96,0.0,176.88,118.6,58.28,0.32948891904115785,2025,2,Feb,2025-02
4387,2024-02-03,C1340,South,Furniture,Table Lamp,6,50.37,0.1,272.0,245.76,26.24,0.09647058823529411,2024,2,Feb,2024-02
4388,2025-11-11,C1067,Central,Accessories,Backpack,6,42.46,0.15,216.55,187.96,28.59,0.13202493650427152,2025,11,Nov,2025-11
4389,2025-08-19,C1006,Central,Furniture,Bookshelf,2,134.97,0.0,269.94,213.96,55.98,0.2073794176483663,2025,8,Aug,2025-08
4390,2025-02-14,C1359,South,Accessories,USB Hub,5,30.48,0.05,144.78,115.76,29.02,0.200442050006907,2025,2,Feb,2025-02
4391,2025-11-23,C1374,Central,Accessories,USB Hub,4,32.16,0.1,115.78,86.18,29.6,0.25565728105026775,2025,11,Nov,2025-11
4392,2025-09-09,C1122,West,Accessories,Keyboard,2,32.08,0.1,57.74,37.22,20.52,0.3553862140630412,2025,9,Sep,2025-09
4393,2024-07-20,C1339,West,Office Supplies,Printer Paper,1,12.32,0.0,12.32,7.4,4.92,0.39935064935064934,2024,7,Jul,2024-07
4394,2024-03-02,C1492,East,Furniture,Office Chair,3,167.76,0.1,452.95,399.78,53.17,0.11738602494756596,2024,3,Mar,2024-03
4395,2025-07-16,C1368,North,Office Supplies,Printer Paper,2,12.68,0.1,22.82,20.42,2.4,0.10517090271691498,2025,7,Jul,2025-07
4396,2024-09-21,C1464,North,Accessories,USB Hub,2,27.72,0.2,44.35,32.39,11.96,0.2696730552423901,2024,9,Sep,2024-09
4397,2025-03-22,C1283,North,Furniture,Bookshelf,2,144.45,0.15,245.56,170.38,75.18,0.30615735461801596,2025,3,Mar,2025-03
4398,2024-03-11,C1378,South,Furniture,Office Chair,2,175.56,0.05,333.56,231.4,102.16,0.30627173522005036,2024,3,Mar,2024-03
4399,2025-10-19,C1427,Central,Electronics,Headphones,4,89.83,0.0,359.32,288.79,70.53,0.19628743181565178,2025,10,Oct,2025-10
4400,2024-08-10,C1451,East,Electronics,Laptop,2,675.96,0.1,1216.73,937.37,279.36,0.22959900717496898,2024,8,Aug,2024-08
4401,2024-03-19,C1241,West,Office Supplies,Notebook,7,8.75,0.05,58.19,47.59,10.6,0.1821618834851349,2024,3,Mar,2024-03
4402,2025-09-05,C1100,West,Office Supplies,Stapler,1,15.65,0.0,15.65,12.75,2.9,0.1853035143769968,2025,9,Sep,2025-09
4403,2025-01-04,C1088,East,Office Supplies,Pen Set,6,10.13,0.1,54.7,46.89,7.81,0.14277879341864716,2025,1,Jan,2025-01
4404,2025-04-09,C1379,West,Electronics,Headphones,6,92.67,0.05,528.22,356.31,171.91,0.3254515164136155,2025,4,Apr,2025-04
4405,2025-02-15,C1298,South,Accessories,Keyboard,6,36.64,0.15,186.86,161.46,25.4,0.13593064326233542,2025,2,Feb,2025-02
4406,2025-05-13,C1504,East,Office Supplies,Printer Paper,3,12.63,0.0,37.89,22.77,15.12,0.3990498812351544,2025,5,May,2025-05
4407,2024-05-31,C1352,East,Electronics,Monitor,7,213.92,0.05,1422.57,1180.09,242.48,0.1704520691424675,2024,5,May,2024-05
4408,2025-11-03,C1354,Central,Electronics,Laptop,7,604.91,0.1,3810.93,2586.07,1224.86,0.32140711060029964,2025,11,Nov,2025-11
4409,2025-12-30,C1277,West,Electronics,Laptop,4,600.21,0.1,2160.76,1924.47,236.29,0.10935504174457134,2025,12,Dec,2025-12
4410,2024-09-21,C1330,Central,Electronics,Monitor,3,213.13,0.15,543.48,418.48,125.0,0.22999926400235518,2024,9,Sep,2024-09
4411,2024-02-03,C1333,East,Office Supplies,Printer Paper,3,12.28,0.05,35.0,23.98,11.02,0.31485714285714284,2024,2,Feb,2024-02
4412,2025-01-11,C1598,East,Electronics,Monitor,5,214.51,0.1,965.3,671.64,293.66,0.3042163058116648,2025,1,Jan,2025-01
4413,2024-07-19,C1379,East,Electronics,Smartphone,5,525.92,0.2,2103.68,2085.9,17.78,0.008451855795558261,2024,7,Jul,2024-07
4414,2025-12-06,C1423,West,Electronics,Headphones,4,87.5,0.0,350.0,240.62,109.38,0.3125142857142857,2025,12,Dec,2025-12
4415,2024-04-02,C1523,West,Furniture,Bookshelf,7,140.92,0.05,937.12,623.88,313.24,0.33425815263786923,2024,4,Apr,2024-04
4416,2025-11-08,C1266,East,Accessories,Backpack,3,48.33,0.1,130.49,118.43,12.06,0.09242087516284772,2025,11,Nov,2025-11
4417,2024-03-24,C1026,North,Accessories,Mouse,6,23.39,0.0,140.34,109.15,31.19,0.22224597406298988,2024,3,Mar,2024-03
4418,2025-05-02,C1232,South,Office Supplies,Printer Paper,5,12.74,0.0,63.7,38.33,25.37,0.39827315541601255,2025,5,May,2025-05
4419,2025-03-23,C1287,West,Office Supplies,Printer Paper,2,12.63,0.1,22.73,18.52,4.21,0.18521777386713595,2025,3,Mar,2025-03
4420,2024-01-31,C1542,North,Office Supplies,Stapler,4,14.02,0.0,56.08,32.69,23.39,0.4170827389443652,2024,1,Jan,2024-01
4421,2024-03-17,C1110,West,Accessories,Keyboard,5,34.51,0.05,163.92,113.48,50.44,0.3077110785749146,2024,3,Mar,2024-03
4422,2025-11-09,C1350,Central,Electronics,Monitor,3,229.83,0.05,655.02,461.27,193.75,0.29579249488565235,2025,11,Nov,2025-11
4423,2024-05-26,C1136,East,Electronics,Smartphone,2,443.89,0.1,799.0,546.75,252.25,0.31570713391739674,2024,5,May,2024-05
4424,2024-02-08,C1501,North,Electronics,Headphones,3,95.51,0.1,257.88,234.25,23.63,0.09163176671319993,2024,2,Feb,2024-02
4425,2024-04-14,C1442,North,Office Supplies,Stapler,4,15.81,0.15,53.75,45.82,7.93,0.14753488372093024,2024,4,Apr,2024-04
4426,2025-07-15,C1279,West,Furniture,Office Chair,5,167.83,0.15,713.28,638.44,74.84,0.10492373261552267,2025,7,Jul,2025-07
4427,2024-06-12,C1444,East,Furniture,Bookshelf,3,147.38,0.15,375.82,340.18,35.64,0.09483263264328669,2024,6,Jun,2024-06
4428,2024-05-21,C1390,North,Electronics,Smartphone,5,490.25,0.05,2328.69,1746.28,582.41,0.25010198867174244,2024,5,May,2024-05
4429,2025-01-13,C1483,North,Accessories,Mouse,4,25.9,0.05,98.42,61.21,37.21,0.3780735622840886,2025,1,Jan,2025-01
4430,2025-12-07,C1119,North,Office Supplies,Printer Paper,5,12.25,0.1,55.12,40.61,14.51,0.26324383164005805,2025,12,Dec,2025-12
4431,2024-12-19,C1009,North,Accessories,USB Hub,4,27.99,0.2,89.57,83.06,6.51,0.0726805850173049,2024,12,Dec,2024-12
4432,2024-12-24,C1065,West,Accessories,Backpack,2,44.68,0.15,75.96,52.68,23.28,0.30647709320695105,2024,12,Dec,2024-12
4433,2025-03-04,C1194,South,Electronics,Monitor,2,204.01,0.05,387.62,267.16,120.46,0.31076827821061864,2025,3,Mar,2025-03
4434,2024-04-26,C1254,North,Furniture,Table Lamp,7,53.87,0.15,320.53,269.81,50.72,0.1582379184475712,2024,4,Apr,2024-04
4435,2025-02-17,C1077,North,Furniture,Bookshelf,3,140.12,0.1,378.32,265.72,112.6,0.2976316345950518,2025,2,Feb,2025-02
4436,2025-05-24,C1029,East,Furniture,Bookshelf,5,153.72,0.15,653.31,575.11,78.2,0.11969815248503775,2025,5,May,2025-05
4437,2024-02-10,C1189,East,Office Supplies,Printer Paper,3,13.15,0.1,35.51,23.72,11.79,0.3320191495353422,2024,2,Feb,2024-02
4438,2025-03-25,C1497,South,Electronics,Headphones,7,90.4,0.0,632.8,369.96,262.84,0.41536030341340074,2025,3,Mar,2025-03
4439,2024-07-31,C1418,East,Furniture,Table Lamp,2,49.64,0.2,79.42,69.2,10.22,0.12868295139763283,2024,7,Jul,2024-07
4440,2024-08-06,C1008,South,Office Supplies,Printer Paper,4,12.42,0.05,47.2,33.77,13.43,0.28453389830508474,2024,8,Aug,2024-08
4441,2025-12-07,C1301,West,Furniture,Bookshelf,1,140.89,0.15,119.76,84.03,35.73,0.2983466933867735,2025,12,Dec,2025-12
4442,2025-03-13,C1093,West,Office Supplies,Pen Set,1,9.38,0.0,9.38,6.86,2.52,0.26865671641791045,2025,3,Mar,2025-03
4443,2025-12-18,C1511,West,Electronics,Laptop,3,643.06,0.05,1832.72,1467.3,365.42,0.19938670391549174,2025,12,Dec,2025-12
4444,2024-04-18,C1510,West,Office Supplies,Notebook,7,8.49,0.1,53.49,43.84,9.65,0.18040755281361,2024,4,Apr,2024-04
4445,2025-10-23,C1425,Central,Electronics,Headphones,6,93.46,0.0,560.76,405.33,155.43,0.27717740209715386,2025,10,Oct,2025-10
4446,2024-01-21,C1476,Central,Furniture,Desk,3,240.13,0.0,720.39,539.29,181.1,0.2513916073238107,2024,1,Jan,2024-01
4447,2024-03-10,C1071,South,Office Supplies,Pen Set,5,9.6,0.1,43.2,36.87,6.33,0.14652777777777776,2024,3,Mar,2024-03
4448,2025-07-01,C1406,South,Accessories,Backpack,2,42.4,0.05,80.56,51.99,28.57,0.35464250248262164,2025,7,Jul,2025-07
4449,2024-09-12,C1296,Central,Furniture,Table Lamp,4,58.67,0.15,199.48,172.05,27.43,0.13750751955083218,2024,9,Sep,2024-09
4450,2024-04-02,C1444,Central,Accessories,USB Hub,1,28.44,0.05,27.02,22.21,4.81,0.1780162842339008,2024,4,Apr,2024-04
4451,2024-07-19,C1278,South,Electronics,Headphones,1,85.48,0.1,76.93,64.69,12.24,0.159105680488756,2024,7,Jul,2024-07
4452,2025-07-21,C1042,South,Accessories,Mouse,6,27.42,0.0,164.52,110.72,53.8,0.3270119134451738,2025,7,Jul,2025-07
4453,2025-01-07,C1588,West,Furniture,Desk,4,258.22,0.0,1032.88,676.12,356.76,0.3454031446053752,2025,1,Jan,2025-01
4454,2025-05-07,C1506,West,Office Supplies,Notebook,3,7.53,0.0,22.59,18.45,4.14,0.1832669322709163,2025,5,May,2025-05
4455,2025-05-08,C1127,South,Office Supplies,Notebook,1,8.28,0.1,7.45,5.78,1.67,0.22416107382550335,2025,5,May,2025-05
4456,2025-10-30,C1253,West,Accessories,Keyboard,6,33.35,0.1,180.09,163.39,16.7,0.0927314120717419,2025,10,Oct,2025-10
4457,2025-06-17,C1246,South,Electronics,Smartphone,5,467.33,0.15,1986.15,1869.49,116.66,0.05873675200765299,2025,6,Jun,2025-06
4458,2024-03-10,C1428,North,Accessories,Backpack,2,42.54,0.0,85.08,67.49,17.59,0.20674659144334745,2024,3,Mar,2024-03
4459,2024-04-24,C1517,South,Office Supplies,Notebook,4,8.78,0.1,31.61,23.55,8.06,0.25498260044289783,2024,4,Apr,2024-04
4460,2024-09-17,C1008,North,Furniture,Table Lamp,7,51.5,0.0,360.5,241.65,118.85,0.32968099861303746,2024,9,Sep,2024-09
4461,2024-02-06,C1016,Central,Electronics,Smartphone,3,482.12,0.05,1374.04,1017.86,356.18,0.2592209833774854,2024,2,Feb,2024-02
4462,2024-10-04,C1243,North,Electronics,Smartphone,5,440.89,0.1,1984.0,1395.32,588.68,0.29671370967741933,2024,10,Oct,2024-10
4463,2025-03-08,C1017,West,Accessories,USB Hub,4,27.01,0.0,108.04,65.49,42.55,0.39383561643835613,2025,3,Mar,2025-03
4464,2025-07-06,C1491,North,Furniture,Desk,2,258.66,0.15,439.72,317.74,121.98,0.2774038024197216,2025,7,Jul,2025-07
4465,2024-05-06,C1028,West,Electronics,Monitor,6,221.47,0.1,1195.94,941.9,254.04,0.21241868321153234,2024,5,May,2024-05
4466,2024-01-29,C1265,West,Electronics,Laptop,3,678.2,0.0,2034.6,1271.15,763.45,0.37523346112257944,2024,1,Jan,2024-01
4467,2024-02-15,C1099,West,Office Supplies,Stapler,5,14.09,0.2,56.36,43.78,12.58,0.22320794889992904,2024,2,Feb,2024-02
4468,2025-12-27,C1228,West,Electronics,Smartphone,4,503.27,0.0,2013.08,1241.82,771.26,0.38312436664216026,2025,12,Dec,2025-12
4469,2024-05-07,C1565,West,Accessories,Backpack,3,43.05,0.05,122.69,75.21,47.48,0.3869916048577716,2024,5,May,2024-05
4470,2025-03-16,C1457,North,Furniture,Office Chair,4,187.34,0.0,749.36,565.79,183.57,0.24496904024767802,2025,3,Mar,2025-03
4471,2025-04-23,C1047,Central,Office Supplies,Notebook,3,7.23,0.0,21.69,16.07,5.62,0.25910557860765326,2025,4,Apr,2025-04
4472,2024-07-03,C1309,North,Office Supplies,Stapler,3,14.61,0.1,39.45,32.91,6.54,0.16577946768060836,2024,7,Jul,2024-07
4473,2025-10-10,C1580,Central,Electronics,Laptop,1,598.98,0.15,509.13,406.86,102.27,0.2008720758941724,2025,10,Oct,2025-10
4474,2024-12-05,C1084,East,Office Supplies,Stapler,3,14.51,0.05,41.35,32.0,9.35,0.2261185006045949,2024,12,Dec,2024-12
4475,2025-09-04,C1194,North,Furniture,Desk,3,262.1,0.05,746.98,634.24,112.74,0.15092773568234757,2025,9,Sep,2025-09
4476,2025-01-20,C1527,East,Furniture,Table Lamp,3,53.14,0.1,143.48,98.75,44.73,0.31175076665737383,2025,1,Jan,2025-01
4477,2024-06-07,C1570,South,Electronics,Laptop,7,696.34,0.05,4630.66,3055.63,1575.03,0.3401307804934934,2024,6,Jun,2024-06
4478,2024-05-26,C1130,West,Accessories,Keyboard,1,35.65,0.05,33.87,27.43,6.44,0.19013876586950107,2024,5,May,2024-05
4479,2025-02-06,C1373,Central,Accessories,Keyboard,1,37.23,0.0,37.23,26.5,10.73,0.28820843405855495,2025,2,Feb,2025-02
4480,2024-10-27,C1093,West,Electronics,Monitor,2,239.63,0.05,455.3,312.09,143.21,0.31453986382604876,2024,10,Oct,2024-10
4481,2025-09-20,C1520,Central,Electronics,Smartphone,1,486.51,0.05,462.18,354.13,108.05,0.23378337444285774,2025,9,Sep,2025-09
4482,2025-05-19,C1442,North,Furniture,Office Chair,4,176.66,0.1,635.98,426.31,209.67,0.3296801786219692,2025,5,May,2025-05
4483,2024-07-06,C1503,North,Electronics,Smartphone,2,510.01,0.05,969.02,810.88,158.14,0.1631958060721141,2024,7,Jul,2024-07
4484,2024-10-04,C1507,West,Office Supplies,Stapler,2,13.69,0.1,24.64,19.73,4.91,0.1992694805194805,2024,10,Oct,2024-10
4485,2024-09-21,C1035,East,Electronics,Headphones,7,83.21,0.0,582.47,364.17,218.3,0.3747832506395179,2024,9,Sep,2024-09
4486,2025-07-24,C1030,North,Furniture,Bookshelf,6,142.54,0.15,726.95,613.51,113.44,0.15604924685329113,2025,7,Jul,2025-07
4487,2024-06-09,C1234,East,Office Supplies,Stapler,2,13.72,0.1,24.7,21.29,3.41,0.13805668016194333,2024,6,Jun,2024-06
4488,2024-09-05,C1361,North,Office Supplies,Pen Set,7,9.61,0.1,60.54,52.94,7.6,0.12553683515031383,2024,9,Sep,2024-09
4489,2025-01-27,C1588,North,Electronics,Headphones,5,98.09,0.05,465.93,395.45,70.48,0.15126735775760308,2025,1,Jan,2025-01
4490,2024-04-08,C1122,Central,Electronics,Smartphone,6,521.58,0.0,3129.48,2135.53,993.95,0.3176086762017971,2024,4,Apr,2024-04
4491,2025-03-17,C1521,Central,Furniture,Bookshelf,3,128.82,0.1,347.81,246.13,101.68,0.2923435208878411,2025,3,Mar,2025-03
4492,2024-03-06,C1190,West,Office Supplies,Stapler,3,14.6,0.0,43.8,25.88,17.92,0.4091324200913243,2024,3,Mar,2024-03
4493,2024-07-13,C1075,West,Office Supplies,Printer Paper,4,12.73,0.0,50.92,36.37,14.55,0.2857423409269442,2024,7,Jul,2024-07
4494,2024-04-09,C1313,West,Furniture,Bookshelf,5,138.71,0.1,624.2,539.9,84.3,0.1350528676706184,2024,4,Apr,2024-04
4495,2024-08-25,C1398,North,Electronics,Smartphone,2,470.84,0.1,847.51,657.39,190.12,0.22432773654588148,2024,8,Aug,2024-08
4496,2025-07-17,C1240,South,Furniture,Bookshelf,4,140.02,0.05,532.08,348.15,183.93,0.34568110058637797,2025,7,Jul,2025-07
4497,2024-08-19,C1218,South,Accessories,Mouse,1,23.37,0.1,21.03,18.26,2.77,0.13171659533999047,2024,8,Aug,2024-08
4498,2025-12-20,C1176,West,Electronics,Laptop,4,629.42,0.05,2391.8,1700.35,691.45,0.28909189731582907,2025,12,Dec,2025-12
4499,2024-02-10,C1144,West,Electronics,Smartphone,1,475.04,0.05,451.29,282.37,168.92,0.3743047707682421,2024,2,Feb,2024-02
4500,2024-08-30,C1086,Central,Office Supplies,Pen Set,4,10.86,0.15,36.92,27.93,8.99,0.24349945828819067,2024,8,Aug,2024-08
4501,2024-11-04,C1219,South,Electronics,Laptop,2,669.21,0.0,1338.42,963.56,374.86,0.2800765081215164,2024,11,Nov,2024-11
4502,2024-04-03,C1107,North,Office Supplies,Stapler,2,14.28,0.15,24.28,21.04,3.24,0.13344316309719934,2024,4,Apr,2024-04
4503,2024-07-11,C1182,South,Office Supplies,Pen Set,7,10.6,0.05,70.49,55.11,15.38,0.21818697687615268,2024,7,Jul,2024-07
4504,2025-08-08,C1121,East,Office Supplies,Printer Paper,3,12.84,0.05,36.59,25.07,11.52,0.31484012025143476,2025,8,Aug,2025-08
4505,2025-12-01,C1295,West,Furniture,Desk,6,262.14,0.1,1415.56,1107.64,307.92,0.21752521970103705,2025,12,Dec,2025-12
4506,2024-09-03,C1458,East,Electronics,Smartphone,3,443.68,0.1,1197.94,796.13,401.81,0.33541746665108435,2024,9,Sep,2024-09
4507,2024-09-01,C1181,East,Electronics,Laptop,2,617.28,0.1,1111.1,833.83,277.27,0.24954549545495455,2024,9,Sep,2024-09
4508,2025-08-26,C1515,West,Accessories,USB Hub,7,27.52,0.15,163.74,130.75,32.99,0.20147795285208256,2025,8,Aug,2025-08
4509,2025-12-20,C1327,East,Office Supplies,Stapler,1,15.16,0.15,12.89,12.08,0.81,0.06283941039565555,2025,12,Dec,2025-12
4510,2025-11-20,C1500,South,Electronics,Smartphone,7,487.01,0.05,3238.62,2519.68,718.94,0.22198961285979835,2025,11,Nov,2025-11
4511,2024-08-20,C1139,South,Furniture,Bookshelf,6,133.89,0.0,803.34,611.03,192.31,0.23938805487091394,2024,8,Aug,2024-08
4512,2025-02-08,C1185,Central,Furniture,Table Lamp,4,53.21,0.0,212.84,126.95,85.89,0.40354256718661907,2025,2,Feb,2025-02
4513,2024-04-24,C1097,West,Furniture,Bookshelf,6,137.55,0.05,784.04,596.65,187.39,0.23900566297637876,2024,4,Apr,2024-04
4514,2025-06-14,C1513,East,Furniture,Table Lamp,6,50.13,0.0,300.78,178.45,122.33,0.40670922268767873,2025,6,Jun,2025-06
4515,2025-10-19,C1202,North,Accessories,Backpack,1,42.46,0.05,40.34,27.21,13.13,0.3254833911750124,2025,10,Oct,2025-10
4516,2025-03-22,C1599,South,Furniture,Desk,5,268.86,0.1,1209.87,789.58,420.29,0.34738442973212,2025,3,Mar,2025-03
4517,2025-03-01,C1365,Central,Furniture,Table Lamp,4,57.91,0.05,220.06,140.98,79.08,0.359356539125693,2025,3,Mar,2025-03
4518,2024-09-20,C1120,South,Electronics,Smartphone,6,506.06,0.05,2884.54,1864.13,1020.41,0.35375137803601264,2024,9,Sep,2024-09
4519,2024-07-25,C1147,East,Electronics,Monitor,2,214.15,0.05,406.88,291.63,115.25,0.28325304758159653,2024,7,Jul,2024-07
4520,2024-05-11,C1149,South,Electronics,Monitor,7,228.73,0.05,1521.05,1062.07,458.98,0.3017520791558463,2024,5,May,2024-05
4521,2024-06-17,C1530,West,Electronics,Headphones,5,97.0,0.15,412.25,340.21,72.04,0.1747483323226198,2024,6,Jun,2024-06
4522,2024-01-24,C1356,North,Accessories,Mouse,4,23.78,0.15,80.85,69.13,11.72,0.14495980210265927,2024,1,Jan,2024-01
4523,2025-06-07,C1053,South,Electronics,Monitor,3,235.49,0.05,671.15,440.58,230.57,0.34354466214706103,2025,6,Jun,2025-06
4524,2024-01-18,C1458,North,Furniture,Table Lamp,1,56.98,0.0,56.98,42.37,14.61,0.2564057564057564,2024,1,Jan,2024-01
4525,2024-12-18,C1120,Central,Electronics,Smartphone,4,480.31,0.15,1633.05,1240.22,392.83,0.24054989130767582,2024,12,Dec,2024-12
4526,2024-09-07,C1344,West,Office Supplies,Pen Set,7,10.23,0.15,60.87,45.56,15.31,0.25151963200262856,2024,9,Sep,2024-09
4527,2024-11-09,C1478,North,Electronics,Smartphone,4,461.37,0.1,1660.93,1180.65,480.28,0.2891633000788714,2024,11,Nov,2024-11
4528,2025-06-19,C1306,North,Accessories,Keyboard,6,34.47,0.15,175.8,149.8,26.0,0.14789533560864618,2025,6,Jun,2025-06
4529,2024-04-19,C1410,Central,Accessories,Mouse,7,22.81,0.1,143.7,116.27,27.43,0.190883785664579,2024,4,Apr,2024-04
4530,2024-05-26,C1584,North,Electronics,Smartphone,4,464.02,0.1,1670.47,1277.99,392.48,0.23495183990134513,2024,5,May,2024-05
4531,2025-10-17,C1411,West,Office Supplies,Pen Set,5,10.29,0.1,46.3,35.89,10.41,0.2248380129589633,2025,10,Oct,2025-10
4532,2024-02-20,C1504,North,Office Supplies,Stapler,2,15.54,0.0,31.08,23.21,7.87,0.25321750321750325,2024,2,Feb,2024-02
4533,2025-09-07,C1105,North,Accessories,Backpack,7,48.5,0.05,322.52,225.55,96.97,0.3006635247426516,2025,9,Sep,2025-09
4534,2024-01-10,C1116,West,Electronics,Laptop,7,608.84,0.15,3622.6,2649.43,973.17,0.26863854690001654,2024,1,Jan,2024-01
4535,2024-06-19,C1023,Central,Electronics,Smartphone,5,509.21,0.05,2418.75,1837.11,581.64,0.24047131782945735,2024,6,Jun,2024-06
4536,2024-06-27,C1029,Central,Electronics,Headphones,4,93.44,0.2,299.01,283.14,15.87,0.05307514798836159,2024,6,Jun,2024-06
4537,2024-09-01,C1368,North,Electronics,Monitor,4,212.72,0.2,680.7,552.93,127.77,0.18770383428823267,2024,9,Sep,2024-09
4538,2025-09-14,C1041,South,Furniture,Bookshelf,2,146.91,0.15,249.75,216.0,33.75,0.13513513513513514,2025,9,Sep,2025-09
4539,2024-06-15,C1556,East,Electronics,Laptop,3,709.71,0.1,1916.22,1531.81,384.41,0.20060848963062697,2024,6,Jun,2024-06
4540,2024-11-12,C1240,West,Electronics,Smartphone,7,446.18,0.05,2967.1,2277.89,689.21,0.2322840483974251,2024,11,Nov,2024-11
4541,2025-10-25,C1306,East,Accessories,Mouse,7,24.37,0.0,170.59,105.09,65.5,0.3839615452253942,2025,10,Oct,2025-10
4542,2025-08-29,C1057,East,Accessories,Backpack,3,45.44,0.15,115.87,100.4,15.47,0.13351169413998445,2025,8,Aug,2025-08
4543,2024-08-27,C1212,South,Electronics,Smartphone,4,454.15,0.15,1544.11,1372.29,171.82,0.11127445583540033,2024,8,Aug,2024-08
4544,2025-02-03,C1037,Central,Office Supplies,Printer Paper,3,13.02,0.0,39.06,26.0,13.06,0.3343573988735279,2025,2,Feb,2025-02
4545,2025-05-08,C1303,Central,Office Supplies,Pen Set,3,10.37,0.05,29.55,21.31,8.24,0.27884940778341794,2025,5,May,2025-05
4546,2024-07-15,C1500,West,Accessories,USB Hub,1,30.28,0.05,28.77,21.75,7.02,0.24400417101147026,2024,7,Jul,2024-07
4547,2025-03-01,C1592,South,Furniture,Desk,3,235.92,0.0,707.76,527.27,180.49,0.2550158245733017,2025,3,Mar,2025-03
4548,2025-07-17,C1389,Central,Office Supplies,Pen Set,7,10.24,0.0,71.68,42.62,29.06,0.4054129464285714,2025,7,Jul,2025-07
4549,2025-08-10,C1374,Central,Accessories,Keyboard,4,38.11,0.1,137.2,96.32,40.88,0.2979591836734694,2025,8,Aug,2025-08
4550,2024-08-21,C1293,South,Accessories,Keyboard,7,36.54,0.0,255.78,159.08,96.7,0.37805926968488546,2024,8,Aug,2024-08
4551,2025-02-03,C1153,South,Accessories,USB Hub,5,30.88,0.1,138.96,91.05,47.91,0.34477547495682204,2025,2,Feb,2025-02
4552,2025-02-25,C1079,South,Furniture,Office Chair,3,197.88,0.15,504.59,478.79,25.8,0.05113062090013675,2025,2,Feb,2025-02
4553,2025-01-10,C1283,East,Electronics,Smartphone,7,478.85,0.05,3184.35,2235.75,948.6,0.2978943897498705,2025,1,Jan,2025-01
4554,2025-09-28,C1274,East,Electronics,Monitor,2,204.61,0.05,388.76,313.83,74.93,0.19274102273896493,2025,9,Sep,2025-09
4555,2025-07-13,C1506,North,Electronics,Smartphone,3,445.6,0.0,1336.8,879.24,457.56,0.34228007181328546,2025,7,Jul,2025-07
4556,2025-09-06,C1388,West,Accessories,USB Hub,5,30.8,0.0,154.0,119.06,34.94,0.22688311688311688,2025,9,Sep,2025-09
4557,2025-11-22,C1340,Central,Furniture,Desk,4,260.97,0.1,939.49,717.26,222.23,0.2365432309018723,2025,11,Nov,2025-11
4558,2025-04-22,C1346,East,Electronics,Smartphone,6,512.84,0.1,2769.34,2063.51,705.83,0.25487300223157866,2025,4,Apr,2025-04
4559,2025-05-14,C1027,East,Furniture,Table Lamp,4,58.5,0.05,222.3,168.37,53.93,0.242600089968511,2025,5,May,2025-05
4560,2024-09-13,C1510,Central,Furniture,Table Lamp,5,57.23,0.05,271.84,171.94,99.9,0.367495585638611,2024,9,Sep,2024-09
4561,2025-12-29,C1230,South,Furniture,Bookshelf,7,127.57,0.15,759.04,671.69,87.35,0.11507957419898819,2025,12,Dec,2025-12
4562,2025-09-12,C1332,East,Furniture,Bookshelf,6,141.04,0.05,803.93,606.32,197.61,0.2458049830209098,2025,9,Sep,2025-09
4563,2024-03-19,C1310,Central,Furniture,Desk,6,249.63,0.05,1422.89,962.37,460.52,0.3236511606659685,2024,3,Mar,2024-03
4564,2025-04-16,C1315,Central,Furniture,Bookshelf,1,144.49,0.0,144.49,87.37,57.12,0.39532147553463903,2025,4,Apr,2025-04
4565,2025-11-04,C1251,North,Office Supplies,Printer Paper,2,12.61,0.0,25.22,19.24,5.98,0.2371134020618557,2025,11,Nov,2025-11
4566,2025-05-24,C1351,East,Furniture,Desk,7,248.79,0.2,1393.22,1311.46,81.76,0.058684199193235816,2025,5,May,2025-05
4567,2024-08-27,C1118,East,Electronics,Laptop,2,653.22,0.05,1241.12,795.31,445.81,0.3591997550599459,2024,8,Aug,2024-08
4568,2025-10-24,C1479,East,Furniture,Bookshelf,2,142.4,0.0,284.8,165.4,119.4,0.41924157303370785,2025,10,Oct,2025-10
4569,2025-11-16,C1287,East,Office Supplies,Pen Set,3,10.72,0.0,32.16,19.83,12.33,0.38339552238805974,2025,11,Nov,2025-11
4570,2024-07-25,C1179,South,Furniture,Bookshelf,2,138.66,0.0,277.32,185.98,91.34,0.3293667964806001,2024,7,Jul,2024-07
4571,2025-03-28,C1542,South,Accessories,USB Hub,2,28.6,0.15,48.62,36.25,12.37,0.2544220485396956,2025,3,Mar,2025-03
4572,2025-05-20,C1030,East,Electronics,Smartphone,7,518.44,0.2,2903.26,2657.95,245.31,0.08449467150720225,2025,5,May,2025-05
4573,2024-04-22,C1049,South,Accessories,Keyboard,3,37.74,0.1,101.9,86.62,15.28,0.14995093228655543,2024,4,Apr,2024-04
4574,2025-11-22,C1480,Central,Office Supplies,Printer Paper,5,11.54,0.1,51.93,43.42,8.51,0.1638744463701136,2025,11,Nov,2025-11
4575,2025-09-18,C1511,East,Office Supplies,Pen Set,6,9.27,0.0,55.62,43.73,11.89,0.21377202445163612,2025,9,Sep,2025-09
4576,2024-11-03,C1045,East,Furniture,Desk,7,268.68,0.05,1786.72,1342.95,443.77,0.24837131727411121,2024,11,Nov,2024-11
4577,2024-09-27,C1547,Central,Accessories,USB Hub,5,27.67,0.15,117.6,88.2,29.4,0.25,2024,9,Sep,2024-09
4578,2024-06-26,C1413,West,Electronics,Headphones,7,89.48,0.05,595.04,487.94,107.1,0.17998789997311104,2024,6,Jun,2024-06
4579,2024-03-29,C1481,South,Furniture,Table Lamp,4,59.11,0.0,236.44,193.11,43.33,0.18326002368465572,2024,3,Mar,2024-03
4580,2024-06-28,C1364,East,Office Supplies,Pen Set,3,9.68,0.05,27.59,19.15,8.44,0.30590793765857194,2024,6,Jun,2024-06
4581,2024-03-09,C1149,Central,Office Supplies,Notebook,1,7.21,0.1,6.49,5.05,1.44,0.22187981510015406,2024,3,Mar,2024-03
4582,2025-04-20,C1399,Central,Office Supplies,Pen Set,4,10.99,0.15,37.37,27.58,9.79,0.261974846133262,2025,4,Apr,2025-04
4583,2024-10-18,C1390,Central,Accessories,USB Hub,6,29.51,0.05,168.21,121.4,46.81,0.27828309850781763,2024,10,Oct,2024-10
4584,2024-06-18,C1185,South,Accessories,Backpack,3,45.25,0.0,135.75,85.1,50.65,0.3731123388581952,2024,6,Jun,2024-06
4585,2025-10-23,C1408,North,Accessories,Mouse,5,22.61,0.05,107.4,69.43,37.97,0.3535381750465549,2025,10,Oct,2025-10
4586,2024-04-28,C1543,Central,Accessories,Keyboard,7,35.16,0.1,221.51,167.71,53.8,0.24287842535325718,2024,4,Apr,2024-04
4587,2024-07-31,C1341,West,Office Supplies,Notebook,2,8.3,0.15,14.11,12.25,1.86,0.13182140326009922,2024,7,Jul,2024-07
4588,2025-11-02,C1246,East,Office Supplies,Printer Paper,3,11.76,0.15,29.99,20.57,9.42,0.31410470156718906,2025,11,Nov,2025-11
4589,2024-02-19,C1563,East,Electronics,Monitor,4,232.37,0.0,929.48,579.25,350.23,0.376802082885054,2024,2,Feb,2024-02
4590,2024-02-11,C1582,Central,Accessories,Mouse,4,25.97,0.1,93.49,69.62,23.87,0.2553214247513103,2024,2,Feb,2024-02
4591,2025-02-04,C1579,East,Furniture,Desk,5,274.32,0.1,1234.44,1082.1,152.34,0.12340818508797512,2025,2,Feb,2025-02
4592,2025-03-31,C1464,South,Accessories,Mouse,2,26.08,0.0,52.16,32.5,19.66,0.37691717791411045,2025,3,Mar,2025-03
4593,2024-07-20,C1162,Central,Electronics,Smartphone,1,478.43,0.1,430.59,335.7,94.89,0.2203720476555424,2024,7,Jul,2024-07
4594,2024-05-26,C1505,West,Electronics,Smartphone,3,495.54,0.05,1412.29,900.24,512.05,0.36256717812913775,2024,5,May,2024-05
4595,2024-11-16,C1066,West,Electronics,Monitor,3,229.26,0.0,687.78,463.3,224.48,0.3263834365640176,2024,11,Nov,2024-11
4596,2024-06-19,C1318,Central,Furniture,Bookshelf,3,127.18,0.05,362.46,312.48,49.98,0.13789107763615296,2024,6,Jun,2024-06
4597,2024-08-03,C1511,East,Office Supplies,Printer Paper,6,11.11,0.0,66.66,47.11,19.55,0.2932793279327933,2024,8,Aug,2024-08
4598,2024-08-23,C1117,West,Furniture,Office Chair,7,168.42,0.0,1178.94,881.84,297.1,0.25200603932346005,2024,8,Aug,2024-08
4599,2025-01-01,C1364,West,Electronics,Laptop,5,650.73,0.1,2928.29,2665.49,262.8,0.08974520966161138,2025,1,Jan,2025-01
4600,2025-03-21,C1365,North,Furniture,Desk,2,276.68,0.1,498.02,414.51,83.51,0.16768402875386532,2025,3,Mar,2025-03
4601,2024-07-04,C1082,North,Electronics,Monitor,3,202.21,0.0,606.63,409.71,196.92,0.3246130260620147,2024,7,Jul,2024-07
4602,2024-06-29,C1233,Central,Office Supplies,Notebook,7,8.26,0.15,49.15,35.98,13.17,0.2679552390640895,2024,6,Jun,2024-06
4603,2024-12-19,C1526,North,Electronics,Laptop,6,700.11,0.1,3780.59,2717.5,1063.09,0.2811968502270809,2024,12,Dec,2024-12
4604,2024-08-30,C1364,West,Furniture,Bookshelf,4,139.59,0.05,530.44,422.46,107.98,0.20356685016212953,2024,8,Aug,2024-08
4605,2024-05-31,C1385,North,Electronics,Laptop,2,620.78,0.05,1179.48,914.22,265.26,0.22489571675653677,2024,5,May,2024-05
4606,2025-01-13,C1359,West,Electronics,Headphones,4,92.83,0.05,352.75,220.39,132.36,0.375223245924876,2025,1,Jan,2025-01
4607,2025-03-23,C1442,East,Furniture,Office Chair,4,175.1,0.05,665.38,447.44,217.94,0.32754215636177825,2025,3,Mar,2025-03
4608,2025-02-12,C1451,West,Electronics,Laptop,6,614.39,0.1,3317.71,2544.5,773.21,0.23305533033327205,2025,2,Feb,2025-02
4609,2024-07-09,C1228,South,Furniture,Desk,5,285.6,0.05,1356.6,952.55,404.05,0.2978401887070618,2024,7,Jul,2024-07
4610,2025-05-31,C1089,West,Office Supplies,Notebook,3,8.18,0.0,24.54,15.59,8.95,0.36471067644661775,2025,5,May,2025-05
4611,2025-06-17,C1072,North,Office Supplies,Printer Paper,5,12.26,0.1,55.17,40.95,14.22,0.25774877650897227,2025,6,Jun,2025-06
4612,2024-06-28,C1240,East,Office Supplies,Notebook,4,8.43,0.15,28.66,24.34,4.32,0.15073272854152128,2024,6,Jun,2024-06
4613,2025-10-05,C1390,West,Electronics,Laptop,7,669.5,0.15,3983.52,3615.4,368.12,0.09241073221673295,2025,10,Oct,2025-10
4614,2024-12-29,C1438,Central,Electronics,Laptop,3,656.75,0.15,1674.71,1419.51,255.2,0.15238459195920487,2024,12,Dec,2024-12
4615,2024-08-18,C1246,South,Furniture,Bookshelf,2,151.35,0.0,302.7,228.51,74.19,0.24509415262636275,2024,8,Aug,2024-08
4616,2024-07-02,C1103,North,Electronics,Laptop,7,667.05,0.0,4669.35,3585.34,1084.01,0.23215436838103803,2024,7,Jul,2024-07
4617,2025-08-12,C1201,East,Office Supplies,Stapler,7,14.83,0.0,103.81,75.67,28.14,0.2710721510451787,2025,8,Aug,2025-08
4618,2024-03-04,C1548,East,Electronics,Laptop,7,711.58,0.15,4233.9,2892.41,1341.49,0.31684498925340704,2024,3,Mar,2024-03
4619,2024-10-04,C1233,Central,Office Supplies,Notebook,3,8.46,0.05,24.11,19.22,4.89,0.20282040647034424,2024,10,Oct,2024-10
4620,2025-06-23,C1330,East,Furniture,Table Lamp,1,49.58,0.05,47.1,32.29,14.81,0.3144373673036093,2025,6,Jun,2025-06
4621,2024-03-23,C1185,North,Accessories,Backpack,2,46.28,0.1,83.3,71.78,11.52,0.1382953181272509,2024,3,Mar,2024-03
4622,2024-02-07,C1593,South,Office Supplies,Printer Paper,5,13.02,0.0,65.1,45.24,19.86,0.30506912442396317,2024,2,Feb,2024-02
4623,2025-06-27,C1114,South,Electronics,Headphones,3,92.84,0.2,222.82,215.2,7.62,0.03419800736020106,2025,6,Jun,2025-06
4624,2024-06-15,C1501,North,Accessories,Mouse,1,24.64,0.1,22.18,19.11,3.07,0.13841298467087465,2024,6,Jun,2024-06
4625,2024-03-17,C1448,Central,Office Supplies,Stapler,5,15.18,0.1,68.31,46.92,21.39,0.31313131313131315,2024,3,Mar,2024-03
4626,2024-12-27,C1276,Central,Office Supplies,Stapler,4,13.69,0.0,54.76,42.75,12.01,0.21932067202337474,2024,12,Dec,2024-12
4627,2024-07-23,C1346,East,Furniture,Bookshelf,6,128.38,0.15,654.74,475.23,179.51,0.2741698995020924,2024,7,Jul,2024-07
4628,2025-12-04,C1233,East,Furniture,Office Chair,2,162.96,0.15,277.03,189.92,87.11,0.3144424791538823,2025,12,Dec,2025-12
4629,2024-09-19,C1461,East,Office Supplies,Stapler,1,14.07,0.1,12.66,9.05,3.61,0.2851500789889415,2024,9,Sep,2024-09
4630,2024-05-17,C1221,North,Accessories,Mouse,6,25.44,0.1,137.38,107.01,30.37,0.22106565730091718,2024,5,May,2024-05
4631,2024-06-20,C1332,East,Accessories,Backpack,1,46.33,0.05,44.01,30.18,13.83,0.31424676209952285,2024,6,Jun,2024-06
4632,2024-07-06,C1056,Central,Office Supplies,Notebook,4,8.64,0.1,31.1,21.18,9.92,0.3189710610932476,2024,7,Jul,2024-07
4633,2024-05-28,C1023,South,Electronics,Monitor,1,207.26,0.05,196.9,140.29,56.61,0.2875063484002031,2024,5,May,2024-05
4634,2025-11-11,C1407,Central,Furniture,Bookshelf,7,131.52,0.15,782.54,618.06,164.48,0.21018733866639405,2025,11,Nov,2025-11
4635,2024-12-23,C1162,West,Office Supplies,Notebook,4,8.09,0.0,32.36,22.48,9.88,0.30531520395550066,2024,12,Dec,2024-12
4636,2025-09-03,C1338,South,Electronics,Monitor,5,217.32,0.1,977.94,878.38,99.56,0.10180583675890136,2025,9,Sep,2025-09
4637,2024-02-19,C1561,North,Electronics,Monitor,2,214.46,0.0,428.92,311.35,117.57,0.2741070595915322,2024,2,Feb,2024-02
4638,2024-04-07,C1194,South,Electronics,Laptop,6,675.92,0.15,3447.19,3121.32,325.87,0.09453206814825989,2024,4,Apr,2024-04
4639,2025-05-30,C1073,North,Electronics,Monitor,7,199.06,0.05,1323.75,1122.25,201.5,0.152219074598678,2025,5,May,2025-05
4640,2024-11-15,C1139,West,Furniture,Bookshelf,6,143.73,0.1,776.14,694.57,81.57,0.10509701857912232,2024,11,Nov,2024-11
4641,2025-07-16,C1344,West,Office Supplies,Stapler,3,15.43,0.1,41.66,35.03,6.63,0.15914546327412388,2025,7,Jul,2025-07
4642,2025-12-20,C1398,North,Electronics,Headphones,3,90.64,0.0,271.92,186.24,85.68,0.3150926743159753,2025,12,Dec,2025-12
4643,2024-04-14,C1538,East,Accessories,USB Hub,7,29.98,0.15,178.38,127.1,51.28,0.2874761744590201,2024,4,Apr,2024-04
4644,2024-08-01,C1291,North,Electronics,Smartphone,4,502.93,0.1,1810.55,1466.94,343.61,0.18978211040843943,2024,8,Aug,2024-08
4645,2025-06-26,C1459,East,Furniture,Desk,2,266.37,0.2,426.19,405.21,20.98,0.049226870644548205,2025,6,Jun,2025-06
4646,2024-05-24,C1258,East,Electronics,Laptop,1,645.66,0.05,613.38,463.68,149.7,0.24405751736280934,2024,5,May,2024-05
4647,2024-02-21,C1383,South,Office Supplies,Stapler,6,14.73,0.1,79.54,53.21,26.33,0.33102841337691724,2024,2,Feb,2024-02
4648,2024-04-23,C1205,East,Accessories,Backpack,3,41.73,0.15,106.41,77.92,28.49,0.26773799454938446,2024,4,Apr,2024-04
4649,2024-04-28,C1394,South,Furniture,Table Lamp,3,56.63,0.05,161.4,119.69,41.71,0.2584262701363073,2024,4,Apr,2024-04
4650,2025-07-11,C1422,East,Furniture,Table Lamp,4,50.74,0.05,192.81,158.37,34.44,0.17862144079663916,2025,7,Jul,2025-07
4651,2024-06-06,C1270,West,Furniture,Office Chair,3,175.75,0.1,474.52,336.0,138.52,0.29191604147348904,2024,6,Jun,2024-06
4652,2025-08-23,C1465,North,Accessories,USB Hub,4,28.02,0.15,95.27,76.45,18.82,0.19754382281935554,2025,8,Aug,2025-08
4653,2025-01-08,C1515,West,Electronics,Smartphone,4,475.1,0.1,1710.36,1480.04,230.32,0.13466170864613297,2025,1,Jan,2025-01
4654,2025-10-18,C1206,Central,Furniture,Desk,3,269.91,0.1,728.76,510.12,218.64,0.3000164663263626,2025,10,Oct,2025-10
4655,2025-08-05,C1437,West,Electronics,Monitor,5,223.79,0.1,1007.06,739.76,267.3,0.26542609179194887,2025,8,Aug,2025-08
4656,2025-03-05,C1067,East,Accessories,Backpack,4,45.05,0.15,153.17,127.27,25.9,0.169093164457792,2025,3,Mar,2025-03
4657,2025-03-14,C1524,Central,Furniture,Bookshelf,6,134.87,0.15,687.84,624.07,63.77,0.09271051407304025,2025,3,Mar,2025-03
4658,2024-06-24,C1503,West,Accessories,Keyboard,3,32.73,0.0,98.19,74.19,24.0,0.2444240757714635,2024,6,Jun,2024-06
4659,2024-06-08,C1310,West,Electronics,Laptop,3,611.99,0.0,1835.97,1492.48,343.49,0.18708911365654124,2024,6,Jun,2024-06
4660,2025-05-01,C1036,South,Office Supplies,Notebook,7,8.37,0.05,55.66,39.9,15.76,0.28314768235716853,2025,5,May,2025-05
4661,2024-01-17,C1485,Central,Office Supplies,Stapler,6,14.55,0.0,87.3,68.16,19.14,0.21924398625429556,2024,1,Jan,2024-01
4662,2024-12-12,C1210,North,Electronics,Smartphone,6,488.48,0.1,2637.79,2166.14,471.65,0.17880498447564058,2024,12,Dec,2024-12
4663,2024-02-11,C1075,East,Electronics,Monitor,1,217.15,0.05,206.29,170.19,36.1,0.17499636434146107,2024,2,Feb,2024-02
4664,2024-05-28,C1092,West,Office Supplies,Notebook,1,7.62,0.05,7.24,6.08,1.16,0.1602209944751381,2024,5,May,2024-05
4665,2025-12-07,C1401,West,Office Supplies,Pen Set,2,10.92,0.1,19.66,14.86,4.8,0.24415055951169887,2025,12,Dec,2025-12
4666,2024-07-19,C1308,Central,Office Supplies,Pen Set,4,10.01,0.1,36.04,28.51,7.53,0.20893451720310768,2024,7,Jul,2024-07
4667,2024-02-15,C1213,Central,Electronics,Laptop,3,655.99,0.05,1869.57,1417.37,452.2,0.24187379985772128,2024,2,Feb,2024-02
4668,2025-01-25,C1093,South,Electronics,Headphones,3,85.53,0.15,218.1,192.98,25.12,0.1151765245300321,2025,1,Jan,2025-01
4669,2025-06-29,C1197,North,Electronics,Laptop,4,687.16,0.15,2336.34,1612.68,723.66,0.3097408767559516,2025,6,Jun,2025-06
4670,2025-12-24,C1310,East,Furniture,Office Chair,7,178.09,0.1,1121.97,914.13,207.84,0.18524559480200006,2025,12,Dec,2025-12
4671,2025-08-13,C1494,North,Accessories,Backpack,5,47.44,0.1,213.48,163.73,49.75,0.2330429080007495,2025,8,Aug,2025-08
4672,2025-12-27,C1442,Central,Electronics,Laptop,7,657.73,0.05,4373.9,3395.16,978.74,0.22376826173437894,2025,12,Dec,2025-12
4673,2024-09-15,C1565,West,Furniture,Desk,7,269.76,0.0,1888.32,1399.95,488.37,0.25862671581087954,2024,9,Sep,2024-09
4674,2025-04-29,C1022,East,Electronics,Monitor,5,207.83,0.1,935.24,720.03,215.21,0.230112056798255,2025,4,Apr,2025-04
4675,2025-01-30,C1150,East,Electronics,Laptop,1,595.71,0.05,565.92,397.06,168.86,0.29838139666383945,2025,1,Jan,2025-01
4676,2025-08-28,C1413,East,Electronics,Monitor,7,229.61,0.1,1446.54,1154.61,291.93,0.20181260110332241,2025,8,Aug,2025-08
4677,2025-04-05,C1238,Central,Electronics,Laptop,1,588.86,0.15,500.53,425.23,75.3,0.15044053303498292,2025,4,Apr,2025-04
4678,2024-09-17,C1014,South,Electronics,Smartphone,6,432.53,0.0,2595.18,1714.96,880.22,0.33917493198930326,2024,9,Sep,2024-09
4679,2025-05-25,C1074,West,Office Supplies,Printer Paper,7,12.4,0.1,78.12,56.0,22.12,0.2831541218637993,2025,5,May,2025-05
4680,2025-03-09,C1394,North,Electronics,Monitor,3,219.41,0.1,592.41,495.22,97.19,0.16405867557941292,2025,3,Mar,2025-03
4681,2025-03-13,C1449,Central,Furniture,Table Lamp,5,52.92,0.0,264.6,208.5,56.1,0.21201814058956914,2025,3,Mar,2025-03
4682,2024-10-11,C1322,East,Electronics,Laptop,1,634.8,0.05,603.06,488.75,114.31,0.1895499618611747,2024,10,Oct,2024-10
4683,2025-04-10,C1568,East,Furniture,Office Chair,7,168.67,0.1,1062.62,770.07,292.55,0.2753100826259623,2025,4,Apr,2025-04
4684,2025-08-13,C1554,North,Electronics,Laptop,2,655.97,0.15,1115.15,868.5,246.65,0.22118100703941174,2025,8,Aug,2025-08
4685,2024-03-14,C1473,West,Furniture,Table Lamp,2,56.07,0.0,112.14,74.63,37.51,0.3344925985375423,2024,3,Mar,2024-03
4686,2025-07-16,C1374,East,Furniture,Office Chair,4,193.66,0.1,697.18,592.36,104.82,0.15034854700364325,2025,7,Jul,2025-07
4687,2025-07-28,C1139,North,Electronics,Laptop,7,604.05,0.0,4228.35,2886.54,1341.81,0.31733654971797504,2025,7,Jul,2025-07
4688,2024-07-09,C1030,East,Accessories,Mouse,7,22.86,0.1,144.02,99.55,44.47,0.3087765588112762,2024,7,Jul,2024-07
4689,2025-04-06,C1079,Central,Electronics,Laptop,6,619.32,0.2,2972.74,2303.87,668.87,0.2250011773649899,2025,4,Apr,2025-04
4690,2025-06-30,C1343,Central,Electronics,Headphones,3,91.28,0.05,260.15,159.44,100.71,0.3871228137612916,2025,6,Jun,2025-06
4691,2025-03-12,C1226,South,Electronics,Monitor,4,233.77,0.1,841.57,620.4,221.17,0.26280642133155885,2025,3,Mar,2025-03
4692,2024-11-28,C1030,North,Accessories,USB Hub,3,32.62,0.1,88.07,69.89,18.18,0.2064267060292949,2024,11,Nov,2024-11
4693,2025-02-22,C1520,Central,Electronics,Smartphone,1,509.89,0.05,484.4,335.06,149.34,0.308298926507019,2025,2,Feb,2025-02
4694,2025-10-01,C1219,South,Furniture,Desk,6,262.07,0.1,1415.18,1056.69,358.49,0.2533175991746633,2025,10,Oct,2025-10
4695,2025-08-10,C1495,East,Furniture,Bookshelf,3,153.09,0.0,459.27,352.24,107.03,0.2330437433318092,2025,8,Aug,2025-08
4696,2025-09-10,C1363,North,Office Supplies,Notebook,3,7.61,0.2,18.26,13.69,4.57,0.2502738225629792,2025,9,Sep,2025-09
4697,2025-01-10,C1588,South,Office Supplies,Stapler,6,13.88,0.1,74.95,62.21,12.74,0.16997998665777184,2025,1,Jan,2025-01
4698,2025-05-31,C1190,Central,Electronics,Monitor,3,236.68,0.0,710.04,513.03,197.01,0.2774632415075207,2025,5,May,2025-05
4699,2025-09-05,C1572,North,Furniture,Desk,3,274.15,0.05,781.33,489.12,292.21,0.3739905033724546,2025,9,Sep,2025-09
4700,2025-07-13,C1187,Central,Office Supplies,Stapler,5,14.66,0.2,58.64,59.35,-0.71,-0.012107776261937243,2025,7,Jul,2025-07
4701,2024-09-05,C1335,West,Office Supplies,Printer Paper,6,12.27,0.0,73.62,46.49,27.13,0.3685139907633795,2024,9,Sep,2024-09
4702,2025-12-27,C1593,Central,Office Supplies,Notebook,7,8.21,0.2,45.98,38.55,7.43,0.16159199652022618,2025,12,Dec,2025-12
4703,2025-01-21,C1319,Central,Accessories,Backpack,6,43.65,0.2,209.52,191.35,18.17,0.08672203130966018,2025,1,Jan,2025-01
4704,2024-10-12,C1599,West,Office Supplies,Notebook,7,8.69,0.0,60.83,40.11,20.72,0.34062140391254314,2024,10,Oct,2024-10
4705,2025-01-21,C1329,North,Office Supplies,Notebook,4,7.33,0.05,27.85,21.26,6.59,0.23662477558348294,2025,1,Jan,2025-01
4706,2025-06-19,C1418,East,Electronics,Monitor,7,210.94,0.05,1402.75,982.25,420.5,0.2997683122438068,2025,6,Jun,2025-06
4707,2024-11-13,C1365,East,Electronics,Smartphone,1,464.39,0.1,417.95,337.74,80.21,0.19191290824261276,2024,11,Nov,2024-11
4708,2024-03-13,C1355,South,Office Supplies,Pen Set,3,10.16,0.05,28.96,19.02,9.94,0.343232044198895,2024,3,Mar,2024-03
4709,2024-04-15,C1450,Central,Accessories,Backpack,5,41.36,0.15,175.78,156.14,19.64,0.11173057230629196,2024,4,Apr,2024-04
4710,2024-09-14,C1168,East,Office Supplies,Pen Set,1,9.87,0.1,8.88,6.77,2.11,0.23761261261261257,2024,9,Sep,2024-09
4711,2025-10-31,C1225,North,Office Supplies,Printer Paper,1,12.84,0.0,12.84,7.67,5.17,0.40264797507788164,2025,10,Oct,2025-10
4712,2024-08-21,C1524,North,Furniture,Office Chair,2,163.47,0.2,261.55,229.81,31.74,0.12135346969986617,2024,8,Aug,2024-08
4713,2024-04-27,C1254,South,Furniture,Office Chair,3,169.86,0.05,484.1,355.95,128.15,0.2647180334641603,2024,4,Apr,2024-04
4714,2024-01-05,C1563,East,Accessories,Mouse,4,26.6,0.15,90.44,76.76,13.68,0.15126050420168066,2024,1,Jan,2024-01
4715,2025-01-24,C1272,East,Furniture,Table Lamp,4,58.4,0.1,210.24,142.98,67.26,0.3199200913242009,2025,1,Jan,2025-01
4716,2024-12-22,C1056,West,Office Supplies,Pen Set,1,9.09,0.05,8.64,6.36,2.28,0.26388888888888884,2024,12,Dec,2024-12
4717,2025-12-08,C1170,West,Accessories,Backpack,5,40.89,0.0,204.45,150.18,54.27,0.265443873807777,2025,12,Dec,2025-12
4718,2024-12-04,C1062,West,Office Supplies,Pen Set,7,9.49,0.1,59.79,49.3,10.49,0.1754473992306406,2024,12,Dec,2024-12
4719,2025-06-12,C1572,North,Electronics,Laptop,1,605.36,0.05,575.09,426.0,149.09,0.25924637882766177,2025,6,Jun,2025-06
4720,2024-01-19,C1006,East,Office Supplies,Notebook,3,8.38,0.1,22.63,19.69,2.94,0.12991604065399912,2024,1,Jan,2024-01
4721,2025-07-23,C1593,North,Electronics,Laptop,1,589.14,0.1,530.23,462.19,68.04,0.1283216717273636,2025,7,Jul,2025-07
4722,2025-03-06,C1057,Central,Furniture,Office Chair,4,183.5,0.0,734.0,549.08,184.92,0.25193460490463215,2025,3,Mar,2025-03
4723,2025-02-12,C1356,North,Accessories,Mouse,6,25.13,0.1,135.7,114.55,21.15,0.15585851142225499,2025,2,Feb,2025-02
4724,2025-10-09,C1599,East,Office Supplies,Stapler,1,15.95,0.05,15.15,10.26,4.89,0.3227722772277227,2025,10,Oct,2025-10
4725,2025-07-21,C1452,Central,Electronics,Monitor,7,223.56,0.15,1330.18,1030.43,299.75,0.22534544197025966,2025,7,Jul,2025-07
4726,2025-04-13,C1600,South,Accessories,Mouse,4,26.77,0.15,91.02,73.48,17.54,0.19270490002197319,2025,4,Apr,2025-04
4727,2025-01-12,C1058,West,Furniture,Bookshelf,5,133.9,0.15,569.07,543.36,25.71,0.04517897622436607,2025,1,Jan,2025-01
4728,2024-04-21,C1502,West,Office Supplies,Pen Set,2,10.94,0.0,21.88,15.97,5.91,0.270109689213894,2024,4,Apr,2024-04
4729,2024-02-26,C1566,North,Furniture,Desk,7,234.1,0.1,1474.83,1317.42,157.41,0.10673094526148777,2024,2,Feb,2024-02
4730,2024-06-14,C1439,North,Electronics,Smartphone,4,489.92,0.1,1763.71,1538.61,225.1,0.12762869179173447,2024,6,Jun,2024-06
4731,2025-03-10,C1244,West,Electronics,Smartphone,6,520.25,0.0,3121.5,2166.55,954.95,0.3059266378343745,2025,3,Mar,2025-03
4732,2024-05-25,C1210,Central,Office Supplies,Pen Set,7,9.99,0.05,66.43,52.8,13.63,0.20517838326057503,2024,5,May,2024-05
4733,2024-04-19,C1362,South,Office Supplies,Stapler,4,16.46,0.05,62.55,43.83,18.72,0.2992805755395683,2024,4,Apr,2024-04
4734,2025-10-20,C1274,North,Electronics,Laptop,7,689.16,0.1,4341.71,3094.32,1247.39,0.28730385032625394,2025,10,Oct,2025-10
4735,2025-03-19,C1354,East,Office Supplies,Stapler,4,14.41,0.05,54.76,39.99,14.77,0.2697224251278305,2025,3,Mar,2025-03
4736,2025-11-26,C1336,West,Electronics,Laptop,1,586.64,0.0,586.64,390.81,195.83,0.3338163098322651,2025,11,Nov,2025-11
4737,2024-01-02,C1172,Central,Electronics,Smartphone,3,502.12,0.05,1431.04,985.75,445.29,0.3111653063506261,2024,1,Jan,2024-01
4738,2025-08-25,C1434,Central,Furniture,Office Chair,3,190.91,0.05,544.09,368.86,175.23,0.3220606884890367,2025,8,Aug,2025-08
4739,2024-07-06,C1227,East,Accessories,Keyboard,5,31.99,0.1,143.95,120.81,23.14,0.16075026050712055,2024,7,Jul,2024-07
4740,2025-01-16,C1285,South,Accessories,Mouse,6,27.44,0.0,164.64,124.98,39.66,0.24088921282798834,2025,1,Jan,2025-01
4741,2024-01-22,C1589,Central,Electronics,Smartphone,2,449.09,0.1,808.36,718.65,89.71,0.11097778217625809,2024,1,Jan,2024-01
4742,2024-10-04,C1208,West,Electronics,Monitor,5,237.1,0.0,1185.5,688.34,497.16,0.41936735554618304,2024,10,Oct,2024-10
4743,2024-08-13,C1485,East,Furniture,Desk,3,269.95,0.0,809.85,474.03,335.82,0.4146693832191146,2024,8,Aug,2024-08
4744,2024-01-02,C1039,West,Electronics,Smartphone,1,499.74,0.1,449.77,321.95,127.82,0.28418969695622204,2024,1,Jan,2024-01
4745,2025-03-11,C1218,North,Accessories,Mouse,6,25.97,0.05,148.03,125.73,22.3,0.15064513949875025,2025,3,Mar,2025-03
4746,2024-02-14,C1337,South,Office Supplies,Pen Set,7,9.09,0.0,63.63,44.58,19.05,0.29938708156529936,2024,2,Feb,2024-02
4747,2024-05-27,C1262,North,Furniture,Table Lamp,3,52.79,0.1,142.53,114.86,27.67,0.1941345681610889,2024,5,May,2024-05
4748,2025-02-25,C1189,West,Accessories,USB Hub,6,29.72,0.1,160.49,125.86,34.63,0.21577668390553928,2025,2,Feb,2025-02
4749,2025-07-01,C1105,Central,Accessories,Backpack,1,49.09,0.0,49.09,38.6,10.49,0.21368914239152575,2025,7,Jul,2025-07
4750,2025-01-01,C1544,East,Furniture,Bookshelf,3,133.12,0.15,339.46,298.34,41.12,0.12113356507394096,2025,1,Jan,2025-01
4751,2025-11-08,C1454,South,Furniture,Bookshelf,6,148.15,0.05,844.46,579.57,264.89,0.313679748004642,2025,11,Nov,2025-11
4752,2024-11-18,C1414,East,Office Supplies,Notebook,1,7.75,0.0,7.75,4.6,3.15,0.4064516129032258,2024,11,Nov,2024-11
4753,2025-05-08,C1429,South,Furniture,Table Lamp,2,53.17,0.05,101.02,65.57,35.45,0.3509206097802416,2025,5,May,2025-05
4754,2024-10-19,C1221,North,Accessories,Backpack,3,48.33,0.1,130.49,107.55,22.94,0.1757989117940072,2024,10,Oct,2024-10
4755,2024-08-01,C1167,North,Office Supplies,Notebook,4,8.08,0.05,30.7,26.46,4.24,0.13811074918566776,2024,8,Aug,2024-08
4756,2024-10-13,C1045,North,Office Supplies,Pen Set,5,9.7,0.1,43.65,39.5,4.15,0.09507445589919818,2024,10,Oct,2024-10
4757,2025-09-14,C1023,West,Furniture,Office Chair,6,173.37,0.05,988.21,832.38,155.83,0.15768915513908988,2025,9,Sep,2025-09
4758,2024-07-15,C1115,Central,Accessories,Backpack,1,46.96,0.0,46.96,34.1,12.86,0.2738500851788756,2024,7,Jul,2024-07
4759,2025-09-27,C1003,West,Furniture,Table Lamp,5,51.82,0.1,233.19,161.71,71.48,0.3065311548522664,2025,9,Sep,2025-09
4760,2025-05-14,C1061,East,Furniture,Bookshelf,3,132.69,0.15,338.36,283.96,54.4,0.16077550537888638,2025,5,May,2025-05
4761,2024-03-08,C1253,Central,Electronics,Smartphone,3,522.77,0.0,1568.31,1083.69,484.62,0.30900778545058055,2024,3,Mar,2024-03
4762,2024-04-04,C1043,West,Furniture,Table Lamp,5,57.93,0.1,260.68,188.58,72.1,0.2765843179377014,2024,4,Apr,2024-04
4763,2025-10-29,C1384,Central,Electronics,Smartphone,3,522.75,0.05,1489.84,1033.62,456.22,0.30622080223379694,2025,10,Oct,2025-10
4764,2024-03-12,C1101,East,Electronics,Laptop,4,609.03,0.15,2070.7,1819.3,251.4,0.12140821944270055,2024,3,Mar,2024-03
4765,2025-04-14,C1410,West,Office Supplies,Stapler,1,15.44,0.05,14.67,9.46,5.21,0.3551465576005453,2025,4,Apr,2025-04
4766,2024-06-03,C1327,Central,Electronics,Laptop,1,615.17,0.05,584.41,377.79,206.62,0.3535531561746035,2024,6,Jun,2024-06
4767,2025-04-26,C1575,North,Electronics,Laptop,4,698.89,0.15,2376.23,2102.14,274.09,0.1153465784036057,2025,4,Apr,2025-04
4768,2025-04-29,C1233,North,Office Supplies,Notebook,4,8.77,0.1,31.57,23.73,7.84,0.2483370288248337,2025,4,Apr,2025-04
4769,2025-04-08,C1287,East,Furniture,Bookshelf,6,136.2,0.1,735.48,552.87,182.61,0.24828683308859523,2025,4,Apr,2025-04
4770,2024-11-02,C1397,East,Electronics,Laptop,3,587.72,0.1,1586.84,1397.81,189.03,0.11912354112575937,2024,11,Nov,2024-11
4771,2024-10-31,C1373,South,Office Supplies,Printer Paper,3,11.96,0.1,32.29,24.72,7.57,0.23443790647259216,2024,10,Oct,2024-10
4772,2024-03-18,C1446,North,Electronics,Smartphone,1,500.16,0.05,475.15,320.89,154.26,0.3246553719877933,2024,3,Mar,2024-03
4773,2025-05-23,C1220,Central,Furniture,Bookshelf,2,131.01,0.0,262.02,154.23,107.79,0.41138081062514315,2025,5,May,2025-05
4774,2025-10-01,C1367,Central,Accessories,USB Hub,3,30.57,0.15,77.95,61.31,16.64,0.21347017318794098,2025,10,Oct,2025-10
4775,2024-07-14,C1234,West,Electronics,Headphones,2,83.33,0.15,141.66,101.82,39.84,0.2812367640830157,2024,7,Jul,2024-07
4776,2024-04-19,C1258,Central,Accessories,Mouse,5,24.83,0.05,117.94,79.04,38.9,0.32982872647108696,2024,4,Apr,2024-04
4777,2024-09-01,C1442,East,Office Supplies,Pen Set,3,9.34,0.15,23.82,20.01,3.81,0.15994962216624686,2024,9,Sep,2024-09
4778,2024-05-27,C1196,North,Electronics,Smartphone,1,478.75,0.15,406.94,285.06,121.88,0.2995036123261414,2024,5,May,2024-05
4779,2024-11-20,C1078,East,Electronics,Headphones,5,83.63,0.05,397.24,284.71,112.53,0.28327962944315777,2024,11,Nov,2024-11
4780,2024-10-10,C1039,North,Accessories,Mouse,4,26.47,0.0,105.88,83.05,22.83,0.21562145825462786,2024,10,Oct,2024-10
4781,2024-11-04,C1577,West,Accessories,Keyboard,7,38.49,0.1,242.49,197.63,44.86,0.18499731947709183,2024,11,Nov,2024-11
4782,2024-01-01,C1380,Central,Furniture,Desk,2,235.99,0.1,424.78,297.89,126.89,0.2987193370686002,2024,1,Jan,2024-01
4783,2025-01-25,C1186,North,Furniture,Desk,7,273.0,0.15,1624.35,1371.26,253.09,0.155810016314218,2025,1,Jan,2025-01
4784,2025-04-22,C1419,South,Furniture,Office Chair,6,174.66,0.05,995.56,832.08,163.48,0.16420908835228415,2025,4,Apr,2025-04
4785,2024-11-22,C1558,West,Furniture,Bookshelf,2,135.06,0.0,270.12,213.73,56.39,0.20875907004294386,2024,11,Nov,2024-11
4786,2024-12-24,C1187,West,Electronics,Smartphone,3,460.9,0.05,1313.56,823.89,489.67,0.37278083985505045,2024,12,Dec,2024-12
4787,2025-05-02,C1545,Central,Office Supplies,Notebook,7,7.62,0.1,48.01,38.41,9.6,0.19995834201208082,2025,5,May,2025-05
4788,2025-02-22,C1292,Central,Electronics,Monitor,4,221.77,0.05,842.73,612.44,230.29,0.2732666453075125,2025,2,Feb,2025-02
4789,2024-12-19,C1354,South,Accessories,Keyboard,7,34.47,0.0,241.29,181.23,60.06,0.24891209747606616,2024,12,Dec,2024-12
4790,2025-04-14,C1369,North,Office Supplies,Stapler,5,15.58,0.15,66.22,46.26,19.96,0.3014195107218363,2025,4,Apr,2025-04
4791,2025-11-29,C1406,Central,Electronics,Smartphone,4,451.42,0.1,1625.11,1351.74,273.37,0.16821630535779117,2025,11,Nov,2025-11
4792,2024-06-23,C1593,Central,Electronics,Laptop,4,615.68,0.05,2339.58,2015.39,324.19,0.13856760615153146,2024,6,Jun,2024-06
4793,2025-08-13,C1252,South,Electronics,Headphones,2,98.36,0.0,196.72,133.84,62.88,0.3196421309475397,2025,8,Aug,2025-08
4794,2024-07-08,C1527,West,Electronics,Monitor,7,216.69,0.15,1289.31,1068.43,220.88,0.1713164405767426,2024,7,Jul,2024-07
4795,2025-04-19,C1296,South,Furniture,Table Lamp,7,58.11,0.05,386.43,247.2,139.23,0.3602981135005046,2025,4,Apr,2025-04
4796,2025-08-03,C1059,North,Office Supplies,Pen Set,6,9.06,0.0,54.36,40.47,13.89,0.2555187637969095,2025,8,Aug,2025-08
4797,2025-08-28,C1577,East,Accessories,USB Hub,7,32.87,0.05,218.59,186.87,31.72,0.14511185324122786,2025,8,Aug,2025-08
4798,2025-02-17,C1048,East,Electronics,Monitor,7,217.64,0.1,1371.13,1151.57,219.56,0.16013069512008343,2025,2,Feb,2025-02
4799,2025-11-24,C1066,Central,Furniture,Desk,3,285.43,0.1,770.66,699.34,71.32,0.09254405314924868,2025,11,Nov,2025-11
4800,2025-11-16,C1052,West,Office Supplies,Pen Set,1,9.81,0.0,9.81,7.3,2.51,0.25586136595310904,2025,11,Nov,2025-11
4801,2024-05-30,C1339,East,Furniture,Bookshelf,1,127.33,0.15,108.23,97.19,11.04,0.10200498937448026,2024,5,May,2024-05
4802,2025-02-15,C1310,Central,Electronics,Monitor,3,241.12,0.0,723.36,450.03,273.33,0.3778616456536164,2025,2,Feb,2025-02
4803,2025-12-01,C1588,Central,Office Supplies,Stapler,2,14.12,0.1,25.42,20.44,4.98,0.1959087332808812,2025,12,Dec,2025-12
4804,2025-03-17,C1471,South,Office Supplies,Pen Set,1,9.15,0.1,8.24,6.58,1.66,0.20145631067961164,2025,3,Mar,2025-03
4805,2024-06-04,C1388,North,Office Supplies,Stapler,4,14.18,0.05,53.88,40.23,13.65,0.25334075723830735,2024,6,Jun,2024-06
4806,2024-03-10,C1168,South,Electronics,Headphones,6,95.21,0.1,514.13,393.01,121.12,0.2355824402388501,2024,3,Mar,2024-03
4807,2024-05-11,C1069,South,Electronics,Headphones,3,91.24,0.1,246.35,187.28,59.07,0.23978079967525878,2024,5,May,2024-05
4808,2024-09-18,C1028,East,Electronics,Headphones,7,96.4,0.05,641.06,518.19,122.87,0.19166692665273144,2024,9,Sep,2024-09
4809,2025-12-31,C1363,South,Accessories,USB Hub,7,27.68,0.0,193.76,153.02,40.74,0.21026011560693644,2025,12,Dec,2025-12
4810,2025-04-09,C1353,North,Furniture,Office Chair,4,195.98,0.1,705.53,497.32,208.21,0.29511147647867564,2025,4,Apr,2025-04
4811,2025-08-27,C1112,South,Furniture,Table Lamp,6,52.07,0.0,312.42,234.05,78.37,0.25084821714358874,2025,8,Aug,2025-08
4812,2025-02-25,C1175,East,Electronics,Laptop,6,708.91,0.0,4253.46,3353.78,899.68,0.21151721186986594,2025,2,Feb,2025-02
4813,2024-10-06,C1387,North,Office Supplies,Notebook,1,7.3,0.1,6.57,5.89,0.68,0.10350076103500762,2024,10,Oct,2024-10
4814,2024-01-09,C1213,East,Office Supplies,Notebook,6,8.28,0.0,49.68,34.18,15.5,0.31199677938808373,2024,1,Jan,2024-01
4815,2025-10-25,C1359,North,Office Supplies,Notebook,1,8.56,0.0,8.56,5.91,2.65,0.30957943925233644,2025,10,Oct,2025-10
4816,2025-09-15,C1541,South,Furniture,Table Lamp,7,57.26,0.1,360.74,304.48,56.26,0.15595719909075786,2025,9,Sep,2025-09
4817,2025-10-31,C1478,West,Electronics,Headphones,1,85.39,0.0,85.39,61.48,23.91,0.2800093687785455,2025,10,Oct,2025-10
4818,2025-04-12,C1194,North,Furniture,Table Lamp,2,54.06,0.1,97.31,65.79,31.52,0.3239132668790463,2025,4,Apr,2025-04
4819,2024-09-28,C1100,Central,Accessories,Backpack,3,46.74,0.05,133.21,92.64,40.57,0.30455671496133924,2024,9,Sep,2024-09
4820,2024-03-21,C1535,South,Electronics,Laptop,4,687.54,0.1,2475.14,2129.95,345.19,0.13946281826482543,2024,3,Mar,2024-03
4821,2024-08-01,C1143,North,Office Supplies,Printer Paper,4,12.71,0.1,45.76,31.54,14.22,0.3107517482517483,2024,8,Aug,2024-08
4822,2025-02-26,C1055,West,Electronics,Monitor,5,217.36,0.1,978.12,736.13,241.99,0.24740318161370795,2025,2,Feb,2025-02
4823,2024-08-17,C1500,North,Accessories,Keyboard,2,32.44,0.2,51.9,43.18,8.72,0.16801541425818883,2024,8,Aug,2024-08
4824,2025-11-02,C1338,Central,Electronics,Laptop,6,608.42,0.0,3650.52,2740.31,910.21,0.24933708074466104,2025,11,Nov,2025-11
4825,2024-10-19,C1226,East,Electronics,Monitor,5,200.99,0.15,854.21,606.82,247.39,0.2896126245302677,2024,10,Oct,2024-10
4826,2025-09-05,C1104,North,Accessories,Mouse,2,23.97,0.05,45.54,35.6,9.94,0.21826965305226173,2025,9,Sep,2025-09
4827,2024-07-04,C1062,West,Accessories,Mouse,7,23.17,0.1,145.97,113.95,32.02,0.21936014249503324,2024,7,Jul,2024-07
4828,2025-08-18,C1137,North,Electronics,Laptop,4,700.42,0.05,2661.6,1982.64,678.96,0.2550946798917944,2025,8,Aug,2025-08
4829,2024-04-04,C1324,Central,Accessories,USB Hub,5,31.07,0.15,132.05,100.34,31.71,0.24013631200302915,2024,4,Apr,2024-04
4830,2024-02-16,C1212,North,Electronics,Headphones,3,89.75,0.1,242.32,168.63,73.69,0.30410201386596236,2024,2,Feb,2024-02
4831,2025-01-03,C1374,East,Electronics,Monitor,1,210.61,0.1,189.55,156.9,32.65,0.17225006594566075,2025,1,Jan,2025-01
4832,2025-12-26,C1586,North,Furniture,Desk,7,236.05,0.1,1487.12,1039.2,447.92,0.30119963419226425,2025,12,Dec,2025-12
4833,2025-08-26,C1181,West,Office Supplies,Notebook,4,8.69,0.1,31.28,20.78,10.5,0.3356777493606138,2025,8,Aug,2025-08
4834,2025-05-22,C1447,East,Furniture,Office Chair,1,164.63,0.05,156.4,97.0,59.4,0.3797953964194373,2025,5,May,2025-05
4835,2025-03-07,C1100,West,Accessories,Keyboard,3,32.63,0.15,83.21,75.94,7.27,0.08736930657372913,2025,3,Mar,2025-03
4836,2025-08-19,C1253,Central,Accessories,Keyboard,6,32.38,0.05,184.57,157.99,26.58,0.14401040255729533,2025,8,Aug,2025-08
4837,2025-10-11,C1139,West,Electronics,Smartphone,6,522.32,0.0,3133.92,2032.66,1101.26,0.3514001633736662,2025,10,Oct,2025-10
4838,2024-10-24,C1284,North,Accessories,Mouse,1,24.51,0.15,20.83,17.61,3.22,0.1545847335573692,2024,10,Oct,2024-10
4839,2024-12-10,C1070,South,Office Supplies,Stapler,7,15.1,0.0,105.7,77.56,28.14,0.2662251655629139,2024,12,Dec,2024-12
4840,2025-06-05,C1363,East,Office Supplies,Pen Set,1,10.07,0.05,9.57,8.0,1.57,0.16405433646812959,2025,6,Jun,2025-06
4841,2024-02-07,C1149,East,Accessories,Mouse,3,23.79,0.1,64.23,54.81,9.42,0.1466604390471742,2024,2,Feb,2024-02
4842,2025-07-25,C1151,Central,Electronics,Monitor,1,215.93,0.0,215.93,158.14,57.79,0.2676330292224332,2025,7,Jul,2025-07
4843,2024-06-15,C1027,East,Electronics,Laptop,5,603.03,0.15,2562.88,2069.9,492.98,0.19235391434636034,2024,6,Jun,2024-06
4844,2024-10-31,C1220,West,Electronics,Smartphone,6,496.89,0.05,2832.27,2118.99,713.28,0.2518403965723607,2024,10,Oct,2024-10
4845,2024-10-26,C1563,West,Electronics,Laptop,2,620.41,0.05,1178.78,836.35,342.43,0.2904952578089211,2024,10,Oct,2024-10
4846,2024-12-21,C1258,East,Office Supplies,Stapler,1,15.2,0.1,13.68,10.36,3.32,0.24269005847953215,2024,12,Dec,2024-12
4847,2025-11-24,C1295,South,Electronics,Headphones,5,97.25,0.15,413.31,378.65,34.66,0.0838595727178147,2025,11,Nov,2025-11
4848,2025-04-02,C1134,West,Office Supplies,Notebook,4,8.8,0.15,29.92,26.4,3.52,0.11764705882352941,2025,4,Apr,2025-04
4849,2024-04-11,C1445,East,Electronics,Laptop,6,624.14,0.1,3370.36,2304.31,1066.05,0.31630152268600387,2024,4,Apr,2024-04
4850,2024-11-30,C1321,East,Accessories,USB Hub,5,29.78,0.0,148.9,107.88,41.02,0.2754869039623909,2024,11,Nov,2024-11
4851,2025-12-15,C1221,West,Electronics,Laptop,1,658.6,0.1,592.74,474.46,118.28,0.19954786246921077,2025,12,Dec,2025-12
4852,2024-11-29,C1011,West,Office Supplies,Notebook,1,8.12,0.1,7.31,6.02,1.29,0.17647058823529413,2024,11,Nov,2024-11
4853,2024-08-03,C1293,West,Furniture,Desk,7,279.58,0.05,1859.21,1314.58,544.63,0.2929362471157104,2024,8,Aug,2024-08
4854,2024-03-24,C1325,East,Furniture,Bookshelf,2,128.36,0.2,205.38,183.9,21.48,0.10458661992404324,2024,3,Mar,2024-03
4855,2024-07-28,C1525,South,Accessories,Keyboard,6,34.19,0.0,205.14,154.49,50.65,0.24690455298820319,2024,7,Jul,2024-07
4856,2025-05-19,C1186,Central,Electronics,Monitor,2,199.94,0.1,359.89,310.69,49.2,0.13670843868959962,2025,5,May,2025-05
4857,2024-09-05,C1342,East,Electronics,Smartphone,5,522.86,0.1,2352.87,1795.88,556.99,0.23672791101930835,2024,9,Sep,2024-09
4858,2024-07-19,C1383,Central,Electronics,Headphones,7,82.19,0.05,546.56,412.99,133.57,0.24438305035128807,2024,7,Jul,2024-07
4859,2024-01-28,C1106,East,Electronics,Smartphone,3,526.04,0.0,1578.12,1066.51,511.61,0.3241895419866677,2024,1,Jan,2024-01
4860,2025-02-19,C1360,East,Electronics,Laptop,2,688.85,0.05,1308.82,1088.85,219.97,0.1680674195076481,2025,2,Feb,2025-02
4861,2024-11-16,C1061,Central,Electronics,Monitor,2,224.43,0.0,448.86,320.25,128.61,0.28652586552599923,2024,11,Nov,2024-11
4862,2025-03-19,C1526,South,Furniture,Office Chair,5,190.8,0.0,954.0,764.62,189.38,0.19851153039832284,2025,3,Mar,2025-03
4863,2025-08-13,C1100,Central,Electronics,Monitor,3,202.8,0.05,577.98,459.4,118.58,0.20516280840167478,2025,8,Aug,2025-08
4864,2024-05-28,C1021,North,Office Supplies,Stapler,6,15.98,0.1,86.29,69.32,16.97,0.19666241742959784,2024,5,May,2024-05
4865,2025-09-23,C1024,East,Accessories,Backpack,5,46.27,0.15,196.65,166.42,30.23,0.15372489193999492,2025,9,Sep,2025-09
4866,2024-01-12,C1415,West,Accessories,Keyboard,4,31.61,0.0,126.44,77.34,49.1,0.3883264789623537,2024,1,Jan,2024-01
4867,2025-03-03,C1472,Central,Electronics,Laptop,1,690.58,0.0,690.58,551.24,139.34,0.20177242318051491,2025,3,Mar,2025-03
4868,2024-05-17,C1527,West,Electronics,Laptop,3,620.6,0.0,1861.8,1419.37,442.43,0.23763562144161565,2024,5,May,2024-05
4869,2024-04-14,C1538,Central,Accessories,Mouse,3,22.89,0.05,65.24,46.14,19.1,0.2927651747394237,2024,4,Apr,2024-04
4870,2024-07-12,C1496,East,Office Supplies,Printer Paper,4,12.74,0.0,50.96,40.78,10.18,0.19976452119309263,2024,7,Jul,2024-07
4871,2024-03-19,C1329,North,Accessories,USB Hub,5,27.03,0.0,135.15,104.87,30.28,0.22404735479097299,2024,3,Mar,2024-03
4872,2025-10-24,C1179,East,Accessories,USB Hub,1,29.88,0.15,25.4,18.84,6.56,0.25826771653543307,2025,10,Oct,2025-10
4873,2025-05-07,C1408,North,Electronics,Headphones,3,93.79,0.1,253.23,222.7,30.53,0.12056233463649647,2025,5,May,2025-05
4874,2025-08-14,C1441,South,Furniture,Office Chair,2,194.6,0.1,350.28,315.78,34.5,0.09849263446385749,2025,8,Aug,2025-08
4875,2024-07-07,C1581,East,Office Supplies,Pen Set,4,10.74,0.0,42.96,30.44,12.52,0.2914338919925512,2024,7,Jul,2024-07
4876,2025-04-20,C1599,West,Furniture,Office Chair,5,175.91,0.1,791.6,569.28,222.32,0.28084891359272357,2025,4,Apr,2025-04
4877,2025-04-08,C1398,South,Office Supplies,Pen Set,3,10.24,0.05,29.18,24.74,4.44,0.15215901302261825,2025,4,Apr,2025-04
4878,2024-03-08,C1078,East,Office Supplies,Stapler,4,16.49,0.1,59.36,40.48,18.88,0.31805929919137466,2024,3,Mar,2024-03
4879,2025-05-02,C1581,North,Furniture,Desk,6,283.99,0.05,1618.74,1029.73,589.01,0.3638694293092158,2025,5,May,2025-05
4880,2025-02-25,C1315,West,Furniture,Bookshelf,3,133.03,0.15,339.23,296.87,42.36,0.12487103145358605,2025,2,Feb,2025-02
4881,2025-08-31,C1415,Central,Furniture,Desk,1,255.87,0.05,243.08,189.62,53.46,0.21992759585321703,2025,8,Aug,2025-08
4882,2025-02-06,C1357,West,Electronics,Laptop,2,591.03,0.1,1063.85,733.99,329.86,0.3100625088123326,2025,2,Feb,2025-02
4883,2025-06-01,C1149,South,Office Supplies,Printer Paper,6,11.19,0.1,60.43,40.06,20.37,0.33708422968724144,2025,6,Jun,2025-06
4884,2024-07-03,C1470,South,Furniture,Bookshelf,3,147.18,0.1,397.39,328.36,69.03,0.17370844762072524,2024,7,Jul,2024-07
4885,2025-12-29,C1251,East,Accessories,Keyboard,1,36.29,0.05,34.48,22.49,11.99,0.3477378190255221,2025,12,Dec,2025-12
4886,2025-12-06,C1341,North,Furniture,Table Lamp,6,56.85,0.05,324.04,269.64,54.4,0.16788050857918774,2025,12,Dec,2025-12
4887,2025-02-24,C1325,Central,Furniture,Desk,2,263.34,0.0,526.68,356.83,169.85,0.3224918356497304,2025,2,Feb,2025-02
4888,2024-02-09,C1316,South,Furniture,Desk,3,278.95,0.15,711.32,641.85,69.47,0.09766349884721362,2024,2,Feb,2024-02
4889,2024-05-11,C1375,West,Electronics,Headphones,6,86.48,0.05,492.94,381.08,111.86,0.22692416927009373,2024,5,May,2024-05
4890,2024-10-26,C1140,Central,Office Supplies,Pen Set,2,10.19,0.15,17.32,15.98,1.34,0.07736720554272518,2024,10,Oct,2024-10
4891,2025-11-20,C1227,East,Electronics,Headphones,5,84.53,0.05,401.52,275.67,125.85,0.31343395098625226,2025,11,Nov,2025-11
4892,2025-01-25,C1127,North,Accessories,Backpack,3,41.51,0.05,118.3,100.73,17.57,0.1485207100591716,2025,1,Jan,2025-01
4893,2025-03-31,C1385,Central,Furniture,Office Chair,6,178.54,0.15,910.55,794.11,116.44,0.12787875459886883,2025,3,Mar,2025-03
4894,2025-05-24,C1359,West,Accessories,Keyboard,5,32.04,0.0,160.2,125.85,34.35,0.21441947565543074,2025,5,May,2025-05
4895,2025-12-27,C1466,North,Accessories,Backpack,6,45.49,0.15,232.0,178.86,53.14,0.22905172413793104,2025,12,Dec,2025-12
4896,2024-02-24,C1373,East,Electronics,Headphones,4,83.55,0.05,317.49,236.37,81.12,0.2555041103656808,2024,2,Feb,2024-02
4897,2024-01-23,C1398,East,Electronics,Laptop,4,709.02,0.1,2552.47,2009.22,543.25,0.21283305974213215,2024,1,Jan,2024-01
4898,2024-05-31,C1296,Central,Furniture,Bookshelf,4,151.45,0.1,545.22,443.26,101.96,0.18700707971094235,2024,5,May,2024-05
4899,2024-08-21,C1014,West,Furniture,Table Lamp,4,50.96,0.1,183.46,126.94,56.52,0.30807805516188813,2024,8,Aug,2024-08
4900,2025-07-09,C1318,West,Office Supplies,Pen Set,1,10.45,0.15,8.88,8.15,0.73,0.0822072072072072,2025,7,Jul,2025-07
4901,2025-10-01,C1285,North,Furniture,Table Lamp,7,55.32,0.1,348.52,258.64,89.88,0.25789050843567085,2025,10,Oct,2025-10
4902,2025-09-21,C1527,West,Electronics,Headphones,7,84.79,0.2,474.82,437.6,37.22,0.07838759951139379,2025,9,Sep,2025-09
4903,2025-06-11,C1547,West,Accessories,Mouse,2,24.32,0.1,43.78,33.84,9.94,0.22704431247144813,2025,6,Jun,2025-06
4904,2025-10-07,C1216,Central,Accessories,Keyboard,6,35.2,0.1,190.08,140.07,50.01,0.26309974747474746,2025,10,Oct,2025-10
4905,2025-10-12,C1383,South,Accessories,Mouse,5,22.51,0.15,95.67,90.65,5.02,0.052472039301766485,2025,10,Oct,2025-10
4906,2025-03-03,C1438,North,Office Supplies,Stapler,5,15.57,0.05,73.96,63.45,10.51,0.14210383991346676,2025,3,Mar,2025-03
4907,2025-10-11,C1572,West,Electronics,Laptop,1,654.7,0.1,589.23,437.9,151.33,0.25682670604008623,2025,10,Oct,2025-10
4908,2025-07-08,C1318,West,Office Supplies,Printer Paper,4,11.74,0.15,39.92,29.68,10.24,0.2565130260521042,2025,7,Jul,2025-07
4909,2025-06-18,C1196,East,Furniture,Table Lamp,6,51.73,0.0,310.38,191.59,118.79,0.38272440234551197,2025,6,Jun,2025-06
4910,2025-03-06,C1593,South,Office Supplies,Printer Paper,4,11.56,0.1,41.62,28.89,12.73,0.3058625660740029,2025,3,Mar,2025-03
4911,2024-12-06,C1468,Central,Office Supplies,Notebook,2,7.94,0.0,15.88,10.71,5.17,0.3255667506297229,2024,12,Dec,2024-12
4912,2024-06-18,C1471,Central,Furniture,Office Chair,7,190.57,0.15,1133.89,937.4,196.49,0.17328841422007424,2024,6,Jun,2024-06
4913,2024-12-14,C1330,Central,Electronics,Laptop,6,704.67,0.0,4228.02,2959.92,1268.1,0.29992762569713477,2024,12,Dec,2024-12
4914,2025-10-13,C1074,North,Furniture,Bookshelf,4,133.87,0.1,481.93,321.89,160.04,0.3320814226132426,2025,10,Oct,2025-10
4915,2025-03-30,C1097,East,Furniture,Bookshelf,2,140.74,0.1,253.33,172.21,81.12,0.3202147396676272,2025,3,Mar,2025-03
4916,2024-06-13,C1037,North,Office Supplies,Pen Set,7,10.6,0.05,70.49,48.84,21.65,0.30713576393814723,2024,6,Jun,2024-06
4917,2025-06-16,C1325,North,Office Supplies,Stapler,2,16.15,0.15,27.46,24.61,2.85,0.10378732702112163,2025,6,Jun,2025-06
4918,2025-04-04,C1596,Central,Office Supplies,Pen Set,2,10.87,0.05,20.65,14.37,6.28,0.3041162227602906,2025,4,Apr,2025-04
4919,2024-09-11,C1494,West,Accessories,Mouse,5,24.15,0.1,108.68,71.62,37.06,0.34100110415899887,2024,9,Sep,2024-09
4920,2024-08-21,C1260,North,Furniture,Office Chair,5,186.0,0.0,930.0,578.37,351.63,0.37809677419354837,2024,8,Aug,2024-08
4921,2025-01-03,C1395,South,Electronics,Laptop,1,641.45,0.0,641.45,384.41,257.04,0.40071712526307585,2025,1,Jan,2025-01
4922,2025-11-05,C1269,South,Office Supplies,Printer Paper,3,11.43,0.05,32.58,23.96,8.62,0.2645794966236955,2025,11,Nov,2025-11
4923,2025-07-04,C1003,West,Electronics,Monitor,5,218.22,0.05,1036.54,835.68,200.86,0.1937793042236672,2025,7,Jul,2025-07
4924,2025-04-08,C1071,North,Electronics,Smartphone,4,520.91,0.0,2083.64,1362.51,721.13,0.3460914553377743,2025,4,Apr,2025-04
4925,2024-01-13,C1359,East,Accessories,Mouse,7,25.29,0.15,150.48,130.93,19.55,0.12991759702286018,2024,1,Jan,2024-01
4926,2025-08-15,C1309,West,Electronics,Laptop,2,649.07,0.1,1168.33,1040.85,127.48,0.10911300745508547,2025,8,Aug,2025-08
4927,2024-05-27,C1510,North,Office Supplies,Pen Set,3,9.13,0.1,24.65,17.04,7.61,0.30872210953346857,2024,5,May,2024-05
4928,2025-08-08,C1225,South,Furniture,Desk,6,238.49,0.0,1430.94,1037.21,393.73,0.27515479335262133,2025,8,Aug,2025-08
4929,2024-08-03,C1101,South,Office Supplies,Notebook,3,8.04,0.05,22.91,14.84,8.07,0.3522479266695766,2024,8,Aug,2024-08
4930,2025-10-01,C1038,Central,Office Supplies,Notebook,1,7.22,0.1,6.5,5.44,1.06,0.1630769230769231,2025,10,Oct,2025-10
4931,2024-03-03,C1370,Central,Electronics,Monitor,7,239.0,0.1,1505.7,1077.14,428.56,0.28462509131965197,2024,3,Mar,2024-03
4932,2025-08-23,C1592,East,Accessories,Keyboard,4,33.32,0.1,119.95,77.36,42.59,0.35506461025427266,2025,8,Aug,2025-08
4933,2025-11-16,C1403,East,Accessories,Backpack,6,44.63,0.15,227.61,212.89,14.72,0.06467202671235886,2025,11,Nov,2025-11
4934,2024-07-21,C1272,East,Electronics,Smartphone,5,487.03,0.2,1948.12,1898.11,50.01,0.025670903229780506,2024,7,Jul,2024-07
4935,2025-02-23,C1273,Central,Electronics,Headphones,4,82.21,0.15,279.51,238.46,41.05,0.14686415512861795,2025,2,Feb,2025-02
4936,2025-12-02,C1338,East,Electronics,Smartphone,1,457.27,0.05,434.41,272.99,161.42,0.3715844478718261,2025,12,Dec,2025-12
4937,2025-08-30,C1537,West,Office Supplies,Stapler,2,15.51,0.05,29.47,25.13,4.34,0.14726840855106887,2025,8,Aug,2025-08
4938,2025-05-29,C1304,South,Accessories,Mouse,4,26.74,0.1,96.26,87.62,8.64,0.08975690837315603,2025,5,May,2025-05
4939,2024-02-12,C1083,West,Electronics,Headphones,6,91.53,0.1,494.26,408.74,85.52,0.17302634241087686,2024,2,Feb,2024-02
4940,2025-11-17,C1586,Central,Accessories,Backpack,6,40.97,0.15,208.95,170.96,37.99,0.18181383106006224,2025,11,Nov,2025-11
4941,2024-04-24,C1502,North,Furniture,Table Lamp,4,59.06,0.15,200.8,174.27,26.53,0.1321215139442231,2024,4,Apr,2024-04
4942,2025-03-23,C1126,South,Furniture,Desk,3,259.94,0.1,701.84,599.79,102.05,0.14540351077168584,2025,3,Mar,2025-03
4943,2024-08-01,C1469,South,Office Supplies,Stapler,3,14.32,0.0,42.96,25.77,17.19,0.4001396648044693,2024,8,Aug,2024-08
4944,2024-01-26,C1579,West,Office Supplies,Stapler,6,14.94,0.1,80.68,53.8,26.88,0.3331680713931581,2024,1,Jan,2024-01
4945,2024-06-15,C1284,West,Office Supplies,Pen Set,7,10.19,0.2,57.06,43.12,13.94,0.244304241149667,2024,6,Jun,2024-06
4946,2025-08-25,C1328,West,Office Supplies,Printer Paper,5,13.07,0.0,65.35,46.55,18.8,0.28768171384850805,2025,8,Aug,2025-08
4947,2024-10-20,C1273,North,Accessories,Mouse,3,27.22,0.1,73.49,65.58,7.91,0.10763369165872909,2024,10,Oct,2024-10
4948,2025-06-19,C1302,East,Accessories,Keyboard,7,37.34,0.05,248.31,202.12,46.19,0.1860174781523096,2025,6,Jun,2025-06
4949,2024-05-15,C1578,West,Accessories,Backpack,1,47.82,0.15,40.65,30.28,10.37,0.25510455104551044,2024,5,May,2024-05
4950,2024-10-24,C1104,South,Office Supplies,Printer Paper,7,12.66,0.1,79.76,68.21,11.55,0.14480942828485457,2024,10,Oct,2024-10
4951,2024-05-09,C1185,East,Office Supplies,Stapler,2,15.29,0.05,29.05,23.95,5.1,0.17555938037865748,2024,5,May,2024-05
4952,2025-01-28,C1145,East,Accessories,Mouse,5,24.69,0.0,123.45,87.69,35.76,0.28967193195625757,2025,1,Jan,2025-01
4953,2024-11-12,C1425,East,Office Supplies,Printer Paper,6,13.07,0.2,62.74,58.8,3.94,0.06279885240675805,2024,11,Nov,2024-11
4954,2025-10-18,C1292,East,Accessories,USB Hub,5,29.75,0.0,148.75,102.99,45.76,0.30763025210084033,2025,10,Oct,2025-10
4955,2025-02-24,C1556,Central,Electronics,Laptop,7,714.49,0.05,4751.36,3572.09,1179.27,0.2481963058997845,2025,2,Feb,2025-02
4956,2024-10-17,C1127,North,Electronics,Headphones,7,87.71,0.05,583.27,383.43,199.84,0.34262005589178257,2024,10,Oct,2024-10
4957,2025-03-31,C1033,Central,Furniture,Bookshelf,2,130.25,0.1,234.45,162.59,71.86,0.3065045851994029,2025,3,Mar,2025-03
4958,2025-05-15,C1305,East,Electronics,Headphones,7,95.08,0.0,665.56,516.85,148.71,0.22343590359997598,2025,5,May,2025-05
4959,2024-01-29,C1320,North,Electronics,Smartphone,4,437.45,0.0,1749.8,1245.88,503.92,0.2879871985369757,2024,1,Jan,2024-01
4960,2024-02-15,C1592,South,Accessories,Backpack,5,47.35,0.05,224.91,182.42,42.49,0.18892001244942422,2024,2,Feb,2024-02
4961,2024-03-16,C1267,West,Furniture,Bookshelf,5,127.26,0.0,636.3,424.07,212.23,0.33353763947823356,2024,3,Mar,2024-03
4962,2024-02-02,C1383,South,Office Supplies,Stapler,7,15.54,0.1,97.9,85.69,12.21,0.12471910112359551,2024,2,Feb,2024-02
4963,2025-05-12,C1082,Central,Electronics,Monitor,1,213.78,0.05,203.09,130.75,72.34,0.35619676005711753,2025,5,May,2025-05
4964,2025-09-09,C1396,South,Furniture,Desk,6,255.5,0.1,1379.7,927.09,452.61,0.32804957599478146,2025,9,Sep,2025-09
4965,2024-08-16,C1529,East,Electronics,Laptop,7,620.08,0.0,4340.56,3020.4,1320.16,0.30414508726984535,2024,8,Aug,2024-08
4966,2025-02-07,C1233,North,Furniture,Desk,5,261.19,0.05,1240.65,952.28,288.37,0.2324346108894531,2025,2,Feb,2025-02
4967,2025-10-20,C1072,North,Office Supplies,Pen Set,4,10.08,0.0,40.32,30.98,9.34,0.23164682539682538,2025,10,Oct,2025-10
4968,2025-01-31,C1523,East,Electronics,Headphones,4,87.07,0.0,348.28,235.96,112.32,0.32249913862409557,2025,1,Jan,2025-01
4969,2025-12-06,C1339,South,Accessories,Mouse,5,24.72,0.15,105.06,92.99,12.07,0.11488673139158576,2025,12,Dec,2025-12
4970,2024-03-20,C1462,East,Accessories,Keyboard,4,33.33,0.15,113.32,102.93,10.39,0.09168725732439112,2024,3,Mar,2024-03
4971,2024-04-01,C1436,East,Electronics,Headphones,6,92.2,0.05,525.54,436.18,89.36,0.17003463104616207,2024,4,Apr,2024-04
4972,2025-01-19,C1385,Central,Accessories,Keyboard,7,36.77,0.0,257.39,200.51,56.88,0.2209876063561133,2025,1,Jan,2025-01
4973,2025-06-24,C1534,East,Furniture,Office Chair,5,185.6,0.05,881.6,675.29,206.31,0.2340176950998185,2025,6,Jun,2025-06
4974,2025-06-06,C1321,North,Furniture,Office Chair,3,165.88,0.0,497.64,359.28,138.36,0.27803231251507116,2025,6,Jun,2025-06
4975,2025-03-16,C1515,East,Office Supplies,Printer Paper,2,13.11,0.05,24.91,20.47,4.44,0.17824167001204336,2025,3,Mar,2025-03
4976,2024-08-24,C1310,South,Furniture,Table Lamp,6,56.23,0.0,337.38,239.42,97.96,0.2903550892169067,2024,8,Aug,2024-08
4977,2025-11-29,C1495,Central,Furniture,Office Chair,1,166.81,0.0,166.81,112.87,53.94,0.3233619087584677,2025,11,Nov,2025-11
4978,2025-02-13,C1397,Central,Electronics,Headphones,4,85.06,0.05,323.23,252.54,70.69,0.21869875939733316,2025,2,Feb,2025-02
4979,2025-03-01,C1497,East,Furniture,Bookshelf,1,141.15,0.0,141.15,85.72,55.43,0.3927027984413744,2025,3,Mar,2025-03
4980,2024-04-03,C1281,East,Office Supplies,Stapler,5,15.14,0.15,64.34,50.01,14.33,0.2227230338824992,2024,4,Apr,2024-04
4981,2024-04-22,C1015,South,Electronics,Laptop,4,613.92,0.05,2332.9,1550.78,782.12,0.33525654764456253,2024,4,Apr,2024-04
4982,2025-10-01,C1532,East,Accessories,Mouse,5,25.44,0.05,120.84,81.31,39.53,0.3271267792121814,2025,10,Oct,2025-10
4983,2025-02-06,C1208,South,Office Supplies,Printer Paper,1,11.22,0.0,11.22,6.63,4.59,0.40909090909090906,2025,2,Feb,2025-02
4984,2025-07-02,C1106,West,Accessories,USB Hub,5,31.58,0.2,126.32,97.54,28.78,0.22783407219759344,2025,7,Jul,2025-07
4985,2024-07-27,C1477,North,Electronics,Monitor,2,239.69,0.1,431.44,302.86,128.58,0.29802521787502323,2024,7,Jul,2024-07
4986,2024-09-13,C1070,South,Furniture,Bookshelf,3,140.28,0.1,378.76,319.85,58.91,0.15553384729116063,2024,9,Sep,2024-09
4987,2025-03-30,C1146,Central,Furniture,Office Chair,5,184.86,0.15,785.66,678.33,107.33,0.13661125677774102,2025,3,Mar,2025-03
4988,2025-09-16,C1002,North,Furniture,Table Lamp,3,55.46,0.0,166.38,103.51,62.87,0.37786993629041954,2025,9,Sep,2025-09
4989,2025-12-14,C1102,North,Accessories,Keyboard,4,36.17,0.0,144.68,105.07,39.61,0.2737766104506497,2025,12,Dec,2025-12
4990,2025-10-09,C1532,East,Electronics,Laptop,6,613.46,0.05,3496.72,2495.82,1000.9,0.28623967603925965,2025,10,Oct,2025-10
4991,2024-11-03,C1459,West,Electronics,Smartphone,4,467.97,0.05,1778.29,1360.95,417.34,0.23468613105848876,2024,11,Nov,2024-11
4992,2025-05-28,C1128,West,Office Supplies,Pen Set,6,9.06,0.0,54.36,39.84,14.52,0.2671081677704194,2025,5,May,2025-05
4993,2025-06-14,C1232,East,Furniture,Office Chair,3,178.55,0.05,508.87,390.91,117.96,0.23180773085463868,2025,6,Jun,2025-06
4994,2025-07-21,C1177,West,Office Supplies,Stapler,5,14.76,0.05,70.11,58.91,11.2,0.15974896591071172,2025,7,Jul,2025-07
4995,2024-02-21,C1578,North,Furniture,Bookshelf,6,151.17,0.15,770.97,538.43,232.54,0.3016200370961256,2024,2,Feb,2024-02
4996,2025-03-02,C1543,South,Furniture,Office Chair,3,195.83,0.15,499.37,409.0,90.37,0.1809680197048281,2025,3,Mar,2025-03
4997,2024-10-03,C1318,East,Electronics,Smartphone,5,436.71,0.05,2074.37,1277.27,797.1,0.3842612455829963,2024,10,Oct,2024-10
4998,2024-11-23,C1476,South,Furniture,Table Lamp,6,50.36,0.05,287.05,215.28,71.77,0.2500261278522905,2024,11,Nov,2024-11
4999,2025-03-31,C1472,Central,Electronics,Smartphone,2,453.34,0.05,861.35,638.55,222.8,0.2586637255471063,2025,3,Mar,2025-03
5000,2024-05-19,C1491,West,Electronics,Monitor,3,216.19,0.15,551.28,376.81,174.47,0.31648164272239154,2024,5,May,2024-05
